{"type":"FeatureCollection","features":[{"type":"Feature","id":"areas_de_fabricacion_y_procesamiento_AC070.93","geometry":{"type":"MultiPolygon","coordinates":[[[[-58.24984241,-34.78646789],[-58.24786943,-34.78549845],[-58.2471459,-34.78640016],[-58.24910571,-34.78745323],[-58.24984241,-34.78646789]]]]},"geometry_name":"geom","properties":{"gid":93,"nombre_geografico":null,"autoridad_de_fuente":"IGN","fuente_de_captura":"IGN"},"bbox":[-58.24984241,-34.78745323,-58.2471459,-34.78549845]},{"type":"Feature","id":"areas_de_fabricacion_y_procesamiento_AC070.94","geometry":{"type":"MultiPolygon","coordinates":[[[[-58.24411794,-34.78666782],[-58.24601932,-34.78768218],[-58.24773701,-34.78542168],[-58.24584942,-34.78445728],[-58.24411794,-34.78666782]]]]},"geometry_name":"geom","properties":{"gid":94,"nombre_geografico":null,"autoridad_de_fuente":"IGN","fuente_de_captura":"IGN"},"bbox":[-58.24773701,-34.78768218,-58.24411794,-34.78445728]},{"type":"Feature","id":"areas_de_fabricacion_y_procesamiento_AC070.41","geometry":{"type":"MultiPolygon","coordinates":[[[[-69.06285144,-37.29447964],[-69.06283801,-37.29456308],[-69.06280539,-37.29476567],[-69.0627221,-37.2950804],[-69.06266535,-37.29522389],[-69.06249579,-37.29565268],[-69.06171279,-37.2973296],[-69.06178969,-37.29737722],[-69.06190907,-37.29739146],[-69.06238284,-37.29739352],[-69.06451853,-37.29740273],[-69.06454727,-37.29740286],[-69.06454711,-37.29882306],[-69.06970103,-37.29869457],[-69.06980096,-37.29428304],[-69.07198531,-37.29414028],[-69.07221374,-37.29185599],[-69.06967826,-37.29185421],[-69.06967826,-37.2912603],[-69.06687621,-37.2912603],[-69.06582544,-37.29183898],[-69.0657493,-37.29444306],[-69.06285144,-37.29447964]]]]},"geometry_name":"geom","properties":{"gid":41,"nombre_geografico":"Planta de Bombeo Puesto Hernández","autoridad_de_fuente":"IGN","fuente_de_captura":"Esri-world_imagery-2010IGN Dirección de Geografía/IGN04"},"bbox":[-69.07221374,-37.29882306,-69.06171279,-37.2912603]},{"type":"Feature","id":"areas_de_fabricacion_y_procesamiento_AC070.25","geometry":{"type":"MultiPolygon","coordinates":[[[[-68.42324274,-39],[-68.42701289,-39.00037762],[-68.42707659,-39],[-68.425,-39],[-68.42324274,-39]]]]},"geometry_name":"geom","properties":{"gid":25,"nombre_geografico":"Parque Industrial Senillosa","autoridad_de_fuente":"IGN","fuente_de_captura":"COPADE / Provincia / Imagery"},"bbox":[-68.42707659,-39.00037762,-68.42324274,-39]},{"type":"Feature","id":"areas_de_fabricacion_y_procesamiento_AC070.26","geometry":{"type":"MultiPolygon","coordinates":[[[[-66.65710744,-23.26570117],[-66.65610807,-23.26441626],[-66.65476367,-23.2629053],[-66.65048064,-23.26566548],[-66.65274113,-23.26849704],[-66.65710744,-23.26570117]]]]},"geometry_name":"geom","properties":{"gid":26,"nombre_geografico":"Planta Compresora Rosario","autoridad_de_fuente":"IGN","fuente_de_captura":"Esri-World_Imagery 2010/IGN04/Secretaría d Energía"},"bbox":[-66.65710744,-23.26849704,-66.65048064,-23.2629053]},{"type":"Feature","id":"areas_de_fabricacion_y_procesamiento_AC070.45","geometry":{"type":"MultiPolygon","coordinates":[[[[-69.35952606,-39.46805704],[-69.35943559,-39.46750025],[-69.35890735,-39.46434509],[-69.35697998,-39.4644593],[-69.35723697,-39.46642949],[-69.35503834,-39.46657226],[-69.35448155,-39.46665792],[-69.35393903,-39.46671503],[-69.35381054,-39.46675786],[-69.3534679,-39.46687207],[-69.35333941,-39.46695773],[-69.35325375,-39.46711478],[-69.35323947,-39.4672861],[-69.3532252,-39.4674717],[-69.35323947,-39.46770013],[-69.35323947,-39.46784289],[-69.35332907,-39.4683762],[-69.35952606,-39.46805704]]]]},"geometry_name":"geom","properties":{"gid":45,"nombre_geografico":null,"autoridad_de_fuente":"IGN","fuente_de_captura":"Esri-world_imagery-2010"},"bbox":[-69.35952606,-39.4683762,-69.3532252,-39.46434509]},{"type":"Feature","id":"areas_de_fabricacion_y_procesamiento_AC070.21","geometry":{"type":"MultiPolygon","coordinates":[[[[-68.1843659,-38.70249379],[-68.17706571,-38.70248427],[-68.17710378,-38.70405472],[-68.17987348,-38.70402616],[-68.1807396,-38.70472097],[-68.18098899,-38.70468303],[-68.1843659,-38.70249379]]]]},"geometry_name":"geom","properties":{"gid":21,"nombre_geografico":null,"autoridad_de_fuente":"IGN","fuente_de_captura":"Esri-World_Imagery"},"bbox":[-68.1843659,-38.70472097,-68.17706571,-38.70248427]},{"type":"Feature","id":"areas_de_fabricacion_y_procesamiento_AC070.27","geometry":{"type":"MultiPolygon","coordinates":[[[[-64.96773012,-24.31437128],[-64.96949827,-24.31692332],[-64.97017504,-24.31655338],[-64.97029669,-24.31672581],[-64.97038684,-24.31685362],[-64.97052739,-24.31705284],[-64.97056806,-24.3171105],[-64.97057837,-24.31710505],[-64.97058096,-24.31710368],[-64.97141829,-24.31665418],[-64.97125786,-24.31636719],[-64.97229177,-24.31580405],[-64.97107842,-24.31375947],[-64.97094671,-24.3135257],[-64.97062636,-24.31295708],[-64.97046521,-24.31267106],[-64.97040222,-24.31260956],[-64.97031547,-24.31252485],[-64.97013527,-24.31254075],[-64.97009443,-24.31254435],[-64.96999047,-24.31260656],[-64.96999023,-24.3126067],[-64.96998961,-24.31260707],[-64.96819418,-24.3136815],[-64.9681306,-24.3137176],[-64.96794818,-24.3138212],[-64.96794201,-24.31384323],[-64.9679054,-24.31397391],[-64.96805514,-24.31420458],[-64.96773012,-24.31437128]]]]},"geometry_name":"geom","properties":{"gid":27,"nombre_geografico":"Ingenio Río Grande S.A.","autoridad_de_fuente":"IGN","fuente_de_captura":"IGN03/IGN04"},"bbox":[-64.97229177,-24.3171105,-64.96773012,-24.31252485]},{"type":"Feature","id":"areas_de_fabricacion_y_procesamiento_AC070.54","geometry":{"type":"MultiPolygon","coordinates":[[[[-69.23587128,-37.46993932],[-69.23588403,-37.46923604],[-69.23441844,-37.46922703],[-69.23436074,-37.46990657],[-69.23587128,-37.46993932]]]]},"geometry_name":"geom","properties":{"gid":54,"nombre_geografico":null,"autoridad_de_fuente":"IGN","fuente_de_captura":"ESRI-World_Imagery-2010"},"bbox":[-69.23588403,-37.46993932,-69.23436074,-37.46922703]},{"type":"Feature","id":"areas_de_fabricacion_y_procesamiento_AC070.44","geometry":{"type":"MultiPolygon","coordinates":[[[[-68.17889389,-37.65883255],[-68.17831344,-37.6584471],[-68.17734441,-37.65931043],[-68.17790179,-37.65974936],[-68.17889389,-37.65883255]]]]},"geometry_name":"geom","properties":{"gid":44,"nombre_geografico":"Planta Inyección de agua dulce.","autoridad_de_fuente":"IGN","fuente_de_captura":"ENERGAS"},"bbox":[-68.17889389,-37.65974936,-68.17734441,-37.6584471]},{"type":"Feature","id":"areas_de_fabricacion_y_procesamiento_AC070.95","geometry":{"type":"MultiPolygon","coordinates":[[[[-58.23659703,-34.78248098],[-58.23489372,-34.78455874],[-58.23630384,-34.78530279],[-58.23800121,-34.78321553],[-58.23659703,-34.78248098]]]]},"geometry_name":"geom","properties":{"gid":95,"nombre_geografico":null,"autoridad_de_fuente":"IGN","fuente_de_captura":"IGN"},"bbox":[-58.23800121,-34.78530279,-58.23489372,-34.78248098]},{"type":"Feature","id":"areas_de_fabricacion_y_procesamiento_AC070.13","geometry":{"type":"MultiPolygon","coordinates":[[[[-68.41308658,-38.98918282],[-68.41280131,-38.98939644],[-68.41251604,-38.98961006],[-68.41223077,-38.98982368],[-68.4119455,-38.9900373],[-68.41166023,-38.99025092],[-68.41137496,-38.99046454],[-68.41108969,-38.99067816],[-68.41080442,-38.99089178],[-68.41051915,-38.9911054],[-68.41023388,-38.99131902],[-68.40995651,-38.99154196],[-68.40967914,-38.99176489],[-68.40940177,-38.99198783],[-68.4091244,-38.99221076],[-68.40884703,-38.9924337],[-68.40856966,-38.99265663],[-68.40829229,-38.99287957],[-68.40801492,-38.9931025],[-68.40773755,-38.99332544],[-68.40746018,-38.99354837],[-68.40718281,-38.99377131],[-68.40690544,-38.99399424],[-68.40662807,-38.99421718],[-68.40635069,-38.99444011],[-68.40667728,-38.99458823],[-68.40684005,-38.99466206],[-68.40700386,-38.99473635],[-68.40733044,-38.99488447],[-68.40765702,-38.9950326],[-68.4079836,-38.99518072],[-68.40831018,-38.99532884],[-68.40863676,-38.99547696],[-68.40896334,-38.99562508],[-68.40927502,-38.9957687],[-68.4095867,-38.99591231],[-68.40989838,-38.99605592],[-68.41021006,-38.99619954],[-68.41052174,-38.99634315],[-68.41083342,-38.99648676],[-68.4111451,-38.99663038],[-68.41145678,-38.99677399],[-68.41176846,-38.9969176],[-68.41208014,-38.99706121],[-68.41239182,-38.99720483],[-68.41244877,-38.99723107],[-68.41265884,-38.99732786],[-68.4127035,-38.99734844],[-68.41301518,-38.99749205],[-68.41333117,-38.99763387],[-68.41364715,-38.99777568],[-68.41396314,-38.99791749],[-68.41427912,-38.9980593],[-68.41459511,-38.99820112],[-68.4149111,-38.99834293],[-68.41522708,-38.99848474],[-68.41554307,-38.99862655],[-68.41585905,-38.99876837],[-68.41617504,-38.99891018],[-68.41649103,-38.99905199],[-68.41680701,-38.9991938],[-68.417123,-38.99933562],[-68.41743898,-38.99947743],[-68.4177729,-38.99951557],[-68.41810681,-38.99955372],[-68.41844073,-38.99959186],[-68.41877464,-38.99963001],[-68.41910855,-38.99966815],[-68.41944247,-38.9997063],[-68.41979821,-38.99973463],[-68.42015395,-38.99976297],[-68.42020965,-38.9996962],[-68.42046566,-38.99938939],[-68.42062867,-38.9994746],[-68.42125236,-38.99980064],[-68.42144309,-38.99990035],[-68.42207589,-38.99996169],[-68.42247106,-39],[-68.42249961,-39],[-68.42324274,-39],[-68.425,-39],[-68.42707659,-39],[-68.42714703,-39],[-68.42720047,-38.99965223],[-68.42725391,-38.99930445],[-68.42730735,-38.99895668],[-68.42736079,-38.9986089],[-68.4273992,-38.99835895],[-68.42741423,-38.99826113],[-68.42746767,-38.99791336],[-68.42752111,-38.99756558],[-68.42757455,-38.99721781],[-68.42762799,-38.99687003],[-68.42768143,-38.99652226],[-68.4277309,-38.99620217],[-68.42778037,-38.99588208],[-68.42782984,-38.99556198],[-68.42787931,-38.99524189],[-68.42792878,-38.9949218],[-68.42797825,-38.99460171],[-68.42802772,-38.99428161],[-68.42807719,-38.99396152],[-68.4277537,-38.99382031],[-68.4274302,-38.9936791],[-68.42734769,-38.99364309],[-68.42710671,-38.99353789],[-68.42678321,-38.99339668],[-68.42645971,-38.99325548],[-68.42613622,-38.99311427],[-68.42581272,-38.99297306],[-68.42548923,-38.99283185],[-68.42516573,-38.99269064],[-68.42484223,-38.99254943],[-68.42453686,-38.99241731],[-68.42423148,-38.99228519],[-68.4239261,-38.99215307],[-68.42362072,-38.99202095],[-68.42331534,-38.99188883],[-68.42300997,-38.99175671],[-68.42270459,-38.99162459],[-68.42239921,-38.99149247],[-68.42209383,-38.99136035],[-68.42178845,-38.99122822],[-68.42167863,-38.99120889],[-68.42167711,-38.9912711],[-68.42071206,-38.99100687],[-68.42068687,-38.99090443],[-68.42053194,-38.99069154],[-68.42030861,-38.99055207],[-68.4199931,-38.9903834],[-68.4196763,-38.99021717],[-68.41935823,-38.99005338],[-68.4190389,-38.98989205],[-68.41871835,-38.98973318],[-68.41852402,-38.98963836],[-68.4182589,-38.98952541],[-68.41798939,-38.98942341],[-68.41771593,-38.98933251],[-68.41743898,-38.98925289],[-68.4171577,-38.98925177],[-68.41691235,-38.98938933],[-68.41658683,-38.98932596],[-68.41626131,-38.98926258],[-68.41593578,-38.98919921],[-68.41561026,-38.98913583],[-68.41528474,-38.98907246],[-68.41495922,-38.98900908],[-68.41463369,-38.9889457],[-68.41430817,-38.98888233],[-68.41398265,-38.98881895],[-68.41365712,-38.98875558],[-68.41337185,-38.9889692],[-68.41308658,-38.98918282]]]]},"geometry_name":"geom","properties":{"gid":13,"nombre_geografico":"Parque Industrial Senillosa","autoridad_de_fuente":"IGN","fuente_de_captura":"Esri-Word_Imagery/IGN04/Catastro Pcial."},"bbox":[-68.42807719,-39,-68.40635069,-38.98875558]},{"type":"Feature","id":"areas_de_fabricacion_y_procesamiento_AC070.14","geometry":{"type":"MultiPolygon","coordinates":[[[[-68.18384255,-38.72823217],[-68.18311525,-38.7292668],[-68.18190309,-38.72876617],[-68.18123248,-38.72995075],[-68.18115705,-38.730084],[-68.18089361,-38.73054934],[-68.18100573,-38.73072292],[-68.18125217,-38.73125852],[-68.18135201,-38.73152572],[-68.18142846,-38.73180792],[-68.18151408,-38.73215969],[-68.1815432,-38.73241887],[-68.18156939,-38.73279086],[-68.18156593,-38.73309352],[-68.18155614,-38.73323785],[-68.18155236,-38.73329354],[-68.1817177,-38.73334956],[-68.18222908,-38.73353442],[-68.18389693,-38.73118237],[-68.18408086,-38.7310621],[-68.18486004,-38.73077439],[-68.18518944,-38.73070518],[-68.18533703,-38.73069389],[-68.18417055,-38.7298453],[-68.18521159,-38.72858817],[-68.18384255,-38.72823217]]]]},"geometry_name":"geom","properties":{"gid":14,"nombre_geografico":"Parque Industrial Vista Alegre","autoridad_de_fuente":"IGN","fuente_de_captura":"IGN04/IGN Dirección de Geografía"},"bbox":[-68.18533703,-38.73353442,-68.18089361,-38.72823217]},{"type":"Feature","id":"areas_de_fabricacion_y_procesamiento_AC070.15","geometry":{"type":"MultiPolygon","coordinates":[[[[-68.97884194,-38.8207071],[-68.97843506,-38.81942219],[-68.97662178,-38.819954],[-68.9772214,-38.82195275],[-68.97752848,-38.82179927],[-68.97764417,-38.82177817],[-68.9777584,-38.82175021],[-68.97787076,-38.82171549],[-68.97798085,-38.82167413],[-68.97808828,-38.82162628],[-68.97819266,-38.8215721],[-68.97829362,-38.8215118],[-68.97839081,-38.82144559],[-68.97848388,-38.8213737],[-68.9785725,-38.82129639],[-68.97865635,-38.82121392],[-68.97870061,-38.82117765],[-68.97874028,-38.82113639],[-68.97877479,-38.82109074],[-68.97880366,-38.82104132],[-68.97882649,-38.82098884],[-68.97884295,-38.82093402],[-68.97885282,-38.82087765],[-68.97885596,-38.8208205],[-68.97885231,-38.82076339],[-68.97884194,-38.8207071]]]]},"geometry_name":"geom","properties":{"gid":15,"nombre_geografico":"Batería Yacimiento Aguada Baguales","autoridad_de_fuente":"IGN","fuente_de_captura":"Esri-World_Imagery/IGN01"},"bbox":[-68.97885596,-38.82195275,-68.97662178,-38.81942219]},{"type":"Feature","id":"areas_de_fabricacion_y_procesamiento_AC070.22","geometry":{"type":"MultiPolygon","coordinates":[[[[-65.19102328,-24.24224904],[-65.19257859,-24.24569846],[-65.19257889,-24.2456991],[-65.19270846,-24.24597794],[-65.19273171,-24.24602796],[-65.19295627,-24.24651121],[-65.1931707,-24.24698357],[-65.1931711,-24.24698446],[-65.19371184,-24.2481129],[-65.19392352,-24.24859762],[-65.19392645,-24.24860396],[-65.19435679,-24.24953508],[-65.19435711,-24.24953579],[-65.19475919,-24.2504331],[-65.19507545,-24.25116149],[-65.19412538,-24.25150915],[-65.19420332,-24.25168086],[-65.19463264,-24.25260234],[-65.19499867,-24.25341261],[-65.19548989,-24.2532513],[-65.19604073,-24.25447341],[-65.19611049,-24.25445808],[-65.19635374,-24.25440309],[-65.19735419,-24.25417665],[-65.19793869,-24.25404294],[-65.19882173,-24.25384092],[-65.19883745,-24.25383729],[-65.20037226,-24.25347768],[-65.20041336,-24.25338264],[-65.20197831,-24.2530145],[-65.20179263,-24.25247659],[-65.20260933,-24.25211998],[-65.20254471,-24.25203566],[-65.20253207,-24.25201916],[-65.20212018,-24.25133764],[-65.20177241,-24.25074893],[-65.20149674,-24.25030597],[-65.20137168,-24.25009189],[-65.20136834,-24.25008616],[-65.20126255,-24.24990506],[-65.20120876,-24.24981297],[-65.20104018,-24.24954439],[-65.2018717,-24.24908233],[-65.20152685,-24.24853004],[-65.20059407,-24.24693784],[-65.20096478,-24.24675328],[-65.2015126,-24.24648054],[-65.20192507,-24.24655237],[-65.20211125,-24.2465848],[-65.20145393,-24.24497771],[-65.2014422,-24.24498359],[-65.20121127,-24.24444262],[-65.20121088,-24.24444165],[-65.2010061,-24.24393576],[-65.20102406,-24.2439267],[-65.19998728,-24.24139173],[-65.20057637,-24.24143123],[-65.20058197,-24.24138252],[-65.20070666,-24.24131212],[-65.20068168,-24.24122461],[-65.20062371,-24.24115115],[-65.2006012,-24.24105915],[-65.20053232,-24.2408815],[-65.2004884,-24.2407978],[-65.20042834,-24.24071984],[-65.20035175,-24.24054153],[-65.20027233,-24.24048667],[-65.20015665,-24.24047962],[-65.20007549,-24.2404209],[-65.20000348,-24.24034934],[-65.19994306,-24.24027234],[-65.1998619,-24.24021362],[-65.19976061,-24.24020146],[-65.19966337,-24.24023786],[-65.19950801,-24.24036445],[-65.19941705,-24.24041147],[-65.19922714,-24.24048717],[-65.19912188,-24.24051101],[-65.1990386,-24.24056963],[-65.19905654,-24.24066227],[-65.19876585,-24.24078336],[-65.19836906,-24.2410871],[-65.19827359,-24.24112189],[-65.19817431,-24.24113739],[-65.19801751,-24.24112089],[-65.19482854,-24.24060273],[-65.19454927,-24.24053246],[-65.19453862,-24.24052978],[-65.19326653,-24.24095676],[-65.19326337,-24.24145835],[-65.19102328,-24.24224904]]]]},"geometry_name":"geom","properties":{"gid":22,"nombre_geografico":"Aceros Zapla S.A.","autoridad_de_fuente":"IGN","fuente_de_captura":"Esri-World Imagery 2010/IGN04/Portal de la empresa"},"bbox":[-65.20260933,-24.25447341,-65.19102328,-24.24020146]},{"type":"Feature","id":"areas_de_fabricacion_y_procesamiento_AC070.23","geometry":{"type":"MultiPolygon","coordinates":[[[[-68.86077061,-38.04915078],[-68.85995989,-38.04888864],[-68.85988851,-38.04863166],[-68.86007886,-38.04821288],[-68.86068672,-38.04761959],[-68.85983998,-38.04710293],[-68.85925081,-38.04696128],[-68.8588701,-38.04722778],[-68.85854649,-38.04732296],[-68.85801349,-38.04720874],[-68.85768988,-38.0471326],[-68.85569003,-38.04701598],[-68.85273257,-38.04716829],[-68.85203153,-38.0473182],[-68.85146046,-38.04746097],[-68.85086083,-38.0475609],[-68.85086083,-38.04784644],[-68.85089589,-38.04799019],[-68.8510036,-38.04843179],[-68.85136052,-38.04851745],[-68.85144618,-38.04866021],[-68.85164129,-38.04959772],[-68.85162226,-38.05013072],[-68.8514319,-38.05053047],[-68.85105119,-38.05093022],[-68.85098932,-38.0515584],[-68.85098932,-38.05182014],[-68.85141763,-38.05208188],[-68.85167937,-38.05265295],[-68.85191731,-38.05308125],[-68.85255977,-38.0533192],[-68.85345091,-38.05338905],[-68.85411028,-38.05187249],[-68.85710126,-38.05165834],[-68.85904857,-38.05132235],[-68.86032387,-38.05120089],[-68.86294723,-38.05272516],[-68.8635425,-38.0519094],[-68.86244938,-38.05132235],[-68.86117408,-38.05103895],[-68.86054807,-38.05011435],[-68.86077061,-38.04915078]]]]},"geometry_name":"geom","properties":{"gid":23,"nombre_geografico":"Planta Compresora de Gas Aguada San Roque","autoridad_de_fuente":"IGN","fuente_de_captura":"ESRI-World_Imagery 2013/Subsecretaría de Energía, Minería e Hidrocarburos Pcial."},"bbox":[-68.8635425,-38.05338905,-68.85086083,-38.04696128]},{"type":"Feature","id":"areas_de_fabricacion_y_procesamiento_AC070.18","geometry":{"type":"MultiPolygon","coordinates":[[[[-68.22166168,-38.67894922],[-68.22084077,-38.67945604],[-68.21884202,-38.68071954],[-68.21625079,-38.68243989],[-68.21618654,-38.68251841],[-68.21619368,-38.68257551],[-68.21625079,-38.68258265],[-68.22165455,-38.6808623],[-68.22166168,-38.67894922]]]]},"geometry_name":"geom","properties":{"gid":18,"nombre_geografico":null,"autoridad_de_fuente":"IGN","fuente_de_captura":"Esri-world_imagery-2010"},"bbox":[-68.22166168,-38.68258265,-68.21618654,-38.67894922]},{"type":"Feature","id":"areas_de_fabricacion_y_procesamiento_AC070.19","geometry":{"type":"MultiPolygon","coordinates":[[[[-68.22207095,-38.70377397],[-68.2212429,-38.70401192],[-68.22156175,-38.70477335],[-68.22239932,-38.70449257],[-68.22207095,-38.70377397]]]]},"geometry_name":"geom","properties":{"gid":19,"nombre_geografico":null,"autoridad_de_fuente":"IGN","fuente_de_captura":"Esri-World_Imagery"},"bbox":[-68.22239932,-38.70477335,-68.2212429,-38.70377397]},{"type":"Feature","id":"areas_de_fabricacion_y_procesamiento_AC070.16","geometry":{"type":"MultiPolygon","coordinates":[[[[-68.8358866,-38.75936604],[-68.83585705,-38.75945718],[-68.83606643,-38.76098364],[-68.83754408,-38.7608266],[-68.83763688,-38.76101933],[-68.83839355,-38.76092653],[-68.83868419,-38.76082273],[-68.83902832,-38.76023568],[-68.83923075,-38.75958791],[-68.83906881,-38.75881868],[-68.83868419,-38.75806969],[-68.83838055,-38.75796847],[-68.83773278,-38.7580292],[-68.83704452,-38.75821139],[-68.83657893,-38.75863649],[-68.83615383,-38.75904135],[-68.8358866,-38.75936604]]]]},"geometry_name":"geom","properties":{"gid":16,"nombre_geografico":"Planta de Inyección Yacimiento Aguada Toledo","autoridad_de_fuente":"IGN","fuente_de_captura":"Esri-World_Imagery/IGN01"},"bbox":[-68.83923075,-38.76101933,-68.83585705,-38.75796847]},{"type":"Feature","id":"areas_de_fabricacion_y_procesamiento_AC070.17","geometry":{"type":"MultiPolygon","coordinates":[[[[-68.86105514,-38.75249928],[-68.86013845,-38.75258636],[-68.86020508,-38.75323358],[-68.86110749,-38.75311793],[-68.86105514,-38.75249928]]]]},"geometry_name":"geom","properties":{"gid":17,"nombre_geografico":"Batería Aguada Toledo N° 2","autoridad_de_fuente":"IGN","fuente_de_captura":"Esri-World_Imagery/Open Street View"},"bbox":[-68.86110749,-38.75323358,-68.86013845,-38.75249928]},{"type":"Feature","id":"areas_de_fabricacion_y_procesamiento_AC070.20","geometry":{"type":"MultiPolygon","coordinates":[[[[-68.19786001,-38.70774736],[-68.19693203,-38.70774141],[-68.19689633,-38.70863965],[-68.19782432,-38.70859801],[-68.19786001,-38.70774736]]]]},"geometry_name":"geom","properties":{"gid":20,"nombre_geografico":null,"autoridad_de_fuente":"IGN","fuente_de_captura":"Esri-World_Imagery"},"bbox":[-68.19786001,-38.70863965,-68.19689633,-38.70774141]},{"type":"Feature","id":"areas_de_fabricacion_y_procesamiento_AC070.96","geometry":{"type":"MultiPolygon","coordinates":[[[[-58.23648955,-34.78564074],[-58.23481403,-34.7847396],[-58.23227375,-34.78788348],[-58.23401443,-34.78878995],[-58.23648955,-34.78564074]]]]},"geometry_name":"geom","properties":{"gid":96,"nombre_geografico":null,"autoridad_de_fuente":"IGN","fuente_de_captura":"IGN"},"bbox":[-58.23648955,-34.78878995,-58.23227375,-34.7847396]},{"type":"Feature","id":"areas_de_fabricacion_y_procesamiento_AC070.28","geometry":{"type":"MultiPolygon","coordinates":[[[[-65.37110438,-24.17546306],[-65.37119791,-24.17550286],[-65.37123699,-24.17549944],[-65.37129956,-24.17548178],[-65.37143247,-24.17545725],[-65.371542,-24.17542187],[-65.37153449,-24.17536093],[-65.3714881,-24.175264],[-65.37144547,-24.17519574],[-65.37139503,-24.17512746],[-65.37136009,-24.17508432],[-65.37134484,-24.17500901],[-65.37137235,-24.17497329],[-65.37148201,-24.17491283],[-65.37154485,-24.17484143],[-65.37159602,-24.17475923],[-65.37160819,-24.17466612],[-65.37158121,-24.17459435],[-65.37155802,-24.17454409],[-65.37150765,-24.17446148],[-65.3714534,-24.17437526],[-65.37138364,-24.1742639],[-65.37131755,-24.17420271],[-65.37127879,-24.17414164],[-65.3711932,-24.17407321],[-65.3711153,-24.17402989],[-65.37103734,-24.17400091],[-65.37095543,-24.17397907],[-65.37086954,-24.17397155],[-65.37078362,-24.1739712],[-65.37064686,-24.17398497],[-65.37054127,-24.17401319],[-65.37047081,-24.17404515],[-65.37038866,-24.17407348],[-65.37023965,-24.17419468],[-65.37015338,-24.17426599],[-65.37008289,-24.17430511],[-65.37009821,-24.17436608],[-65.37012525,-24.17442711],[-65.37017952,-24.17450974],[-65.37022994,-24.17458161],[-65.37028805,-24.17467859],[-65.37029921,-24.1747933],[-65.37038856,-24.17489041],[-65.3704822,-24.17490871],[-65.37051341,-24.174916],[-65.37057569,-24.17495926],[-65.37066896,-24.1750528],[-65.37078966,-24.17512854],[-65.37092977,-24.17522945],[-65.37102294,-24.17534449],[-65.37110438,-24.17546306]]]]},"geometry_name":"geom","properties":{"gid":28,"nombre_geografico":null,"autoridad_de_fuente":"IGN","fuente_de_captura":"IGN03"},"bbox":[-65.37160819,-24.17550286,-65.37008289,-24.1739712]},{"type":"Feature","id":"areas_de_fabricacion_y_procesamiento_AC070.32","geometry":{"type":"MultiPolygon","coordinates":[[[[-65.39068106,-24.17255589],[-65.39073279,-24.17229769],[-65.39079867,-24.17213075],[-65.39066968,-24.17187942],[-65.39048794,-24.1717712],[-65.39041079,-24.17156785],[-65.39026788,-24.17150756],[-65.39003378,-24.17145885],[-65.38974756,-24.17142188],[-65.38953932,-24.1714091],[-65.3893569,-24.1714442],[-65.38916589,-24.17161058],[-65.38936299,-24.1717738],[-65.38949797,-24.17186033],[-65.38961225,-24.17191812],[-65.38977852,-24.17199522],[-65.38989285,-24.17204345],[-65.39000709,-24.17211079],[-65.3900276,-24.17217776],[-65.39008468,-24.17231358],[-65.39016145,-24.17250316],[-65.39029656,-24.17256102],[-65.39068106,-24.17255589]]]]},"geometry_name":"geom","properties":{"gid":32,"nombre_geografico":null,"autoridad_de_fuente":"IGN","fuente_de_captura":"IGN03"},"bbox":[-65.39079867,-24.17256102,-65.38916589,-24.1714091]},{"type":"Feature","id":"areas_de_fabricacion_y_procesamiento_AC070.33","geometry":{"type":"MultiPolygon","coordinates":[[[[-65.391527,-24.17227698],[-65.39148721,-24.17243208],[-65.39148631,-24.17262317],[-65.39156362,-24.17279069],[-65.39167999,-24.17295837],[-65.3917572,-24.17314977],[-65.39195196,-24.17325804],[-65.39219942,-24.17323514],[-65.39236905,-24.17315221],[-65.39259076,-24.17306949],[-65.39261747,-24.17292627],[-65.39260519,-24.17277096],[-65.3927618,-24.17268798],[-65.39290489,-24.17271243],[-65.39307373,-24.17279671],[-65.39322995,-24.17279733],[-65.39333432,-24.17274997],[-65.39351657,-24.1727507],[-65.39372452,-24.17282318],[-65.39398489,-24.17282422],[-65.39402467,-24.17266911],[-65.39403842,-24.1725139],[-65.39396111,-24.17234639],[-65.39376612,-24.17228589],[-65.39350581,-24.17227291],[-65.39340161,-24.17228444],[-65.39332384,-24.17221247],[-65.39320747,-24.1720448],[-65.39296091,-24.17187661],[-65.39276587,-24.17182806],[-65.3926615,-24.17187542],[-65.39258209,-24.1721498],[-65.39239882,-24.17236406],[-65.39221634,-24.1724111],[-65.39202118,-24.17238644],[-65.3917482,-24.17230175],[-65.39170914,-24.17230159],[-65.391527,-24.17227698]]]]},"geometry_name":"geom","properties":{"gid":33,"nombre_geografico":null,"autoridad_de_fuente":"IGN","fuente_de_captura":"IGN03"},"bbox":[-65.39403842,-24.17325804,-65.39148631,-24.17182806]},{"type":"Feature","id":"areas_de_fabricacion_y_procesamiento_AC070.43","geometry":{"type":"MultiPolygon","coordinates":[[[[-68.28223674,-37.47484815],[-68.28124919,-37.47489936],[-68.28136002,-37.47769394],[-68.28248547,-37.47761496],[-68.2824495,-37.47574578],[-68.28223432,-37.47572659],[-68.28223674,-37.47484815]]]]},"geometry_name":"geom","properties":{"gid":43,"nombre_geografico":null,"autoridad_de_fuente":"IGN","fuente_de_captura":"ESRI-World_Imagery-2010"},"bbox":[-68.28248547,-37.47769394,-68.28124919,-37.47484815]},{"type":"Feature","id":"areas_de_fabricacion_y_procesamiento_AC070.46","geometry":{"type":"MultiPolygon","coordinates":[[[[-69.37406263,-39.57646922],[-69.3713786,-39.57405168],[-69.36831385,-39.57624079],[-69.37100665,-39.57870369],[-69.37406263,-39.57646922]]]]},"geometry_name":"geom","properties":{"gid":46,"nombre_geografico":"Planta Compresora de Gas Picún Leufú","autoridad_de_fuente":"IGN","fuente_de_captura":"Esri-world_imagery-2010/IGN04/Subsecretaría de Energía, Minería e Hidrocarburos Pcial."},"bbox":[-69.37406263,-39.57870369,-69.36831385,-39.57405168]},{"type":"Feature","id":"areas_de_fabricacion_y_procesamiento_AC070.47","geometry":{"type":"MultiPolygon","coordinates":[[[[-64.78548094,-23.82376535],[-64.78564084,-23.82425348],[-64.78580775,-23.82476299],[-64.78599524,-23.82500288],[-64.78615653,-23.8251765],[-64.78648352,-23.82540069],[-64.7858363,-23.82690737],[-64.78537533,-23.82720173],[-64.78542231,-23.82728004],[-64.78548538,-23.82752323],[-64.78558566,-23.82790997],[-64.78567761,-23.82823848],[-64.78576064,-23.82853511],[-64.78584563,-23.82883873],[-64.78591992,-23.82910414],[-64.78601465,-23.82944257],[-64.78601295,-23.82944301],[-64.78612587,-23.82983992],[-64.78636969,-23.8297374],[-64.78675893,-23.82968744],[-64.78699635,-23.82965696],[-64.78754971,-23.82950494],[-64.78770337,-23.83022083],[-64.78848233,-23.83008964],[-64.79085638,-23.82963723],[-64.79107239,-23.82979324],[-64.79129237,-23.82995212],[-64.79132171,-23.8299733],[-64.7913628,-23.829987],[-64.79147682,-23.83002501],[-64.79160242,-23.83004784],[-64.79166639,-23.83005948],[-64.79184731,-23.83004265],[-64.79203694,-23.83002501],[-64.79258749,-23.8301018],[-64.79255936,-23.82982458],[-64.79253124,-23.82954737],[-64.79252812,-23.82951659],[-64.79255397,-23.82944765],[-64.79290336,-23.82920456],[-64.79324225,-23.82895667],[-64.7934042,-23.82883009],[-64.79366296,-23.82851655],[-64.79397675,-23.82793929],[-64.79416325,-23.82782383],[-64.79474268,-23.82816492],[-64.79489748,-23.82825604],[-64.79492142,-23.82826729],[-64.79500792,-23.82830793],[-64.79506379,-23.82832754],[-64.79527338,-23.8284011],[-64.79547565,-23.82852767],[-64.79549896,-23.82853862],[-64.79547446,-23.82860721],[-64.79535298,-23.82894735],[-64.79608243,-23.82915802],[-64.79579792,-23.83007276],[-64.79710781,-23.83049155],[-64.79764795,-23.83091747],[-64.79839748,-23.83113757],[-64.79907325,-23.82923043],[-64.79771933,-23.82884437],[-64.79806717,-23.82788279],[-64.79830136,-23.82691741],[-64.79727863,-23.82736783],[-64.79712828,-23.82694448],[-64.79416173,-23.82482551],[-64.79377692,-23.82455505],[-64.79420558,-23.82392379],[-64.79428446,-23.82380762],[-64.79429172,-23.82379693],[-64.79420848,-23.82374077],[-64.79401162,-23.82360793],[-64.79324982,-23.82309391],[-64.79232767,-23.82405327],[-64.79200295,-23.8240255],[-64.79174678,-23.8240036],[-64.79121529,-23.8239358],[-64.79081882,-23.8238609],[-64.79080472,-23.82385824],[-64.79083793,-23.82366844],[-64.79036442,-23.8227241],[-64.78904626,-23.82172583],[-64.78939016,-23.82135796],[-64.78945002,-23.82129393],[-64.78948164,-23.82126043],[-64.78946755,-23.82123326],[-64.78943841,-23.82117705],[-64.78934405,-23.82100017],[-64.78889822,-23.82066387],[-64.7888045,-23.82060352],[-64.78837757,-23.82028961],[-64.78832387,-23.82029408],[-64.78819528,-23.8203048],[-64.78803493,-23.82031816],[-64.78794459,-23.82042178],[-64.78771132,-23.82068936],[-64.78740675,-23.82077502],[-64.78714328,-23.82100809],[-64.78691182,-23.82121284],[-64.78635027,-23.82134609],[-64.78615643,-23.82154613],[-64.78579582,-23.82191828],[-64.78555105,-23.82217088],[-64.78522548,-23.82250687],[-64.78516054,-23.82257389],[-64.78517006,-23.8227928],[-64.78528167,-23.82314303],[-64.78548094,-23.82376535]]]]},"geometry_name":"geom","properties":{"gid":47,"nombre_geografico":"Complejo Agroindustrial Ledesma","autoridad_de_fuente":"IGN","fuente_de_captura":"Esri-World Imagery 2010/IGN04/Portal de la empresa"},"bbox":[-64.79907325,-23.83113757,-64.78516054,-23.82028961]},{"type":"Feature","id":"areas_de_fabricacion_y_procesamiento_AC070.48","geometry":{"type":"MultiPolygon","coordinates":[[[[-64.9587738,-24.48738682],[-64.95685783,-24.48712255],[-64.95507399,-24.49046999],[-64.9547877,-24.49229788],[-64.95417106,-24.49359721],[-64.9547877,-24.49392755],[-64.9557567,-24.49357519],[-64.95736435,-24.49293653],[-64.95936842,-24.49291451],[-64.95965471,-24.49024977],[-64.9583774,-24.49016168],[-64.9587738,-24.48738682]]]]},"geometry_name":"geom","properties":{"gid":48,"nombre_geografico":"Holcim (Argentina) S.A.","autoridad_de_fuente":"IGN","fuente_de_captura":"Esri-World Imagery 2010/IGN04/Página de la empresa"},"bbox":[-64.95965471,-24.49392755,-64.95417106,-24.48712255]},{"type":"Feature","id":"areas_de_fabricacion_y_procesamiento_AC070.49","geometry":{"type":"MultiPolygon","coordinates":[[[[-64.56324564,-23.67609391],[-64.56306242,-23.67575365],[-64.5627174,-23.67515641],[-64.56255772,-23.67523666],[-64.5619988,-23.6754467],[-64.56190363,-23.67550381],[-64.56241108,-23.67654457],[-64.56247053,-23.67666648],[-64.56345503,-23.67854476],[-64.56433068,-23.6781117],[-64.56401183,-23.67760725],[-64.56401659,-23.67728364],[-64.56324564,-23.67609391]]]]},"geometry_name":"geom","properties":{"gid":49,"nombre_geografico":"Planta de Almacenaje y Bombeo Caimancito","autoridad_de_fuente":"IGN","fuente_de_captura":"Esri-World Imagery 2010/IGN01"},"bbox":[-64.56433068,-23.67854476,-64.56190363,-23.67515641]},{"type":"Feature","id":"areas_de_fabricacion_y_procesamiento_AC070.50","geometry":{"type":"MultiPolygon","coordinates":[[[[-69.29035508,-37.37769369],[-69.28810859,-37.37768012],[-69.28823134,-37.37853327],[-69.28858467,-37.37874697],[-69.28853983,-37.37951948],[-69.29040404,-37.37954352],[-69.29035508,-37.37769369]]]]},"geometry_name":"geom","properties":{"gid":50,"nombre_geografico":null,"autoridad_de_fuente":"IGN","fuente_de_captura":"ESRI-World_Imagery-2010"},"bbox":[-69.29040404,-37.37954352,-69.28810859,-37.37768012]},{"type":"Feature","id":"areas_de_fabricacion_y_procesamiento_AC070.51","geometry":{"type":"MultiPolygon","coordinates":[[[[-69.24476282,-37.37189256],[-69.24192669,-37.37238711],[-69.24212966,-37.37280388],[-69.24259243,-37.37273142],[-69.24279617,-37.37338659],[-69.24500578,-37.37295392],[-69.24476282,-37.37189256]]]]},"geometry_name":"geom","properties":{"gid":51,"nombre_geografico":null,"autoridad_de_fuente":"IGN","fuente_de_captura":"ESRI-World_Imagery-2010"},"bbox":[-69.24500578,-37.37338659,-69.24192669,-37.37189256]},{"type":"Feature","id":"areas_de_fabricacion_y_procesamiento_AC070.52","geometry":{"type":"MultiPolygon","coordinates":[[[[-69.24247594,-37.371343],[-69.24211499,-37.37056299],[-69.24177914,-37.37062327],[-69.2415535,-37.37011714],[-69.2400091,-37.3705494],[-69.2403257,-37.3714785],[-69.24138658,-37.37162534],[-69.24247594,-37.371343]]]]},"geometry_name":"geom","properties":{"gid":52,"nombre_geografico":null,"autoridad_de_fuente":"IGN","fuente_de_captura":"ESRI-World_Imagery-2010"},"bbox":[-69.24247594,-37.37162534,-69.2400091,-37.37011714]},{"type":"Feature","id":"areas_de_fabricacion_y_procesamiento_AC070.53","geometry":{"type":"MultiPolygon","coordinates":[[[[-69.12299624,-37.41485083],[-69.12101771,-37.41487671],[-69.12099428,-37.41517712],[-69.1207791,-37.4151821],[-69.12074368,-37.41546345],[-69.12100076,-37.41548702],[-69.12101319,-37.41578262],[-69.12149739,-37.41579166],[-69.12148577,-37.41600146],[-69.12299808,-37.41597606],[-69.12299624,-37.41485083]]]]},"geometry_name":"geom","properties":{"gid":53,"nombre_geografico":null,"autoridad_de_fuente":"IGN","fuente_de_captura":"ESRI-World_Imagery-2010"},"bbox":[-69.12299808,-37.41600146,-69.12074368,-37.41485083]},{"type":"Feature","id":"areas_de_fabricacion_y_procesamiento_AC070.29","geometry":{"type":"MultiPolygon","coordinates":[[[[-65.37441382,-24.17135905],[-65.3743617,-24.17136839],[-65.37432525,-24.17136824],[-65.37423145,-24.17138219],[-65.37416357,-24.17142013],[-65.37413004,-24.17150181],[-65.37407419,-24.17159652],[-65.3739491,-24.1716199],[-65.37387613,-24.17163393],[-65.37373039,-24.171619],[-65.37362129,-24.17156839],[-65.37354308,-24.17158957],[-65.37340227,-24.17163198],[-65.37336311,-24.17165332],[-65.37332367,-24.17173199],[-65.37332322,-24.17182514],[-65.37326038,-24.17189655],[-65.37315877,-24.17191046],[-65.3730572,-24.17191721],[-65.37301023,-24.17193851],[-65.37293187,-24.17198835],[-65.37290039,-24.17203839],[-65.37285352,-24.17203819],[-65.37281447,-24.17203803],[-65.37258014,-24.17203707],[-65.37244729,-24.17205086],[-65.3723847,-24.1720721],[-65.3722986,-24.17210757],[-65.3722283,-24.17210728],[-65.37204859,-24.17212088],[-65.37194705,-24.17212046],[-65.37173605,-24.17214109],[-65.37155619,-24.17218334],[-65.37143868,-24.17225452],[-65.37136011,-24.17234735],[-65.37128207,-24.1723327],[-65.37118834,-24.17233231],[-65.37110235,-24.17234629],[-65.37105549,-24.1723461],[-65.37093833,-24.17234561],[-65.37089931,-24.17233829],[-65.37071983,-24.17230172],[-65.37065735,-24.17230146],[-65.37047759,-24.17232221],[-65.37033668,-24.17238613],[-65.37023472,-24.1724717],[-65.37019528,-24.17255036],[-65.37002302,-24.17263565],[-65.36986655,-24.17268516],[-65.36967899,-24.17270588],[-65.3695227,-24.17271957],[-65.3693509,-24.17271169],[-65.36920249,-24.17271108],[-65.36905433,-24.17266031],[-65.36884351,-24.1726451],[-65.36874978,-24.17264471],[-65.36864824,-24.17264429],[-65.36839045,-24.17265039],[-65.36827335,-24.17263557],[-65.36808589,-24.1726348],[-65.36786719,-24.17263389],[-65.36771104,-24.17261891],[-65.36753938,-24.17258237],[-65.3674066,-24.17258182],[-65.36723497,-24.17253811],[-65.36709445,-24.1725232],[-65.36692275,-24.17249382],[-65.36682913,-24.17247193],[-65.36668853,-24.17247135],[-65.36655575,-24.1724708],[-65.36645413,-24.17248471],[-65.36636818,-24.17249152],[-65.3662431,-24.17251249],[-65.36614895,-24.17259809],[-65.36605461,-24.17271953],[-65.3658586,-24.1728692],[-65.36568634,-24.17295447],[-65.3654594,-24.17303952],[-65.36531064,-24.17311057],[-65.36519333,-24.17313874],[-65.3648412,-24.17326626],[-65.36459857,-24.17336558],[-65.36448876,-24.17345828],[-65.36447271,-24.17354421],[-65.36441761,-24.17362997],[-65.36440149,-24.17373023],[-65.36429189,-24.17377993],[-65.36425269,-24.17380843],[-65.36411124,-24.17397983],[-65.36409448,-24.17420907],[-65.36419553,-24.17430982],[-65.36431234,-24.17438197],[-65.36434284,-24.17453258],[-65.3643886,-24.17475492],[-65.36438814,-24.17484808],[-65.36434099,-24.17490521],[-65.36430197,-24.17489788],[-65.36426292,-24.17489772],[-65.36409874,-24.1749257],[-65.36401258,-24.1749755],[-65.3639808,-24.17508286],[-65.36398023,-24.17519751],[-65.3639797,-24.175305],[-65.364026,-24.17541985],[-65.36409576,-24.17552764],[-65.3641498,-24.17565685],[-65.36411028,-24.17574984],[-65.36403192,-24.17579968],[-65.36395342,-24.17587818],[-65.36395286,-24.17599283],[-65.36394458,-24.17608596],[-65.36401435,-24.17619374],[-65.36410808,-24.17619413],[-65.36425649,-24.17619475],[-65.36451426,-24.17619582],[-65.36470197,-24.17614644],[-65.36481143,-24.1761254],[-65.36499126,-24.17609032],[-65.365218,-24.17604827],[-65.36545243,-24.17602775],[-65.3656399,-24.17602853],[-65.36598362,-24.17602279],[-65.36612457,-24.17595171],[-65.36625008,-24.17584474],[-65.36628196,-24.17571589],[-65.36621219,-24.17560811],[-65.36615009,-24.17552902],[-65.36605686,-24.17542831],[-65.3659556,-24.17537056],[-65.36583854,-24.17534857],[-65.36574484,-24.17534102],[-65.36578404,-24.17531252],[-65.36592513,-24.17521278],[-65.36603456,-24.1751989],[-65.3661285,-24.1751563],[-65.36619127,-24.17509923],[-65.36628479,-24.17514261],[-65.36641701,-24.17525782],[-65.36659635,-24.17532306],[-65.36675225,-24.1753882],[-65.36700178,-24.17547523],[-65.36717323,-24.17555477],[-65.36746987,-24.17559183],[-65.36771391,-24.17554817],[-65.36773467,-24.17556259],[-65.36783353,-24.17557733],[-65.36785427,-24.17559653],[-65.36790594,-24.17567796],[-65.36792635,-24.17576404],[-65.36791556,-24.17584043],[-65.36792538,-24.17595991],[-65.36792993,-24.17609369],[-65.36797107,-24.17619896],[-65.36809567,-24.17627592],[-65.36817339,-24.17635746],[-65.36822999,-24.17649623],[-65.36825569,-24.17656322],[-65.36825539,-24.17662533],[-65.36823932,-24.17671603],[-65.36826995,-24.17684037],[-65.36826939,-24.17695503],[-65.36826899,-24.17703624],[-65.36826823,-24.17718911],[-65.36825716,-24.17732283],[-65.36826706,-24.17742798],[-65.36828223,-24.17751881],[-65.36833353,-24.17767668],[-65.36838514,-24.17777244],[-65.3684838,-24.17783017],[-65.36868175,-24.17781666],[-65.36877574,-24.1777645],[-65.3688124,-24.17772166],[-65.36883858,-24.1776931],[-65.36892805,-24.17750237],[-65.36892331,-24.17740681],[-65.36891355,-24.177273],[-65.36885653,-24.17722021],[-65.36890354,-24.17719174],[-65.36892965,-24.17717752],[-65.36912793,-24.17709712],[-65.36927402,-24.1770404],[-65.36938363,-24.1769883],[-65.36947263,-24.17689312],[-65.36947804,-24.17685015],[-65.3695304,-24.17679304],[-65.36966044,-24.17682224],[-65.36973339,-24.17681298],[-65.369885,-24.17669418],[-65.36991673,-24.17659398],[-65.3699016,-24.1764936],[-65.36985037,-24.1763214],[-65.36985605,-24.17622587],[-65.36987711,-24.17617819],[-65.36997648,-24.1760926],[-65.37004471,-24.17598301],[-65.37003472,-24.17589697],[-65.37001931,-24.17585391],[-65.37001959,-24.17579659],[-65.36997835,-24.17571042],[-65.36992651,-24.17566243],[-65.36995816,-24.17558135],[-65.36999484,-24.17553373],[-65.37003167,-24.17545744],[-65.37000096,-24.17534744],[-65.3699545,-24.17526603],[-65.36989757,-24.17519413],[-65.36984585,-24.17512226],[-65.3698044,-24.17507909],[-65.36974726,-24.17505019],[-65.36967438,-24.17504511],[-65.36963793,-24.17504496],[-65.36955459,-24.17504939],[-65.36948727,-24.17497268],[-65.36945633,-24.17491044],[-65.3693629,-24.17484795],[-65.36932657,-24.17482391],[-65.3691966,-24.17478038],[-65.36909777,-24.17475608],[-65.3689728,-24.17475557],[-65.36889467,-24.17476002],[-65.36879563,-24.17477872],[-65.36870181,-24.17479744],[-65.36856628,-24.17482554],[-65.36849849,-24.17484437],[-65.36836823,-24.17485817],[-65.36827962,-24.17487691],[-65.36845829,-24.174736],[-65.36859143,-24.17466489],[-65.3687245,-24.17460811],[-65.36884962,-24.17457996],[-65.36896692,-24.17455179],[-65.36902202,-24.17446602],[-65.36903824,-24.17434427],[-65.36896858,-24.17421499],[-65.36890651,-24.17412874],[-65.36882865,-24.17407825],[-65.36868823,-24.17404184],[-65.36868095,-24.17393432],[-65.36869724,-24.17379823],[-65.36867465,-24.17362615],[-65.36869098,-24.1734829],[-65.36876979,-24.1733399],[-65.36881655,-24.1733616],[-65.36893308,-24.17349107],[-65.3689949,-24.17362748],[-65.36920495,-24.17380033],[-65.36936082,-24.17387264],[-65.36956362,-24.17393081],[-65.36975105,-24.17393875],[-65.36989178,-24.17391066],[-65.37016611,-24.17371831],[-65.37026013,-24.17366137],[-65.37039362,-24.1735186],[-65.37037845,-24.17342538],[-65.37037131,-24.1732892],[-65.37042651,-24.17318193],[-65.37051289,-24.17308913],[-65.37056795,-24.17301053],[-65.37058399,-24.1729246],[-65.37060011,-24.17282435],[-65.37066312,-24.17271712],[-65.37079615,-24.1726675],[-65.37093696,-24.17262509],[-65.37113244,-24.1725829],[-65.37128869,-24.17257637],[-65.37146827,-24.17259145],[-65.37153839,-24.17262757],[-65.37159251,-24.17274245],[-65.37164659,-24.17286449],[-65.37176505,-24.1729806],[-65.37177874,-24.17299403],[-65.37200497,-24.17305229],[-65.37216893,-24.17306729],[-65.37240322,-24.17307542],[-65.372622,-24.17306199],[-65.37283324,-24.1729912],[-65.37298988,-24.17290585],[-65.3730917,-24.17284894],[-65.37327934,-24.17281388],[-65.37343573,-24.17277869],[-65.37339713,-24.17268538],[-65.37345198,-24.17264977],[-65.37353037,-24.17259276],[-65.37365534,-24.17259328],[-65.37380399,-24.17254373],[-65.37386655,-24.17252965],[-65.37397629,-24.17245127],[-65.3741248,-24.17243039],[-65.37423418,-24.17242367],[-65.37442182,-24.17238861],[-65.3745863,-24.17229612],[-65.37468833,-24.17219622],[-65.37477491,-24.17206042],[-65.37491582,-24.1719965],[-65.37507964,-24.17204017],[-65.37529053,-24.17204103],[-65.37540047,-24.17191966],[-65.37544783,-24.17181953],[-65.37551087,-24.17170513],[-65.37544852,-24.17167621],[-65.37529998,-24.17170426],[-65.37518268,-24.17173245],[-65.37505774,-24.17172477],[-65.37494047,-24.17174579],[-65.37483102,-24.17176684],[-65.37472181,-24.17173772],[-65.37471452,-24.1716302],[-65.3747307,-24.17151561],[-65.37473882,-24.17145115],[-65.37462212,-24.17135751],[-65.37449725,-24.1713355],[-65.37441382,-24.17135905]]]]},"geometry_name":"geom","properties":{"gid":29,"nombre_geografico":null,"autoridad_de_fuente":"IGN","fuente_de_captura":"IGN03"},"bbox":[-65.37551087,-24.17783017,-65.36394458,-24.1713355]},{"type":"Feature","id":"areas_de_fabricacion_y_procesamiento_AC070.34","geometry":{"type":"MultiPolygon","coordinates":[[[[-65.39651972,-24.17362254],[-65.39638976,-24.17357425],[-65.39619483,-24.17350182],[-65.39596089,-24.17341729],[-65.39579188,-24.17336885],[-65.39554442,-24.17339175],[-65.39541418,-24.17340318],[-65.39525718,-24.17356977],[-65.39516549,-24.17368884],[-65.39506066,-24.17383174],[-65.39486483,-24.1739504],[-65.3948127,-24.17396214],[-65.39457865,-24.17390149],[-65.39430544,-24.17386458],[-65.39408401,-24.17388758],[-65.39388823,-24.1739943],[-65.39367966,-24.17405319],[-65.39352333,-24.17407645],[-65.39335409,-24.17407578],[-65.39312038,-24.17394347],[-65.39295165,-24.17383531],[-65.39262619,-24.17383401],[-65.39252092,-24.17407246],[-65.39288453,-24.17426501],[-65.39320987,-24.17429019],[-65.39341743,-24.17444628],[-65.39329885,-24.17474439],[-65.39311614,-24.17483921],[-65.39288119,-24.17496966],[-65.392672,-24.17515992],[-65.39263192,-24.17537474],[-65.39282669,-24.17548301],[-65.3930085,-24.17557928],[-65.39299418,-24.17585393],[-65.39301846,-24.17622427],[-65.39322603,-24.17638036],[-65.39365473,-24.17657316],[-65.39409748,-24.17655104],[-65.39447518,-24.17651671],[-65.39477517,-24.17639846],[-65.39516612,-24.17631641],[-65.39551774,-24.17629392],[-65.39629139,-24.17511457],[-65.39640928,-24.17495978],[-65.39651433,-24.1747691],[-65.39665821,-24.17462634],[-65.3968931,-24.17450784],[-65.39691975,-24.17437656],[-65.3968293,-24.17423288],[-65.39667358,-24.17412478],[-65.396609,-24.17401703],[-65.3966228,-24.17384988],[-65.39662331,-24.17374239],[-65.39651972,-24.17362254]]]]},"geometry_name":"geom","properties":{"gid":34,"nombre_geografico":null,"autoridad_de_fuente":"IGN","fuente_de_captura":"IGN03"},"bbox":[-65.39691975,-24.17657316,-65.39252092,-24.17336885]},{"type":"Feature","id":"areas_de_fabricacion_y_procesamiento_AC070.142","geometry":{"type":"MultiPolygon","coordinates":[[[[-58.68305678,-34.44379787],[-58.68448234,-34.44307775],[-58.68613933,-34.44223925],[-58.68139481,-34.43966745],[-58.67962935,-34.44194089],[-58.68305678,-34.44379787]]]]},"geometry_name":"geom","properties":{"gid":142,"nombre_geografico":"Plaza Logística S.R.L","autoridad_de_fuente":"IGN","fuente_de_captura":"GEOBASIG"},"bbox":[-58.68613933,-34.44379787,-58.67962935,-34.43966745]},{"type":"Feature","id":"areas_de_fabricacion_y_procesamiento_AC070.38","geometry":{"type":"MultiPolygon","coordinates":[[[[-69.47967879,-37.13841973],[-69.47958362,-37.13821034],[-69.47951699,-37.13814371],[-69.47939326,-37.1380295],[-69.47928856,-37.13793432],[-69.47911724,-37.13783914],[-69.47901255,-37.13777252],[-69.47875556,-37.13774397],[-69.47853665,-37.13774397],[-69.47842244,-37.13779155],[-69.47832726,-37.1378677],[-69.47831774,-37.13795336],[-69.47833678,-37.13806757],[-69.47835581,-37.13818179],[-69.47829871,-37.13828648],[-69.47821908,-37.13834114],[-69.47807091,-37.13832138],[-69.4776902,-37.13828331],[-69.47713816,-37.1381691],[-69.47675745,-37.13801681],[-69.47645288,-37.13788356],[-69.47620542,-37.13776935],[-69.475,-37.13714117],[-69.47479677,-37.13702695],[-69.47456991,-37.13691892],[-69.47456252,-37.1369154],[-69.47442494,-37.1370682],[-69.4743488,-37.13709675],[-69.47420603,-37.13718241],[-69.47397761,-37.13727759],[-69.47373966,-37.13743939],[-69.47366352,-37.13754409],[-69.47352075,-37.13781059],[-69.4733875,-37.13806757],[-69.47331136,-37.13825793],[-69.4732257,-37.1385625],[-69.47318762,-37.13879093],[-69.47318762,-37.13907646],[-69.47321618,-37.13937152],[-69.47329232,-37.13959995],[-69.47336846,-37.13971416],[-69.47355882,-37.13988548],[-69.47376821,-37.1400568],[-69.47389195,-37.14019957],[-69.47400616,-37.14034234],[-69.47412989,-37.14052318],[-69.47421555,-37.1406945],[-69.47988819,-37.13988548],[-69.47967879,-37.13841973]]]]},"geometry_name":"geom","properties":{"gid":38,"nombre_geografico":"Instalación de Medición de Gas Paso Barda Mza","autoridad_de_fuente":"IGN","fuente_de_captura":"Esri-world_imagery-2010/IGN04/Secretaría de Energía de la Nación"},"bbox":[-69.47988819,-37.1406945,-69.47318762,-37.1369154]},{"type":"Feature","id":"areas_de_fabricacion_y_procesamiento_AC070.39","geometry":{"type":"MultiPolygon","coordinates":[[[[-69.14017095,-37.18411765],[-69.13822931,-37.18556436],[-69.140663,-37.18765978],[-69.14249331,-37.18619254],[-69.14017095,-37.18411765]]]]},"geometry_name":"geom","properties":{"gid":39,"nombre_geografico":"Instalación de Medición de Gas Puesto Molina 3","autoridad_de_fuente":"IGN","fuente_de_captura":"Esri-world_imagery-2010/Secretaría de Energía de la Nación"},"bbox":[-69.14249331,-37.18765978,-69.13822931,-37.18411765]},{"type":"Feature","id":"areas_de_fabricacion_y_procesamiento_AC070.97","geometry":{"type":"MultiPolygon","coordinates":[[[[-58.18588911,-34.82932917],[-58.18383363,-34.82999309],[-58.18543738,-34.83332987],[-58.18748156,-34.8326762],[-58.18588911,-34.82932917]]]]},"geometry_name":"geom","properties":{"gid":97,"nombre_geografico":null,"autoridad_de_fuente":"IGN","fuente_de_captura":"IGN"},"bbox":[-58.18748156,-34.83332987,-58.18383363,-34.82932917]},{"type":"Feature","id":"areas_de_fabricacion_y_procesamiento_AC070.35","geometry":{"type":"MultiPolygon","coordinates":[[[[-65.35148771,-24.17995791],[-65.35135098,-24.17996331],[-65.35124698,-24.179933],[-65.3510583,-24.17991429],[-65.35095436,-24.17987204],[-65.3508701,-24.17980002],[-65.35074031,-24.17972184],[-65.35062326,-24.17969745],[-65.35058445,-24.17964951],[-65.3505456,-24.17960755],[-65.35050673,-24.17957155],[-65.35046782,-24.17954153],[-65.35036392,-24.17949331],[-65.35029246,-24.17946315],[-65.35021435,-24.17946281],[-65.35014275,-24.17946251],[-65.35005795,-24.17949798],[-65.3499145,-24.17954514],[-65.34976454,-24.17959227],[-65.3496537,-24.17962763],[-65.34952351,-24.17962708],[-65.3493543,-24.17962038],[-65.34929574,-24.17961416],[-65.34924358,-24.17963185],[-65.3491526,-24.17960161],[-65.34907449,-24.17960127],[-65.3489766,-24.17964863],[-65.34896319,-24.1797262],[-65.34902132,-24.17981603],[-65.34905353,-24.17988185],[-65.34898826,-24.1799174],[-65.34889065,-24.17991102],[-65.34884539,-24.17985111],[-65.34872828,-24.17983866],[-65.34864366,-24.1798383],[-65.34860411,-24.17993368],[-65.34862988,-24.17998753],[-65.34853845,-24.18004686],[-65.3484339,-24.18012405],[-65.34828376,-24.18020701],[-65.34809453,-24.18029577],[-65.34789229,-24.18038449],[-65.34765758,-24.18045514],[-65.34754677,-24.18048453],[-65.34740356,-24.18048391],[-65.34737102,-24.18048377],[-65.34711091,-24.18042892],[-65.34697434,-24.18040444],[-65.34688981,-24.18038617],[-65.34677918,-24.18037972],[-65.34677909,-24.18039764],[-65.34675238,-24.1805289],[-65.34669979,-24.18063019],[-65.34662761,-24.18074335],[-65.34655552,-24.18083858],[-65.34649657,-24.18090999],[-65.34648306,-24.18100548],[-65.34650861,-24.18110114],[-65.34643023,-24.18115455],[-65.34635211,-24.18115421],[-65.34618938,-24.18115351],[-65.34608501,-24.18119487],[-65.34593505,-24.181242],[-65.34585012,-24.18130135],[-65.3456935,-24.18137831],[-65.34563419,-24.18152138],[-65.3456205,-24.1816527],[-65.34567129,-24.18190373],[-65.34574868,-24.18204738],[-65.34581973,-24.18215517],[-65.34596252,-24.18223939],[-65.34618375,-24.18225825],[-65.34637918,-24.18222923],[-65.34649693,-24.18211628],[-65.34656251,-24.18202101],[-65.34673194,-24.18198591],[-65.34689489,-24.1819448],[-65.34701249,-24.1818617],[-65.34718213,-24.1817848],[-65.34723439,-24.18174919],[-65.34741057,-24.18166634],[-65.34749559,-24.18158907],[-65.34769096,-24.18157199],[-65.34784707,-24.18159655],[-65.34793796,-24.18164471],[-65.34795697,-24.18174631],[-65.34795664,-24.181812],[-65.34798867,-24.18191365],[-65.34819627,-24.18205189],[-65.34830009,-24.18211802],[-65.34841018,-24.18223196],[-65.34850085,-24.18232192],[-65.34855902,-24.18240577],[-65.34868245,-24.18245407],[-65.34877328,-24.18251418],[-65.34888343,-24.18261617],[-65.34901962,-24.18271827],[-65.34914293,-24.18279045],[-65.34928569,-24.18288064],[-65.34940904,-24.18294685],[-65.34947377,-24.18301879],[-65.34950562,-24.18315628],[-65.34953771,-24.18324599],[-65.34964144,-24.18333004],[-65.34976503,-24.18334848],[-65.34994079,-24.18334923],[-65.35007764,-24.18331995],[-65.35016869,-24.18333826],[-65.35023354,-24.18338631],[-65.35021328,-24.18352954],[-65.35016742,-24.18358906],[-65.35014713,-24.18373827],[-65.35012706,-24.18384567],[-65.34998366,-24.18388089],[-65.3498796,-24.18386253],[-65.3498212,-24.18382645],[-65.34963932,-24.18374805],[-65.34955497,-24.18369394],[-65.34944473,-24.18360987],[-65.34932811,-24.18350188],[-65.34915286,-24.18339961],[-65.34906893,-24.1832619],[-65.34901111,-24.18311236],[-65.34888149,-24.18299835],[-65.34870555,-24.18303343],[-65.34860058,-24.18319421],[-65.34857391,-24.18331951],[-65.34857972,-24.18345688],[-65.34859213,-24.18357637],[-65.34860448,-24.1837078],[-65.34864975,-24.18376771],[-65.34875341,-24.1838637],[-65.34890271,-24.18394794],[-65.34897371,-24.18406768],[-65.34902518,-24.18418733],[-65.34902473,-24.1842769],[-65.34901143,-24.18433059],[-65.34897843,-24.18442003],[-65.34904298,-24.18452779],[-65.34915274,-24.18470741],[-65.34926961,-24.18476763],[-65.34941909,-24.18481604],[-65.34948403,-24.18484618],[-65.34954186,-24.18499572],[-65.34975589,-24.18515189],[-65.34995136,-24.1851169],[-65.3500887,-24.18499208],[-65.35004413,-24.18479482],[-65.35000583,-24.18464536],[-65.35018837,-24.1845924],[-65.35029831,-24.18473619],[-65.35037582,-24.18485595],[-65.35055812,-24.18485076],[-65.3507083,-24.18476182],[-65.35089789,-24.18460139],[-65.3509959,-24.18453015],[-65.35113284,-24.18448296],[-65.35123663,-24.18455506],[-65.35142484,-24.18466932],[-65.35158712,-24.18475959],[-65.35180188,-24.18477245],[-65.35191297,-24.18468931],[-65.35203734,-24.18455249],[-65.35222615,-24.18454732],[-65.35231066,-24.18457157],[-65.35244694,-24.18465575],[-65.35254485,-24.18460242],[-65.35259078,-24.18453096],[-65.35259214,-24.18426224],[-65.35256682,-24.18411881],[-65.35258696,-24.18399946],[-65.35266573,-24.18386842],[-65.35273797,-24.18374332],[-65.35280382,-24.18359431],[-65.35280457,-24.18344502],[-65.35270129,-24.1832714],[-65.35266263,-24.1831936],[-65.35274159,-24.18302673],[-65.3528009,-24.18288366],[-65.35282826,-24.18262102],[-65.35273149,-24.18244743],[-65.35271284,-24.18227417],[-65.35265533,-24.18205895],[-65.35256505,-24.18189136],[-65.35253328,-24.18173596],[-65.35254027,-24.18164044],[-65.35261914,-24.18149148],[-65.35272986,-24.18148001],[-65.35287991,-24.18141496],[-65.35297171,-24.18128397],[-65.35297234,-24.18115856],[-65.3529796,-24.1810093],[-65.35308456,-24.18084851],[-65.35320149,-24.18089678],[-65.35336348,-24.18104676],[-65.35350572,-24.18123846],[-65.353609,-24.18141208],[-65.3537583,-24.18149631],[-65.3540571,-24.18162299],[-65.35417997,-24.18178474],[-65.35408857,-24.1818381],[-65.35404951,-24.18183793],[-65.3537954,-24.18188463],[-65.35380155,-24.18195632],[-65.35386616,-24.18205214],[-65.35393108,-24.18208824],[-65.35400253,-24.18211841],[-65.35403435,-24.18226186],[-65.35404689,-24.18235746],[-65.35403348,-24.18243504],[-65.35403273,-24.18258433],[-65.35402595,-24.18263804],[-65.35400615,-24.18269171],[-65.35400555,-24.18281114],[-65.35408312,-24.18291896],[-65.35415428,-24.18300883],[-65.3541733,-24.18311043],[-65.35415968,-24.18322981],[-65.35409401,-24.18334299],[-65.35404142,-24.18344429],[-65.35401475,-24.18356958],[-65.35401412,-24.18369499],[-65.3540395,-24.18382647],[-65.35409763,-24.18391629],[-65.3542277,-24.18394073],[-65.35437766,-24.18389359],[-65.35454745,-24.18378682],[-65.35460631,-24.18373332],[-65.35474982,-24.18367421],[-65.35489984,-24.18361513],[-65.35495216,-24.18356758],[-65.35512159,-24.18353247],[-65.35520612,-24.18355074],[-65.35530347,-24.18361087],[-65.35538125,-24.18367689],[-65.35548513,-24.18373107],[-65.35561572,-24.18365399],[-65.35566833,-24.18354672],[-65.35571414,-24.18349914],[-65.35586437,-24.18339826],[-65.35604028,-24.18336914],[-65.35620974,-24.18332806],[-65.35637904,-24.18331683],[-65.35650285,-24.18329346],[-65.35663997,-24.18321044],[-65.35669228,-24.18316289],[-65.3568879,-24.18309802],[-65.35699181,-24.18314623],[-65.35709593,-24.18315264],[-65.35725255,-24.18307567],[-65.35735676,-24.18306417],[-65.35750619,-24.18312452],[-65.35764268,-24.18316689],[-65.35780548,-24.18315564],[-65.35798801,-24.18310266],[-65.35808607,-24.18301947],[-65.35815153,-24.18294808],[-65.3582627,-24.18284703],[-65.35838044,-24.18273406],[-65.35832884,-24.1826383],[-65.3582839,-24.1825127],[-65.35826485,-24.18241708],[-65.35814165,-24.18232101],[-65.35803788,-24.18224294],[-65.3579604,-24.18211721],[-65.35788915,-24.18204525],[-65.35778551,-24.18194329],[-65.35772734,-24.18185944],[-65.35762358,-24.18178138],[-65.35750694,-24.18167339],[-65.35744878,-24.18158954],[-65.3573841,-24.18150567],[-65.35728037,-24.18142163],[-65.35717021,-24.18131964],[-65.35713143,-24.18126573],[-65.35702772,-24.18117572],[-65.35690429,-24.18112743],[-65.35678088,-24.18107316],[-65.35666376,-24.18106072],[-65.35654027,-24.18102437],[-65.3563586,-24.18090417],[-65.35620276,-24.18082588],[-65.35609873,-24.18080155],[-65.35596872,-24.18076517],[-65.35594919,-24.18076509],[-65.35585806,-24.18076471],[-65.35573423,-24.18079404],[-65.35561685,-24.18083535],[-65.35547323,-24.18091834],[-65.35544641,-24.1810735],[-65.35541986,-24.1811749],[-65.35535501,-24.18112686],[-65.35529693,-24.18102509],[-65.35525211,-24.18087561],[-65.35525268,-24.18076215],[-65.35521453,-24.18058284],[-65.35516998,-24.18037961],[-65.35508599,-24.18025385],[-65.35492398,-24.18010984],[-65.3547032,-24.18000142],[-65.35446916,-24.17994071],[-65.354372,-24.17984475],[-65.35432734,-24.17966541],[-65.35435403,-24.17953414],[-65.3543289,-24.17935489],[-65.35417306,-24.17927659],[-65.35396501,-24.17922794],[-65.35379615,-24.17914959],[-65.35373784,-24.1790956],[-65.35354919,-24.17907091],[-65.35335391,-24.17907008],[-65.35326938,-24.17905181],[-65.35313946,-24.17899751],[-65.35295078,-24.1789788],[-65.35269716,-24.17892995],[-65.35250842,-24.17892318],[-65.35242398,-24.17888699],[-65.35231332,-24.17888652],[-65.35218313,-24.17888596],[-65.35205921,-24.17893321],[-65.35192857,-24.17902223],[-65.35186276,-24.17916527],[-65.35184911,-24.17929062],[-65.35183515,-24.17947568],[-65.35179534,-24.17962481],[-65.35174929,-24.17972016],[-65.35169661,-24.17983937],[-65.3516182,-24.17989875],[-65.35148771,-24.17995791]]]]},"geometry_name":"geom","properties":{"gid":35,"nombre_geografico":null,"autoridad_de_fuente":"IGN","fuente_de_captura":"IGN03"},"bbox":[-65.35838044,-24.18515189,-65.3456205,-24.17888596]},{"type":"Feature","id":"areas_de_fabricacion_y_procesamiento_AC070.140","geometry":{"type":"MultiPolygon","coordinates":[[[[-58.66332515,-34.48360703],[-58.66547566,-34.48180799],[-58.66548437,-34.48171279],[-58.66232959,-34.4791441],[-58.66215924,-34.47914512],[-58.66011027,-34.48089161],[-58.66012087,-34.48096477],[-58.66332515,-34.48360703]]]]},"geometry_name":"geom","properties":{"gid":140,"nombre_geografico":"Centro Logístico Sir Home","autoridad_de_fuente":"IGN","fuente_de_captura":"GEOBASIG"},"bbox":[-58.66548437,-34.48360703,-58.66011027,-34.4791441]},{"type":"Feature","id":"areas_de_fabricacion_y_procesamiento_AC070.30","geometry":{"type":"MultiPolygon","coordinates":[[[[-65.36159179,-24.17622494],[-65.36152913,-24.17625812],[-65.36145152,-24.17615747],[-65.36136856,-24.17608546],[-65.36132719,-24.17602796],[-65.3613016,-24.17593708],[-65.36122373,-24.17588898],[-65.36104694,-24.17583569],[-65.36100547,-24.1757973],[-65.36096414,-24.17573024],[-65.36083406,-24.17571059],[-65.36078222,-24.1756626],[-65.36077226,-24.17557179],[-65.36075714,-24.1754714],[-65.36068944,-24.17547111],[-65.36060591,-24.17551376],[-65.36055379,-24.1755231],[-65.36051738,-24.17551339],[-65.36047057,-24.17550364],[-65.36039754,-24.17552722],[-65.36036097,-24.17555095],[-65.36031389,-24.17559375],[-65.36028265,-24.17559362],[-65.36023588,-24.17557431],[-65.36015777,-24.17557399],[-65.36008993,-24.17560237],[-65.36006365,-24.17565003],[-65.36000606,-24.17571189],[-65.35998,-24.17571656],[-65.35989671,-24.17571143],[-65.35987564,-24.17575912],[-65.35984937,-24.17580678],[-65.35986449,-24.17590717],[-65.35990051,-24.17599331],[-65.35996766,-24.17610348],[-65.3600194,-24.17617058],[-65.36008122,-24.1763046],[-65.36011194,-24.17640983],[-65.36012209,-24.17646243],[-65.360158,-24.17657246],[-65.360246,-24.17667793],[-65.36025068,-24.17678305],[-65.36020353,-24.17684018],[-65.36003699,-24.17682037],[-65.35990188,-24.17676248],[-65.3598606,-24.17668587],[-65.35984004,-24.17663323],[-65.35962116,-24.17666575],[-65.35949081,-24.17669865],[-65.35942777,-24.17680826],[-65.35945856,-24.17689916],[-65.35952562,-24.17702843],[-65.3596033,-24.17711475],[-65.35969159,-24.17716289],[-65.35975379,-24.17722048],[-65.35980539,-24.17731625],[-65.35933567,-24.17752448],[-65.35929941,-24.17748611],[-65.35926324,-24.17742863],[-65.35923221,-24.1773855],[-65.35917522,-24.17732793],[-65.35905038,-24.17729874],[-65.3589775,-24.17729366],[-65.35890457,-24.17729813],[-65.3588298,-24.1773604],[-65.35875145,-24.17740784],[-65.35865342,-24.17748506],[-65.35854261,-24.17751446],[-65.35847776,-24.17746641],[-65.35843255,-24.17739456],[-65.35842016,-24.1772691],[-65.35835555,-24.17717328],[-65.35828409,-24.17714312],[-65.35827782,-24.17709532],[-65.35820028,-24.17698153],[-65.3581288,-24.17695735],[-65.35810309,-24.17689155],[-65.35807099,-24.17680184],[-65.35801916,-24.17675385],[-65.35794776,-24.17671174],[-65.35791561,-24.17663398],[-65.35781833,-24.17656191],[-65.35769468,-24.17655541],[-65.35763637,-24.17650142],[-65.35755193,-24.17646524],[-65.35738914,-24.17647649],[-65.35731729,-24.17652397],[-65.35728445,-24.17658354],[-65.35727767,-24.17663726],[-65.35728403,-24.17666715],[-65.35734238,-24.17671517],[-65.35730308,-24.17676277],[-65.35731592,-24.17679866],[-65.35740669,-24.1768707],[-65.35739973,-24.17696025],[-65.35741869,-24.17707379],[-65.35747044,-24.1771397],[-65.35743762,-24.1771933],[-65.357353,-24.17719295],[-65.35726853,-24.17716273],[-65.35717746,-24.17715041],[-65.35711897,-24.17713224],[-65.3570474,-24.17712597],[-65.35696923,-24.17713758],[-65.35691064,-24.17713734],[-65.3568781,-24.1771372],[-65.35673492,-24.17713062],[-65.35670229,-24.1771484],[-65.35663018,-24.17724962],[-65.35665579,-24.17733333],[-65.35661008,-24.17736299],[-65.35655794,-24.17737472],[-65.3565125,-24.17735064],[-65.35642785,-24.17735625],[-65.35634314,-24.17737381],[-65.35625165,-24.17744509],[-65.35619937,-24.17748667],[-65.35614705,-24.17753422],[-65.35612714,-24.17761177],[-65.35614627,-24.17768948],[-65.35613293,-24.17775511],[-65.35597028,-24.17773651],[-65.35583383,-24.17768816],[-65.35576895,-24.17764608],[-65.35565859,-24.1775859],[-65.35560021,-24.17754385],[-65.35553533,-24.17750178],[-65.35537302,-24.17741749],[-65.35531477,-24.17735155],[-65.35532188,-24.17723215],[-65.35534818,-24.17717851],[-65.35529638,-24.17712455],[-65.35520507,-24.17715999],[-65.35503526,-24.17727274],[-65.35494353,-24.17739178],[-65.35493639,-24.17751716],[-65.35491005,-24.17757677],[-65.35485732,-24.17770792],[-65.35485027,-24.17781538],[-65.35493441,-24.17791128],[-65.35507731,-24.17797161],[-65.35535691,-24.1780325],[-65.35544141,-24.17805675],[-65.35564281,-24.17813523],[-65.35579231,-24.17817767],[-65.35591587,-24.17820208],[-65.35596774,-24.1782441],[-65.35607159,-24.17830425],[-65.35616245,-24.17835838],[-65.35634432,-24.17843678],[-65.35638952,-24.17850863],[-65.35653228,-24.17859881],[-65.3566232,-24.178641],[-65.35677921,-24.17868346],[-65.35688966,-24.17872572],[-65.35701964,-24.17876807],[-65.35708452,-24.17881015],[-65.35712298,-24.17892975],[-65.35715508,-24.17901946],[-65.35733734,-24.17902023],[-65.35738927,-24.1790503],[-65.35747344,-24.17914023],[-65.35757078,-24.17920036],[-65.35770721,-24.17925468],[-65.35771354,-24.17929054],[-65.35771312,-24.17937414],[-65.35777102,-24.17951173],[-65.35790756,-24.17954217],[-65.35801858,-24.17947097],[-65.35804498,-24.17939943],[-65.35809102,-24.17930407],[-65.35809786,-24.17923841],[-65.35816334,-24.17916105],[-65.35826764,-24.17913164],[-65.35832584,-24.17920951],[-65.35835137,-24.17931114],[-65.35839642,-24.17941285],[-65.35946205,-24.17933086],[-65.35964429,-24.1793364],[-65.35973795,-24.17935113],[-65.35997745,-24.17936169],[-65.3601337,-24.17935756],[-65.36027974,-24.1793104],[-65.36031147,-24.17921499],[-65.36030124,-24.17917673],[-65.36031753,-24.17904303],[-65.36039074,-24.17898123],[-65.36040689,-24.1788762],[-65.36057886,-24.17885303],[-65.36066251,-24.1787865],[-65.3606009,-24.17860948],[-65.36048667,-24.17854211],[-65.36038778,-24.17853214],[-65.36034138,-24.1784364],[-65.36027404,-24.17836446],[-65.36014405,-24.1783257],[-65.35999848,-24.17827731],[-65.35988953,-24.17819564],[-65.35972296,-24.17818061],[-65.35959306,-24.17812273],[-65.35967669,-24.17806098],[-65.35981218,-24.17804244],[-65.36000516,-24.17798114],[-65.36011471,-24.17794338],[-65.36016177,-24.17790536],[-65.36025037,-24.1778914],[-65.36039622,-24.17788246],[-65.36050582,-24.17783514],[-65.36059976,-24.17779254],[-65.36072474,-24.17779307],[-65.3608292,-24.1777314],[-65.3610117,-24.17768439],[-65.36113128,-24.17772311],[-65.3612198,-24.17772348],[-65.36134452,-24.17777655],[-65.36140166,-24.17780546],[-65.36156813,-24.17783959],[-65.36168807,-24.17780666],[-65.36177186,-24.17771146],[-65.36182948,-24.17764482],[-65.36182974,-24.17759227],[-65.36186669,-24.1774921],[-65.36193969,-24.17747329],[-65.36199683,-24.1775022],[-65.36209018,-24.17757902],[-65.3622411,-24.17759876],[-65.3623038,-24.17755603],[-65.36227845,-24.17741738],[-65.36223732,-24.17731211],[-65.36228442,-24.17726453],[-65.36248734,-24.17729882],[-65.36257535,-24.17740429],[-65.36269003,-24.17738088],[-65.36274239,-24.17732377],[-65.36280526,-24.1772476],[-65.36293009,-24.17727678],[-65.36297656,-24.17735819],[-65.36302331,-24.17738228],[-65.363143,-24.17739711],[-65.3632419,-24.17740707],[-65.3632676,-24.17747407],[-65.36326732,-24.17753139],[-65.36324105,-24.17757906],[-65.36320428,-24.17764101],[-65.36318322,-24.17768869],[-65.36314658,-24.17772676],[-65.36312037,-24.17776009],[-65.36302657,-24.17777403],[-65.36295868,-24.17781197],[-65.3628542,-24.17787842],[-65.36279661,-24.17794028],[-65.3627443,-24.17798784],[-65.36262396,-24.17810199],[-65.36256642,-24.1781543],[-65.36256618,-24.17820207],[-65.36251349,-24.17832606],[-65.36248695,-24.17842628],[-65.36249696,-24.17850754],[-65.36249658,-24.17858397],[-65.36248572,-24.1786747],[-65.36242822,-24.17871745],[-65.36238117,-24.17875548],[-65.36231333,-24.17878386],[-65.36224541,-24.17882657],[-65.36216179,-24.17888832],[-65.36210405,-24.17897885],[-65.36206722,-24.17905514],[-65.36203027,-24.17915531],[-65.36202939,-24.17933207],[-65.36208092,-24.17944216],[-65.3621431,-24.17950453],[-65.3622054,-24.17954301],[-65.36227291,-24.17958151],[-65.36232451,-24.17967727],[-65.36233987,-24.17972989],[-65.36233442,-24.17977764],[-65.36229236,-24.17985868],[-65.36223456,-24.17996354],[-65.36222395,-24.18000171],[-65.36219763,-24.18005893],[-65.36217654,-24.18011139],[-65.36211388,-24.18014457],[-65.36201477,-24.1801776],[-65.3618897,-24.18019619],[-65.36180126,-24.18017671],[-65.3617285,-24.18014774],[-65.36162437,-24.18014252],[-65.36116428,-24.18050845],[-65.36111705,-24.18057992],[-65.36109037,-24.18070879],[-65.36112652,-24.18077105],[-65.36119384,-24.18084777],[-65.36120378,-24.18094336],[-65.36121902,-24.18101986],[-65.36127542,-24.18119686],[-65.3613011,-24.18126863],[-65.36136823,-24.18138357],[-65.36138359,-24.18143618],[-65.36141938,-24.1815701],[-65.36146806,-24.18162484],[-65.36149188,-24.18165162],[-65.3616638,-24.18163801],[-65.36172648,-24.18160005],[-65.36178945,-24.18150477],[-65.36182624,-24.18143804],[-65.36185303,-24.18128527],[-65.3618015,-24.18117518],[-65.36187986,-24.18112773],[-65.36203137,-24.18102804],[-65.3621049,-24.18090414],[-65.36206357,-24.18083708],[-65.3620692,-24.18075111],[-65.36213219,-24.18065105],[-65.36216377,-24.1805843],[-65.36225793,-24.1804987],[-65.36235169,-24.18049432],[-65.36246117,-24.18047089],[-65.36256047,-24.18039964],[-65.36268545,-24.18040016],[-65.36278963,-24.18039582],[-65.36290942,-24.18039155],[-65.36304489,-24.18037778],[-65.3630657,-24.18038264],[-65.36316937,-24.18047862],[-65.36329414,-24.18052214],[-65.36339815,-24.18055124],[-65.36347603,-24.18059934],[-65.36357992,-24.18065232],[-65.36373115,-24.18060996],[-65.36378867,-24.18056242],[-65.3638727,-24.18041945],[-65.3638887,-24.18034308],[-65.36392574,-24.1802238],[-65.36401513,-24.18005219],[-65.36411461,-24.17994273],[-65.36415686,-24.17982347],[-65.36419876,-24.17977587],[-65.36429259,-24.17975715],[-65.36437563,-24.17981482],[-65.36445843,-24.17992027],[-65.36454646,-24.18002096],[-65.36466566,-24.18013612],[-65.36478006,-24.18017004],[-65.36492592,-24.18016109],[-65.36505109,-24.18012339],[-65.36519723,-24.18005712],[-65.36529646,-24.1800002],[-65.36541171,-24.17986214],[-65.36547986,-24.17977165],[-65.36550653,-24.17964277],[-65.36550696,-24.17955678],[-65.3654661,-24.17939418],[-65.36537277,-24.17931258],[-65.3653366,-24.1792551],[-65.36530576,-24.17917375],[-65.36531657,-24.17909258],[-65.36532206,-24.17903528],[-65.36539009,-24.17896868],[-65.36541116,-24.17892099],[-65.36539596,-24.17883494],[-65.365313,-24.17876293],[-65.36527692,-24.17868634],[-65.36525654,-24.17859549],[-65.36519426,-24.17855223],[-65.36511622,-24.17853757],[-65.36511123,-24.17849456],[-65.36511658,-24.17846591],[-65.36468677,-24.17797683],[-65.36452503,-24.17803826],[-65.36446844,-24.17789948],[-65.36439567,-24.17787052],[-65.36432798,-24.17787023],[-65.36427588,-24.17787479],[-65.36419781,-24.17786491],[-65.36413016,-24.17785508],[-65.36406784,-24.17782138],[-65.3639698,-24.17763943],[-65.36379945,-24.17733774],[-65.36371158,-24.17720361],[-65.3636446,-24.17706001],[-65.36354646,-24.17689717],[-65.36343794,-24.17672951],[-65.36340182,-24.17666247],[-65.36339185,-24.17657166],[-65.36336085,-24.17652376],[-65.36330373,-24.17649008],[-65.3632207,-24.1764324],[-65.36316905,-24.17634619],[-65.36313837,-24.17623141],[-65.36309172,-24.17618822],[-65.36299273,-24.17619736],[-65.36287256,-24.17627807],[-65.36283043,-24.17637344],[-65.3628301,-24.17644033],[-65.36262725,-24.1763917],[-65.36242955,-24.17635266],[-65.36230465,-24.1763378],[-65.36225262,-24.17632803],[-65.36214881,-24.17626071],[-65.36214396,-24.17618903],[-65.36221206,-24.1761081],[-65.36225933,-24.17602708],[-65.36230648,-24.17596995],[-65.36235368,-24.17590327],[-65.36246312,-24.17588462],[-65.36254651,-24.17587063],[-65.36263023,-24.17578977],[-65.36259937,-24.1757132],[-65.36256836,-24.1756653],[-65.36256884,-24.17556975],[-65.36254853,-24.17546456],[-65.36241366,-24.1753589],[-65.36231513,-24.17527727],[-65.3622947,-24.17519597],[-65.36226909,-24.17510987],[-65.3621337,-24.1751093],[-65.36197727,-24.17515165],[-65.3619042,-24.17518478],[-65.36185712,-24.17522758],[-65.3617996,-24.17527511],[-65.36173673,-24.17535129],[-65.36172606,-24.17540379],[-65.36164754,-24.17548468],[-65.36161085,-24.1755323],[-65.36161551,-24.1756422],[-65.36163582,-24.17574739],[-65.36163038,-24.17579514],[-65.36162997,-24.17587635],[-65.3615929,-24.17600041],[-65.36159243,-24.17609596],[-65.36159179,-24.17622494]]]]},"geometry_name":"geom","properties":{"gid":30,"nombre_geografico":null,"autoridad_de_fuente":"IGN","fuente_de_captura":"IGN03"},"bbox":[-65.36550696,-24.18165162,-65.35485027,-24.1751093]},{"type":"Feature","id":"areas_de_fabricacion_y_procesamiento_AC070.31","geometry":{"type":"MultiPolygon","coordinates":[[[[-65.38196416,-24.17049641],[-65.38199007,-24.17042908],[-65.38198766,-24.17038847],[-65.3818943,-24.1702881],[-65.3816215,-24.17016756],[-65.38142646,-24.17011899],[-65.38119254,-24.17003444],[-65.38110148,-24.17002213],[-65.3808929,-24.170081],[-65.3807754,-24.17015218],[-65.38069712,-24.17018769],[-65.38061849,-24.17029487],[-65.38061803,-24.17039041],[-65.38037052,-24.17042524],[-65.38007111,-24.17042402],[-65.37982423,-24.17048598],[-65.37971994,-24.17051542],[-65.37963504,-24.17057479],[-65.37955656,-24.1706521],[-65.37955627,-24.17071182],[-65.37957536,-24.17080147],[-65.38080973,-24.1712902],[-65.38112434,-24.17067911],[-65.38116415,-24.17052401],[-65.38130775,-24.17044098],[-65.38142525,-24.1703698],[-65.3815552,-24.1704181],[-65.381659,-24.17049018],[-65.38185409,-24.1705268],[-65.38191918,-24.17052707],[-65.38196416,-24.17049641]]]]},"geometry_name":"geom","properties":{"gid":31,"nombre_geografico":null,"autoridad_de_fuente":"IGN","fuente_de_captura":"IGN03"},"bbox":[-65.38199007,-24.1712902,-65.37955627,-24.17002213]},{"type":"Feature","id":"areas_de_fabricacion_y_procesamiento_AC070.354","geometry":{"type":"MultiPolygon","coordinates":[[[[-68.60855501,-38.37259474],[-68.60694609,-38.37285477],[-68.60735238,-38.37423617],[-68.60889629,-38.37394364],[-68.60855501,-38.37259474]]]]},"geometry_name":"geom","properties":{"gid":354,"nombre_geografico":null,"autoridad_de_fuente":"IGN","fuente_de_captura":"Esri-World_Imagery"},"bbox":[-68.60889629,-38.37423617,-68.60694609,-38.37259474]},{"type":"Feature","id":"areas_de_fabricacion_y_procesamiento_AC070.36","geometry":{"type":"MultiPolygon","coordinates":[[[[-65.35915603,-24.17996624],[-65.35894089,-24.18003102],[-65.35886947,-24.17999489],[-65.35884346,-24.17998881],[-65.3587391,-24.18003017],[-65.35870617,-24.18010767],[-65.35882937,-24.18020373],[-65.35888763,-24.18026966],[-65.35899124,-24.18037759],[-65.35905592,-24.18046147],[-65.35912056,-24.18055131],[-65.35919802,-24.18068302],[-65.35926273,-24.18076092],[-65.35939241,-24.18086299],[-65.35949635,-24.18090522],[-65.35958721,-24.18095935],[-65.35966518,-24.18098954],[-65.35977545,-24.18106763],[-65.35979441,-24.18118118],[-65.35983273,-24.18133063],[-65.35987776,-24.18143831],[-65.36000078,-24.1815702],[-65.36012384,-24.18169613],[-65.36024752,-24.18169664],[-65.36041064,-24.1816197],[-65.3605021,-24.18155439],[-65.36063268,-24.18147731],[-65.3607239,-24.18145977],[-65.36083441,-24.1814901],[-65.36093182,-24.18153828],[-65.36098362,-24.18159224],[-65.3610944,-24.18156882],[-65.36114045,-24.18147346],[-65.36115385,-24.18139589],[-65.36114107,-24.18134806],[-65.36107633,-24.18127613],[-65.36099834,-24.18125191],[-65.36093978,-24.1812457],[-65.36086806,-24.18126928],[-65.36073124,-24.1812926],[-65.36059496,-24.18120842],[-65.36045214,-24.18113019],[-65.36028346,-24.18101602],[-65.36017975,-24.18092601],[-65.36022568,-24.18085454],[-65.36021319,-24.180747],[-65.36015529,-24.18060941],[-65.36017542,-24.18049006],[-65.3602538,-24.18043664],[-65.36042985,-24.18037766],[-65.36043684,-24.18028214],[-65.36033943,-24.18023396],[-65.36028117,-24.18016803],[-65.36016404,-24.18016156],[-65.36000727,-24.1802684],[-65.35951817,-24.18044549],[-65.35915603,-24.17996624]]]]},"geometry_name":"geom","properties":{"gid":36,"nombre_geografico":null,"autoridad_de_fuente":"IGN","fuente_de_captura":"IGN03"},"bbox":[-65.36115385,-24.18169664,-65.35870617,-24.17996624]},{"type":"Feature","id":"areas_de_fabricacion_y_procesamiento_AC070.37","geometry":{"type":"MultiPolygon","coordinates":[[[[-65.35614964,-24.18417885],[-65.35600335,-24.18427378],[-65.3558679,-24.18428276],[-65.35581582,-24.18428254],[-65.35561808,-24.18425304],[-65.35547226,-24.18425242],[-65.35535774,-24.18424238],[-65.35515999,-24.18421288],[-65.35499325,-24.18423129],[-65.35486802,-24.18427853],[-65.35472163,-24.18439257],[-65.35476238,-24.18457428],[-65.35495965,-24.18469933],[-65.35508435,-24.18475718],[-65.35513556,-24.18492939],[-65.35503068,-24.18507226],[-65.35504038,-24.18521562],[-65.35529011,-24.18526445],[-65.35559177,-24.18534217],[-65.35578976,-24.1853239],[-65.3559362,-24.1852003],[-65.35600959,-24.18510507],[-65.35622832,-24.18510599],[-65.35645736,-24.18512607],[-65.35664469,-24.18515552],[-65.35676939,-24.18521338],[-65.35691449,-24.18535731],[-65.3570389,-24.18547249],[-65.35724649,-24.18561669],[-65.35737162,-24.18558855],[-65.35745547,-24.1854838],[-65.35756078,-24.18525493],[-65.35756149,-24.18511161],[-65.35751052,-24.18489164],[-65.35740698,-24.18476699],[-65.35735539,-24.18467123],[-65.35727264,-24.18455622],[-65.35715874,-24.18442197],[-65.35712797,-24.1843263],[-65.35697227,-24.18422054],[-65.35680581,-24.18418162],[-65.35674318,-24.18421002],[-65.35656621,-24.18419016],[-65.35648274,-24.18421847],[-65.35639923,-24.18425634],[-65.3562538,-24.18417929],[-65.35614964,-24.18417885]]]]},"geometry_name":"geom","properties":{"gid":37,"nombre_geografico":null,"autoridad_de_fuente":"IGN","fuente_de_captura":"IGN03"},"bbox":[-65.35756149,-24.18561669,-65.35472163,-24.18417885]},{"type":"Feature","id":"areas_de_fabricacion_y_procesamiento_AC070.40","geometry":{"type":"MultiPolygon","coordinates":[[[[-69.31842449,-37.32078223],[-69.31863388,-37.32156269],[-69.31929251,-37.32151701],[-69.31929251,-37.32133426],[-69.31939531,-37.32122766],[-69.31931345,-37.32062756],[-69.31842449,-37.32078223]]]]},"geometry_name":"geom","properties":{"gid":40,"nombre_geografico":"Instalación de Medición de Petróleo","autoridad_de_fuente":"IGN","fuente_de_captura":"Esri-world_imagery-2010/IGN Dirección de Geografía/IGN04"},"bbox":[-69.31939531,-37.32156269,-69.31842449,-37.32062756]},{"type":"Feature","id":"areas_de_fabricacion_y_procesamiento_AC070.55","geometry":{"type":"MultiPolygon","coordinates":[[[[-69.14227743,-38.93936549],[-69.14248886,-38.93929927],[-69.14291173,-38.93916684],[-69.1433346,-38.93903441],[-69.14375747,-38.93890198],[-69.14389911,-38.93885909],[-69.14429144,-38.93874028],[-69.14468377,-38.93862147],[-69.1450761,-38.93850266],[-69.14546844,-38.93838385],[-69.14586077,-38.93826504],[-69.1462531,-38.93814623],[-69.14664543,-38.93802743],[-69.14703776,-38.93790862],[-69.1474301,-38.93778981],[-69.14782243,-38.937671],[-69.1482173,-38.93754532],[-69.14861218,-38.93741964],[-69.14900705,-38.93729397],[-69.14940193,-38.93716829],[-69.1497968,-38.93704261],[-69.15019168,-38.93691694],[-69.1505311,-38.93680891],[-69.15058655,-38.93679126],[-69.15098143,-38.93666558],[-69.1513763,-38.93653991],[-69.15177118,-38.93641423],[-69.15210371,-38.93630839],[-69.15216605,-38.93628855],[-69.15057698,-38.93318717],[-69.15057906,-38.9331314],[-69.15045026,-38.93283127],[-69.15027855,-38.93243943],[-69.15028908,-38.93236434],[-69.15034235,-38.93230588],[-69.15047039,-38.93224733],[-69.15083323,-38.93211756],[-69.15119309,-38.93198886],[-69.15107508,-38.9317388],[-69.15107694,-38.93173744],[-69.15100566,-38.93158764],[-69.15081524,-38.93118749],[-69.15062483,-38.93078734],[-69.15043442,-38.93038718],[-69.15026917,-38.93001536],[-69.15010392,-38.92964353],[-69.14993868,-38.9292717],[-69.14989723,-38.92917845],[-69.14986586,-38.92917625],[-69.14746889,-38.9297883],[-69.14592386,-38.93018281],[-69.1471307,-38.93333333],[-69.14737248,-38.93394784],[-69.14218074,-38.93518023],[-69.14219511,-38.93521099],[-69.14219229,-38.93521174],[-69.14293172,-38.93674811],[-69.14300746,-38.9369055],[-69.14122633,-38.93744889],[-69.14166993,-38.93825775],[-69.14227743,-38.93936549]]]]},"geometry_name":"geom","properties":{"gid":55,"nombre_geografico":"Parque Petroquímico Industrial de Plaza Huincul","autoridad_de_fuente":"IGN","fuente_de_captura":"Esri-World_Imagery/IGN01"},"bbox":[-69.15216605,-38.93936549,-69.14122633,-38.92917625]},{"type":"Feature","id":"areas_de_fabricacion_y_procesamiento_AC070.61","geometry":{"type":"MultiPolygon","coordinates":[[[[-71.06174584,-39.93732507],[-71.0618942,-39.93755295],[-71.06195509,-39.9376465],[-71.06201932,-39.93771053],[-71.06207242,-39.937759],[-71.06245629,-39.9381095],[-71.06258818,-39.9382975],[-71.0628986,-39.93874001],[-71.06292267,-39.93873477],[-71.06305882,-39.93870512],[-71.06416298,-39.93846468],[-71.06726015,-39.93778361],[-71.06888476,-39.93743833],[-71.07066547,-39.93704292],[-71.07085925,-39.93699396],[-71.07059443,-39.93627728],[-71.06979858,-39.93415035],[-71.0687025,-39.93120434],[-71.06820864,-39.92988318],[-71.06753842,-39.93004611],[-71.06634228,-39.93033095],[-71.06605536,-39.93039369],[-71.06512485,-39.93057859],[-71.06386315,-39.93085333],[-71.06360182,-39.93113427],[-71.06264834,-39.93215931],[-71.06203562,-39.93286815],[-71.06158184,-39.93344992],[-71.06143907,-39.93390796],[-71.06120107,-39.93430285],[-71.06104289,-39.93456529],[-71.06056683,-39.93506349],[-71.06042899,-39.93520774],[-71.06044327,-39.93565032],[-71.06084302,-39.93611075],[-71.06091083,-39.93652478],[-71.06140723,-39.93694847],[-71.06161753,-39.93712797],[-71.06174584,-39.93732507]]]]},"geometry_name":"geom","properties":{"gid":61,"nombre_geografico":"Parque Industrial de Junín de los Andes","autoridad_de_fuente":"IGN","fuente_de_captura":"Esri-Word_Imagery_2010/Catastro Pcial."},"bbox":[-71.07085925,-39.93874001,-71.06042899,-39.92988318]},{"type":"Feature","id":"areas_de_fabricacion_y_procesamiento_AC070.143","geometry":{"type":"MultiPolygon","coordinates":[[[[-59.00272708,-34.17808155],[-59.00647605,-34.17501636],[-59.00112797,-34.17075272],[-59.00147416,-34.17426089],[-59.00272708,-34.17808155]]]]},"geometry_name":"geom","properties":{"gid":143,"nombre_geografico":"Parque Pymes Campana","autoridad_de_fuente":"IGN","fuente_de_captura":"GEOBASIG"},"bbox":[-59.00647605,-34.17808155,-59.00112797,-34.17075272]},{"type":"Feature","id":"areas_de_fabricacion_y_procesamiento_AC070.59","geometry":{"type":"MultiPolygon","coordinates":[[[[-70.03793175,-38.8983297],[-70.03795407,-38.89820138],[-70.03806069,-38.89776982],[-70.03810898,-38.89757432],[-70.0381673,-38.89733826],[-70.03827391,-38.89690671],[-70.03838052,-38.89647515],[-70.03848713,-38.89604359],[-70.03878196,-38.89578971],[-70.03907679,-38.89553584],[-70.03939506,-38.895229],[-70.03827424,-38.89504953],[-70.0364404,-38.89476321],[-70.03434813,-38.89442849],[-70.03291097,-38.8941532],[-70.03298127,-38.89388298],[-70.03308972,-38.89345326],[-70.03311999,-38.89333333],[-70.03319818,-38.89302354],[-70.03330663,-38.89259382],[-70.03334153,-38.89245555],[-70.03316286,-38.89242221],[-70.03080966,-38.89205717],[-70.02636522,-38.89136774],[-70.02597819,-38.89300777],[-70.02574479,-38.89399683],[-70.02572348,-38.89408712],[-70.02570314,-38.89421438],[-70.02588101,-38.89427861],[-70.02630489,-38.89442681],[-70.02673026,-38.89457069],[-70.02715707,-38.89471024],[-70.02758528,-38.89484543],[-70.02801485,-38.89497626],[-70.02844572,-38.89510271],[-70.02877832,-38.89525992],[-70.02905956,-38.89549709],[-70.02927065,-38.8957984],[-70.0293975,-38.89614372],[-70.02977562,-38.89629463],[-70.03014327,-38.89646951],[-70.03049893,-38.89666764],[-70.03084112,-38.89688822],[-70.03116844,-38.89713032],[-70.03147953,-38.89739294],[-70.03189967,-38.89767646],[-70.03215725,-38.89780499],[-70.03244326,-38.89785171],[-70.03715257,-38.89859947],[-70.03737027,-38.89863409],[-70.03778874,-38.89863019],[-70.03787963,-38.89862934],[-70.03793175,-38.8983297]]]]},"geometry_name":"geom","properties":{"gid":59,"nombre_geografico":"Ámbar Cía. Minera","autoridad_de_fuente":"IGN","fuente_de_captura":"Esri-World_imagery/IGN01/IGN04/Sitio Web de la Empresa"},"bbox":[-70.03939506,-38.89863409,-70.02570314,-38.89136774]},{"type":"Feature","id":"areas_de_fabricacion_y_procesamiento_AC070.146","geometry":{"type":"MultiPolygon","coordinates":[[[[-58.68885871,-34.44110612],[-58.68282343,-34.43784549],[-58.68211334,-34.43875677],[-58.68749731,-34.44167352],[-58.68885871,-34.44110612]]]]},"geometry_name":"geom","properties":{"gid":146,"nombre_geografico":"Centro Industrial Pacheco","autoridad_de_fuente":"IGN","fuente_de_captura":"GEOBASIG"},"bbox":[-58.68885871,-34.44167352,-58.68211334,-34.43784549]},{"type":"Feature","id":"areas_de_fabricacion_y_procesamiento_AC070.62","geometry":{"type":"MultiPolygon","coordinates":[[[[-69.14298117,-37.71227635],[-69.139958,-37.71228594],[-69.13998428,-37.71429428],[-69.14225727,-37.71424984],[-69.14227841,-37.71353467],[-69.14301356,-37.7135159],[-69.14298117,-37.71227635]]]]},"geometry_name":"geom","properties":{"gid":62,"nombre_geografico":"Planta de Producción Primaria","autoridad_de_fuente":"IGN","fuente_de_captura":"ESRI-World_Imagery 2010/Subsecretaría de Energía, Minería e Hidrocarburos Pcial."},"bbox":[-69.14301356,-37.71429428,-69.139958,-37.71227635]},{"type":"Feature","id":"areas_de_fabricacion_y_procesamiento_AC070.56","geometry":{"type":"MultiPolygon","coordinates":[[[[-69.27531947,-38.93138729],[-69.27509861,-38.9313831],[-69.27347714,-38.93124864],[-69.2730833,-38.93121531],[-69.27268926,-38.9311845],[-69.27229503,-38.93115621],[-69.27184632,-38.93113763],[-69.27139734,-38.93112726],[-69.27094824,-38.9311251],[-69.27049918,-38.93113114],[-69.27005031,-38.9311454],[-69.26960177,-38.93116785],[-69.26916872,-38.93118532],[-69.26873633,-38.93121507],[-69.26830497,-38.93125708],[-69.26807297,-38.93127022],[-69.26784097,-38.93125708],[-69.26727356,-38.93131862],[-69.26725565,-38.93141131],[-69.26722355,-38.93157745],[-69.26718332,-38.93178567],[-69.26673629,-38.93182646],[-69.26628925,-38.93186725],[-69.26584221,-38.93190804],[-69.26539517,-38.93194883],[-69.26494813,-38.93198962],[-69.26450109,-38.93203041],[-69.26405405,-38.9320712],[-69.26364478,-38.9320712],[-69.26323551,-38.9320712],[-69.26282625,-38.9320712],[-69.26241698,-38.9320712],[-69.26200771,-38.9320712],[-69.26159844,-38.9320712],[-69.26124756,-38.93204739],[-69.26089668,-38.93202358],[-69.2605458,-38.93199977],[-69.26010919,-38.93192117],[-69.25967258,-38.93184257],[-69.25923597,-38.93176398],[-69.25903972,-38.93171037],[-69.25889232,-38.93166669],[-69.25864238,-38.93159264],[-69.25824503,-38.93147492],[-69.25784769,-38.93135719],[-69.25742437,-38.93123052],[-69.25700105,-38.93110384],[-69.25657773,-38.93097716],[-69.25619765,-38.93086062],[-69.25616691,-38.9308512],[-69.25575609,-38.93072524],[-69.25534527,-38.93059927],[-69.25493445,-38.93047331],[-69.25452364,-38.93034735],[-69.25411282,-38.93022139],[-69.25370881,-38.93011567],[-69.25330479,-38.93000996],[-69.25290078,-38.92990424],[-69.25247177,-38.92979407],[-69.25204276,-38.9296839],[-69.25161375,-38.92957373],[-69.25121031,-38.92947726],[-69.25080687,-38.92938079],[-69.25040344,-38.92928432],[-69.25,-38.92918785],[-69.24978433,-38.92913628],[-69.24974902,-38.92912776],[-69.24945106,-38.92905592],[-69.24915007,-38.92898335],[-69.24911778,-38.92897556],[-69.24889872,-38.92898954],[-69.24866765,-38.92899861],[-69.24843659,-38.92900769],[-69.24811233,-38.92902043],[-69.24806837,-38.92902215],[-69.24770014,-38.92903661],[-69.24733191,-38.92905108],[-69.24697933,-38.92906493],[-69.24696368,-38.92906554],[-69.24659545,-38.92908],[-69.24645136,-38.92909832],[-69.24606548,-38.9292275],[-69.24567959,-38.92935667],[-69.2452937,-38.92948584],[-69.24490781,-38.92961501],[-69.24452192,-38.92974419],[-69.24413603,-38.92987336],[-69.24398677,-38.92988024],[-69.24393136,-38.92988279],[-69.24384705,-38.93023878],[-69.24376273,-38.93059477],[-69.24367842,-38.93095075],[-69.24378947,-38.9309664],[-69.24422071,-38.93102718],[-69.24465195,-38.93108795],[-69.2450832,-38.93114873],[-69.24551444,-38.9312095],[-69.24594568,-38.93127028],[-69.24637116,-38.93133168],[-69.24679664,-38.93139309],[-69.24722212,-38.93145449],[-69.2476476,-38.93151589],[-69.24807308,-38.9315773],[-69.24849856,-38.9316387],[-69.2486918,-38.9316563],[-69.24908363,-38.93171326],[-69.24912786,-38.93171969],[-69.24947546,-38.93177023],[-69.24956393,-38.93178309],[-69.24986729,-38.93182719],[-69.25,-38.93184648],[-69.25025913,-38.93188415],[-69.2503476,-38.93189701],[-69.25065096,-38.93194111],[-69.25069519,-38.93194754],[-69.25104279,-38.93199807],[-69.2514678,-38.93205946],[-69.25189281,-38.93212084],[-69.25231782,-38.93218223],[-69.25274283,-38.93224361],[-69.25316784,-38.932305],[-69.25359285,-38.93236639],[-69.25402074,-38.93242776],[-69.25444864,-38.93248913],[-69.25487653,-38.9325505],[-69.25530443,-38.93261187],[-69.25573233,-38.93267324],[-69.25586199,-38.93269183],[-69.25616022,-38.93273461],[-69.25643423,-38.93277311],[-69.2565862,-38.93279447],[-69.25681453,-38.93282656],[-69.25701217,-38.93285433],[-69.2571197,-38.93286944],[-69.25719484,-38.93288],[-69.25743814,-38.9329142],[-69.25757515,-38.93293345],[-69.25786412,-38.93297406],[-69.25795545,-38.93298689],[-69.25829009,-38.93303392],[-69.25833576,-38.93304034],[-69.25871606,-38.93309379],[-69.25888912,-38.93311142],[-69.25926791,-38.9331669],[-69.2592829,-38.93316909],[-69.2596467,-38.93322238],[-69.25967667,-38.93322676],[-69.26002549,-38.93327785],[-69.26007044,-38.93328444],[-69.26040428,-38.93333333],[-69.26046422,-38.93334211],[-69.26082802,-38.9333954],[-69.26085799,-38.93339979],[-69.26125176,-38.93345746],[-69.26165227,-38.93351586],[-69.26205278,-38.93357426],[-69.26245329,-38.93363266],[-69.26285379,-38.93369106],[-69.2632543,-38.93374947],[-69.26365481,-38.93380787],[-69.26409083,-38.93387122],[-69.26452685,-38.93393457],[-69.26496288,-38.93399792],[-69.2653989,-38.93406127],[-69.26583492,-38.93412462],[-69.26627094,-38.93418797],[-69.26670696,-38.93425132],[-69.26664301,-38.93452228],[-69.26658427,-38.93477114],[-69.2666433,-38.93477897],[-69.26706379,-38.93483471],[-69.26748427,-38.93489046],[-69.26777057,-38.93492842],[-69.26780461,-38.93493293],[-69.26790476,-38.93494621],[-69.26832524,-38.93500196],[-69.26874573,-38.9350577],[-69.26916621,-38.93511345],[-69.26958669,-38.9351692],[-69.27002386,-38.93522763],[-69.27046103,-38.93528607],[-69.27089819,-38.9353445],[-69.27133536,-38.93540293],[-69.27177253,-38.93546137],[-69.27220969,-38.9355198],[-69.27264686,-38.93557824],[-69.27308403,-38.93563667],[-69.27352119,-38.93569511],[-69.27395836,-38.93575354],[-69.27439553,-38.93581197],[-69.27483269,-38.93587041],[-69.27526986,-38.93592884],[-69.27562561,-38.93597372],[-69.27567797,-38.93600306],[-69.27596318,-38.93604118],[-69.27640034,-38.93609961],[-69.27683751,-38.93615805],[-69.27727468,-38.93621648],[-69.27771184,-38.93627492],[-69.27814901,-38.93633335],[-69.27856011,-38.93638521],[-69.27861783,-38.93611585],[-69.27850362,-38.93603019],[-69.2781467,-38.93597308],[-69.2782038,-38.93529493],[-69.27816811,-38.93361028],[-69.27819663,-38.93191055],[-69.27819841,-38.93180451],[-69.2782038,-38.93148304],[-69.27780405,-38.93149731],[-69.27660481,-38.93141165],[-69.27531947,-38.93138729]]]]},"geometry_name":"geom","properties":{"gid":56,"nombre_geografico":null,"autoridad_de_fuente":"IGN","fuente_de_captura":"Esri-World_Imagery"},"bbox":[-69.27861783,-38.93638521,-69.24367842,-38.92897556]},{"type":"Feature","id":"areas_de_fabricacion_y_procesamiento_AC070.71","geometry":{"type":"MultiPolygon","coordinates":[[[[-69.28658761,-37.95382005],[-69.2848175,-37.95383389],[-69.28472503,-37.95483528],[-69.28660349,-37.95480688],[-69.28658761,-37.95382005]]]]},"geometry_name":"geom","properties":{"gid":71,"nombre_geografico":null,"autoridad_de_fuente":"IGN","fuente_de_captura":"ESRI-World_Imagery"},"bbox":[-69.28660349,-37.95483528,-69.28472503,-37.95382005]},{"type":"Feature","id":"areas_de_fabricacion_y_procesamiento_AC070.72","geometry":{"type":"MultiPolygon","coordinates":[[[[-69.23429318,-37.97716236],[-69.23399808,-37.97716772],[-69.23397898,-37.97684357],[-69.23219622,-37.97684234],[-69.23218943,-37.97851095],[-69.23402641,-37.97850254],[-69.23400747,-37.97823084],[-69.23432065,-37.97822545],[-69.23429318,-37.97716236]]]]},"geometry_name":"geom","properties":{"gid":72,"nombre_geografico":null,"autoridad_de_fuente":"IGN","fuente_de_captura":"ESRI-World_Imagery"},"bbox":[-69.23432065,-37.97851095,-69.23218943,-37.97684234]},{"type":"Feature","id":"areas_de_fabricacion_y_procesamiento_AC070.57","geometry":{"type":"MultiPolygon","coordinates":[[[[-69.17896704,-38.92782136],[-69.1792621,-38.92802123],[-69.17943342,-38.92824966],[-69.17953811,-38.92833532],[-69.17967136,-38.92838291],[-69.17968578,-38.92861062],[-69.17968587,-38.92861207],[-69.17981413,-38.93063864],[-69.18472534,-38.93041021],[-69.18739985,-38.93031503],[-69.18765683,-38.930296],[-69.18764695,-38.93053029],[-69.18766928,-38.93052863],[-69.18765274,-38.93092063],[-69.18766565,-38.93113028],[-69.18776584,-38.93112578],[-69.18798381,-38.93111321],[-69.18820178,-38.93110064],[-69.18841975,-38.93108806],[-69.18863773,-38.93107549],[-69.1888557,-38.93106292],[-69.18907367,-38.93105035],[-69.18929164,-38.93103778],[-69.18950961,-38.9310252],[-69.18972759,-38.93101263],[-69.18994556,-38.93100006],[-69.19013165,-38.93099079],[-69.19031774,-38.93098153],[-69.19050383,-38.93097226],[-69.19068992,-38.930963],[-69.19087601,-38.93095373],[-69.1910621,-38.93094446],[-69.19127279,-38.93093468],[-69.19148348,-38.93092489],[-69.19169416,-38.93091511],[-69.19190485,-38.93090532],[-69.19211553,-38.93089554],[-69.19232622,-38.93088575],[-69.19253691,-38.93087597],[-69.19274759,-38.93086618],[-69.19295828,-38.93085639],[-69.19316897,-38.93084661],[-69.19337965,-38.93083682],[-69.19359034,-38.93082704],[-69.19380102,-38.93081725],[-69.19401171,-38.93080747],[-69.19436018,-38.93078914],[-69.19469825,-38.93077137],[-69.19469483,-38.93073079],[-69.19470307,-38.93073044],[-69.19461774,-38.92943791],[-69.19458592,-38.9290013],[-69.19458006,-38.92893958],[-69.19455483,-38.92867389],[-69.19454154,-38.92846722],[-69.19453225,-38.92832263],[-69.19450967,-38.92797136],[-69.19448717,-38.92765162],[-69.19447577,-38.92748958],[-69.19442952,-38.92685483],[-69.19436015,-38.92590275],[-69.19433626,-38.92560103],[-69.19431237,-38.92529931],[-69.19431342,-38.92523712],[-69.19431677,-38.92503895],[-69.19430046,-38.92503557],[-69.19430433,-38.92480631],[-69.19427886,-38.92480105],[-69.19425457,-38.92479176],[-69.19423209,-38.92477869],[-69.194212,-38.92476218],[-69.19419481,-38.92474266],[-69.19418304,-38.92472444],[-69.19417381,-38.9247048],[-69.1941673,-38.9246841],[-69.19417133,-38.92467316],[-69.19413798,-38.92467017],[-69.19320999,-38.92458689],[-69.19243699,-38.92452891],[-69.19225821,-38.9245155],[-69.19138971,-38.92438463],[-69.1909971,-38.92439653],[-69.19098943,-38.92439525],[-69.18978357,-38.92419428],[-69.1892125,-38.9240991],[-69.188344,-38.92383736],[-69.18760636,-38.92351613],[-69.18680924,-38.92324249],[-69.18624819,-38.92313858],[-69.18593612,-38.92304598],[-69.18562405,-38.92295338],[-69.18531198,-38.92286078],[-69.18499991,-38.92276818],[-69.18468785,-38.92267558],[-69.18437578,-38.92258298],[-69.18406371,-38.92249038],[-69.18375164,-38.92239778],[-69.18336653,-38.92229155],[-69.18237155,-38.92201707],[-69.18209841,-38.92265475],[-69.18160824,-38.92373027],[-69.18144713,-38.92401609],[-69.18110449,-38.92392329],[-69.18076185,-38.92383049],[-69.18046917,-38.92366631],[-69.1801765,-38.92350213],[-69.17982523,-38.92407157],[-69.17661893,-38.92232477],[-69.17650588,-38.92226318],[-69.17674382,-38.92185867],[-69.17675088,-38.92185029],[-69.17687857,-38.9216985],[-69.17656924,-38.92152004],[-69.17625991,-38.92134158],[-69.17595058,-38.92116312],[-69.17564125,-38.92098466],[-69.17533668,-38.92088472],[-69.17532363,-38.92090963],[-69.1753066,-38.920932],[-69.17528607,-38.92095121],[-69.17526261,-38.9209667],[-69.17527519,-38.92103334],[-69.17527779,-38.92105688],[-69.17528264,-38.92110075],[-69.17528489,-38.92116854],[-69.1752838,-38.92119356],[-69.17528196,-38.9212359],[-69.17528194,-38.92123629],[-69.1752738,-38.92130362],[-69.17526053,-38.92137013],[-69.17519986,-38.921802],[-69.17513918,-38.92223387],[-69.1750785,-38.92266575],[-69.17501783,-38.92309762],[-69.17495715,-38.92352949],[-69.17489647,-38.92396136],[-69.1748358,-38.92439324],[-69.17477512,-38.92482511],[-69.17470812,-38.92526914],[-69.17464112,-38.92571318],[-69.17457413,-38.92615721],[-69.17450713,-38.92660125],[-69.17444013,-38.92704528],[-69.17441123,-38.92723678],[-69.17437313,-38.92748931],[-69.17433112,-38.92776772],[-69.17431747,-38.92787664],[-69.17436116,-38.92788373],[-69.17444607,-38.9278975],[-69.17452221,-38.92788798],[-69.17464594,-38.9277928],[-69.17488389,-38.92769763],[-69.17525508,-38.92769763],[-69.17586423,-38.92769763],[-69.17612121,-38.92767859],[-69.17866247,-38.92775473],[-69.17896704,-38.92782136]]]]},"geometry_name":"geom","properties":{"gid":57,"nombre_geografico":"YPF - Complejo Industrial Plaza Huincul","autoridad_de_fuente":"IGN","fuente_de_captura":"Esri-World_Imagery/IGN01"},"bbox":[-69.19470307,-38.93113028,-69.17431747,-38.92088472]},{"type":"Feature","id":"areas_de_fabricacion_y_procesamiento_AC070.66","geometry":{"type":"MultiPolygon","coordinates":[[[[-69.33756578,-37.80080075],[-69.33665101,-37.80047441],[-69.3359949,-37.80153945],[-69.33696385,-37.80188471],[-69.33705938,-37.80175095],[-69.33727618,-37.80185998],[-69.3375029,-37.80150653],[-69.33725599,-37.80138328],[-69.33756578,-37.80080075]]]]},"geometry_name":"geom","properties":{"gid":66,"nombre_geografico":"Unidad Separadora Primaria","autoridad_de_fuente":"IGN","fuente_de_captura":"ESRI-World_Imagery/Secretaría de Energía de la Nación"},"bbox":[-69.33756578,-37.80188471,-69.3359949,-37.80047441]},{"type":"Feature","id":"areas_de_fabricacion_y_procesamiento_AC070.68","geometry":{"type":"MultiPolygon","coordinates":[[[[-69.22438982,-37.86443855],[-69.22421638,-37.86475354],[-69.22334997,-37.8646074],[-69.22328002,-37.86534173],[-69.22583762,-37.86591849],[-69.22590967,-37.86588021],[-69.22604005,-37.86525065],[-69.22531794,-37.86509947],[-69.22549109,-37.86468913],[-69.22438982,-37.86443855]]]]},"geometry_name":"geom","properties":{"gid":68,"nombre_geografico":null,"autoridad_de_fuente":"IGN","fuente_de_captura":"ESRI-World_Imagery"},"bbox":[-69.22604005,-37.86591849,-69.22328002,-37.86443855]},{"type":"Feature","id":"areas_de_fabricacion_y_procesamiento_AC070.74","geometry":{"type":"MultiPolygon","coordinates":[[[[-69.18823249,-37.97050004],[-69.18639475,-37.97013349],[-69.18599854,-37.97123063],[-69.18289524,-37.97051442],[-69.18239448,-37.97197523],[-69.18298194,-37.97208158],[-69.18232394,-37.97388828],[-69.18469656,-37.9743792],[-69.18494326,-37.97368753],[-69.1869694,-37.97410148],[-69.18823249,-37.97050004]]]]},"geometry_name":"geom","properties":{"gid":74,"nombre_geografico":"Unidad Separadora Primaria N° 2 El Orejano","autoridad_de_fuente":"IGN","fuente_de_captura":"ESRI-World_Imagery/Subsecretaría de Energía, Minería e Hidrocarburos Pcial."},"bbox":[-69.18823249,-37.9743792,-69.18232394,-37.97013349]},{"type":"Feature","id":"areas_de_fabricacion_y_procesamiento_AC070.75","geometry":{"type":"MultiPolygon","coordinates":[[[[-69.13537567,-37.9340272],[-69.13394456,-37.93402168],[-69.1339225,-37.93430418],[-69.13365163,-37.93430806],[-69.13361686,-37.93505183],[-69.13498932,-37.93506457],[-69.13500721,-37.93497516],[-69.13540897,-37.93495324],[-69.13537567,-37.9340272]]]]},"geometry_name":"geom","properties":{"gid":75,"nombre_geografico":null,"autoridad_de_fuente":"IGN","fuente_de_captura":"ESRI-World_Imagery"},"bbox":[-69.13540897,-37.93506457,-69.13361686,-37.93402168]},{"type":"Feature","id":"areas_de_fabricacion_y_procesamiento_AC070.77","geometry":{"type":"MultiPolygon","coordinates":[[[[-69.22835388,-37.35924091],[-69.22752922,-37.35911853],[-69.22757024,-37.35885622],[-69.22705047,-37.35881907],[-69.22670238,-37.36025489],[-69.22789143,-37.36038134],[-69.22795625,-37.36009037],[-69.2281534,-37.36009953],[-69.22835388,-37.35924091]]]]},"geometry_name":"geom","properties":{"gid":77,"nombre_geografico":"Planta de Tratamiento de Crudo El Límite","autoridad_de_fuente":"IGN","fuente_de_captura":"Esri-World Imagery 2010/IGN04/Subsecretaría de Energía, Minería e Hidrocarburos Pcial."},"bbox":[-69.22835388,-37.36038134,-69.22670238,-37.35881907]},{"type":"Feature","id":"areas_de_fabricacion_y_procesamiento_AC070.78","geometry":{"type":"MultiPolygon","coordinates":[[[[-58.21993291,-34.82540566],[-58.22159063,-34.826959],[-58.22284961,-34.82643586],[-58.22116074,-34.82487314],[-58.22097991,-34.82500469],[-58.22071505,-34.82477268],[-58.21993291,-34.82540566]]]]},"geometry_name":"geom","properties":{"gid":78,"nombre_geografico":null,"autoridad_de_fuente":"IGN","fuente_de_captura":"IGN"},"bbox":[-58.22284961,-34.826959,-58.21993291,-34.82477268]},{"type":"Feature","id":"areas_de_fabricacion_y_procesamiento_AC070.79","geometry":{"type":"MultiPolygon","coordinates":[[[[-58.2192041,-34.83209012],[-58.21816031,-34.83109339],[-58.21815486,-34.83108833],[-58.21690044,-34.82992459],[-58.21657109,-34.82960984],[-58.21506251,-34.83024307],[-58.21350875,-34.83093852],[-58.21359476,-34.83109397],[-58.21586459,-34.83333336],[-58.21666668,-34.83333336],[-58.21744926,-34.83333336],[-58.21911545,-34.83221426],[-58.21911446,-34.83219967],[-58.21915427,-34.83212793],[-58.2192041,-34.83209012]]]]},"geometry_name":"geom","properties":{"gid":79,"nombre_geografico":null,"autoridad_de_fuente":"IGN","fuente_de_captura":"IGN"},"bbox":[-58.2192041,-34.83333336,-58.21350875,-34.82960984]},{"type":"Feature","id":"areas_de_fabricacion_y_procesamiento_AC070.80","geometry":{"type":"MultiPolygon","coordinates":[[[[-58.19961662,-34.82469551],[-58.20054241,-34.82657138],[-58.19930762,-34.82697705],[-58.20032861,-34.82908307],[-58.20436372,-34.82775303],[-58.20501694,-34.82754061],[-58.20390082,-34.82674853],[-58.20388603,-34.82672224],[-58.20357312,-34.82554506],[-58.20304838,-34.82413285],[-58.20103243,-34.82481097],[-58.20076946,-34.82432707],[-58.19961662,-34.82469551]]]]},"geometry_name":"geom","properties":{"gid":80,"nombre_geografico":null,"autoridad_de_fuente":"IGN","fuente_de_captura":"IGN"},"bbox":[-58.20501694,-34.82908307,-58.19930762,-34.82413285]},{"type":"Feature","id":"areas_de_fabricacion_y_procesamiento_AC070.81","geometry":{"type":"MultiPolygon","coordinates":[[[[-58.19775267,-34.81768145],[-58.19802918,-34.81904423],[-58.19821639,-34.81999034],[-58.19845977,-34.82122089],[-58.19848167,-34.82153427],[-58.19859196,-34.82365805],[-58.19869013,-34.82364754],[-58.19869611,-34.82376076],[-58.19864481,-34.82381254],[-58.19868203,-34.82408642],[-58.19935095,-34.82404763],[-58.19935313,-34.82409769],[-58.19937917,-34.82409863],[-58.20285733,-34.82295785],[-58.20284094,-34.82262904],[-58.20276392,-34.82236693],[-58.20252118,-34.82146798],[-58.20249794,-34.82144533],[-58.2020325,-34.82075188],[-58.20140472,-34.8200795],[-58.20135137,-34.82001112],[-58.20086044,-34.81925862],[-58.20051058,-34.8187178],[-58.20020234,-34.81823529],[-58.20016771,-34.81812849],[-58.20013097,-34.81789072],[-58.19990718,-34.81752201],[-58.19949527,-34.81748542],[-58.19919305,-34.81746265],[-58.19775267,-34.81768145]]]]},"geometry_name":"geom","properties":{"gid":81,"nombre_geografico":null,"autoridad_de_fuente":"IGN","fuente_de_captura":"IGN"},"bbox":[-58.20285733,-34.82409863,-58.19775267,-34.81746265]},{"type":"Feature","id":"areas_de_fabricacion_y_procesamiento_AC070.82","geometry":{"type":"MultiPolygon","coordinates":[[[[-58.21140013,-34.76297018],[-58.21108583,-34.76313274],[-58.2111066,-34.7631695],[-58.20967559,-34.76382524],[-58.20961984,-34.76386634],[-58.20979811,-34.76410185],[-58.20837297,-34.76476468],[-58.20733263,-34.7652615],[-58.20711612,-34.76497986],[-58.20699912,-34.76503229],[-58.20226315,-34.76726127],[-58.20206966,-34.76737049],[-58.20600553,-34.76932264],[-58.20667177,-34.76967674],[-58.20714485,-34.76991352],[-58.20739949,-34.76953836],[-58.20743579,-34.76954993],[-58.20908442,-34.76741108],[-58.21094846,-34.76493917],[-58.21142377,-34.76434121],[-58.21216835,-34.76338285],[-58.21140013,-34.76297018]]]]},"geometry_name":"geom","properties":{"gid":82,"nombre_geografico":null,"autoridad_de_fuente":"IGN","fuente_de_captura":"IGN"},"bbox":[-58.21216835,-34.76991352,-58.20206966,-34.76297018]},{"type":"Feature","id":"areas_de_fabricacion_y_procesamiento_AC070.83","geometry":{"type":"MultiPolygon","coordinates":[[[[-58.22425608,-34.75206631],[-58.22453116,-34.75221007],[-58.22471733,-34.75198117],[-58.22520773,-34.75224047],[-58.22547448,-34.751905],[-58.22468829,-34.75149557],[-58.22425608,-34.75206631]]]]},"geometry_name":"geom","properties":{"gid":83,"nombre_geografico":null,"autoridad_de_fuente":"IGN","fuente_de_captura":"IGN"},"bbox":[-58.22547448,-34.75224047,-58.22425608,-34.75149557]},{"type":"Feature","id":"areas_de_fabricacion_y_procesamiento_AC070.84","geometry":{"type":"MultiPolygon","coordinates":[[[[-58.22458155,-34.75304501],[-58.22493331,-34.75260267],[-58.22492084,-34.75254079],[-58.22397748,-34.75205423],[-58.22392851,-34.75206426],[-58.22339294,-34.75277794],[-58.22362581,-34.75289484],[-58.22352649,-34.75301746],[-58.22379436,-34.75315547],[-58.22390196,-34.75300653],[-58.22400389,-34.75306036],[-58.22411441,-34.75291377],[-58.22422056,-34.75286262],[-58.22458155,-34.75304501]]]]},"geometry_name":"geom","properties":{"gid":84,"nombre_geografico":null,"autoridad_de_fuente":"IGN","fuente_de_captura":"IGN"},"bbox":[-58.22493331,-34.75315547,-58.22339294,-34.75205423]},{"type":"Feature","id":"areas_de_fabricacion_y_procesamiento_AC070.85","geometry":{"type":"MultiPolygon","coordinates":[[[[-58.22266173,-34.7500886],[-58.22203134,-34.75024994],[-58.22069033,-34.75061873],[-58.21921113,-34.75102228],[-58.21584158,-34.75256318],[-58.21956458,-34.75619618],[-58.22102461,-34.754288],[-58.22244515,-34.75244936],[-58.22377705,-34.75067837],[-58.22266173,-34.7500886]]]]},"geometry_name":"geom","properties":{"gid":85,"nombre_geografico":null,"autoridad_de_fuente":"IGN","fuente_de_captura":"IGN"},"bbox":[-58.22377705,-34.75619618,-58.21584158,-34.7500886]},{"type":"Feature","id":"areas_de_fabricacion_y_procesamiento_AC070.86","geometry":{"type":"MultiPolygon","coordinates":[[[[-58.24179436,-34.77319701],[-58.24111015,-34.77382643],[-58.24091843,-34.77395478],[-58.24090477,-34.77400738],[-58.24135533,-34.7745656],[-58.24159686,-34.77486839],[-58.24183058,-34.7752285],[-58.24187814,-34.77531625],[-58.24194086,-34.77545155],[-58.24200441,-34.77564168],[-58.24204098,-34.7757677],[-58.24210906,-34.77606749],[-58.24213735,-34.77621983],[-58.24216501,-34.77632925],[-58.24219526,-34.77641957],[-58.24227154,-34.7764951],[-58.24243498,-34.77660075],[-58.24349906,-34.77528301],[-58.24186164,-34.77440781],[-58.24249083,-34.77357863],[-58.24249311,-34.77353807],[-58.24184934,-34.77320122],[-58.24179436,-34.77319701]]]]},"geometry_name":"geom","properties":{"gid":86,"nombre_geografico":null,"autoridad_de_fuente":"IGN","fuente_de_captura":"IGN"},"bbox":[-58.24349906,-34.77660075,-58.24090477,-34.77319701]},{"type":"Feature","id":"areas_de_fabricacion_y_procesamiento_AC070.87","geometry":{"type":"MultiPolygon","coordinates":[[[[-58.23876721,-34.80464373],[-58.2348513,-34.80669749],[-58.23485204,-34.80674757],[-58.23600366,-34.80748351],[-58.23953062,-34.80556726],[-58.23876721,-34.80464373]]]]},"geometry_name":"geom","properties":{"gid":87,"nombre_geografico":null,"autoridad_de_fuente":"IGN","fuente_de_captura":"IGN"},"bbox":[-58.23953062,-34.80748351,-58.2348513,-34.80464373]},{"type":"Feature","id":"areas_de_fabricacion_y_procesamiento_AC070.88","geometry":{"type":"MultiPolygon","coordinates":[[[[-58.24258299,-34.80404858],[-58.24114283,-34.80479779],[-58.24203277,-34.80591672],[-58.24347002,-34.80516514],[-58.24258299,-34.80404858]]]]},"geometry_name":"geom","properties":{"gid":88,"nombre_geografico":null,"autoridad_de_fuente":"IGN","fuente_de_captura":"IGN"},"bbox":[-58.24347002,-34.80591672,-58.24114283,-34.80404858]},{"type":"Feature","id":"areas_de_fabricacion_y_procesamiento_AC070.89","geometry":{"type":"MultiPolygon","coordinates":[[[[-58.24518423,-34.80517722],[-58.24630189,-34.80451711],[-58.24564854,-34.80413747],[-58.24427489,-34.80488604],[-58.24513579,-34.80599331],[-58.24562625,-34.80573074],[-58.24518423,-34.80517722]]]]},"geometry_name":"geom","properties":{"gid":89,"nombre_geografico":null,"autoridad_de_fuente":"IGN","fuente_de_captura":"IGN"},"bbox":[-58.24630189,-34.80599331,-58.24427489,-34.80413747]},{"type":"Feature","id":"areas_de_fabricacion_y_procesamiento_AC070.90","geometry":{"type":"MultiPolygon","coordinates":[[[[-58.23442408,-34.79840719],[-58.23400257,-34.7986404],[-58.2362877,-34.80152905],[-58.23836125,-34.80040977],[-58.23442408,-34.79840719]]]]},"geometry_name":"geom","properties":{"gid":90,"nombre_geografico":null,"autoridad_de_fuente":"IGN","fuente_de_captura":"IGN"},"bbox":[-58.23836125,-34.80152905,-58.23400257,-34.79840719]},{"type":"Feature","id":"areas_de_fabricacion_y_procesamiento_AC070.91","geometry":{"type":"MultiPolygon","coordinates":[[[[-58.24407309,-34.79686079],[-58.24734637,-34.79849068],[-58.2488385,-34.79654965],[-58.24621293,-34.79521425],[-58.24407309,-34.79686079]]]]},"geometry_name":"geom","properties":{"gid":91,"nombre_geografico":null,"autoridad_de_fuente":"IGN","fuente_de_captura":"IGN"},"bbox":[-58.2488385,-34.79849068,-58.24407309,-34.79521425]},{"type":"Feature","id":"areas_de_fabricacion_y_procesamiento_AC070.92","geometry":{"type":"MultiPolygon","coordinates":[[[[-58.2471048,-34.78654963],[-58.24553024,-34.78852726],[-58.24679916,-34.78928932],[-58.24844668,-34.78831852],[-58.24896978,-34.78754405],[-58.2471048,-34.78654963]]]]},"geometry_name":"geom","properties":{"gid":92,"nombre_geografico":null,"autoridad_de_fuente":"IGN","fuente_de_captura":"IGN"},"bbox":[-58.24896978,-34.78928932,-58.24553024,-34.78654963]},{"type":"Feature","id":"areas_de_fabricacion_y_procesamiento_AC070.98","geometry":{"type":"MultiPolygon","coordinates":[[[[-58.17929523,-34.86568077],[-58.17794354,-34.86449564],[-58.17322761,-34.86816969],[-58.17305391,-34.8683196],[-58.17299918,-34.86828628],[-58.17273744,-34.8684814],[-58.1723829,-34.86875504],[-58.17193556,-34.86910244],[-58.17143111,-34.86950219],[-58.17121472,-34.8696992],[-58.17592413,-34.87384471],[-58.1759741,-34.87371621],[-58.1762287,-34.87300238],[-58.17642382,-34.87249555],[-58.17651424,-34.87240989],[-58.17694492,-34.87139624],[-58.17710434,-34.87102266],[-58.17724473,-34.87069668],[-58.17740654,-34.87059912],[-58.17758975,-34.87012561],[-58.17763734,-34.86998998],[-58.17768017,-34.86988766],[-58.17780391,-34.86959737],[-58.17794667,-34.86952836],[-58.17795381,-34.86948077],[-58.17805155,-34.86935006],[-58.17826518,-34.86882927],[-58.17835156,-34.86859711],[-58.17813501,-34.86852566],[-58.17820639,-34.86835672],[-58.17829586,-34.8681102],[-58.1784767,-34.86768666],[-58.17869085,-34.86715842],[-58.17901208,-34.86635178],[-58.1791715,-34.86596631],[-58.17929523,-34.86568077]]]]},"geometry_name":"geom","properties":{"gid":98,"nombre_geografico":"Centro Industrial Ruta 2","autoridad_de_fuente":"IGN","fuente_de_captura":"IGN/Open Street View"},"bbox":[-58.17929523,-34.87384471,-58.17121472,-34.86449564]},{"type":"Feature","id":"areas_de_fabricacion_y_procesamiento_AC070.99","geometry":{"type":"MultiPolygon","coordinates":[[[[-58.19162623,-34.84846654],[-58.18737894,-34.84737261],[-58.18727449,-34.84764455],[-58.18694816,-34.84853172],[-58.18669599,-34.84918827],[-58.18669303,-34.84919598],[-58.18641981,-34.84993312],[-58.18610772,-34.85075645],[-58.18599693,-34.85104531],[-58.18573107,-34.85173841],[-58.1856094,-34.85205561],[-58.18553906,-34.8522419],[-58.18539461,-34.85262447],[-58.18553357,-34.85268793],[-58.18603484,-34.85311354],[-58.18704282,-34.85401408],[-58.1880525,-34.85488635],[-58.1888088,-34.85554003],[-58.18896522,-34.85567522],[-58.19162623,-34.84846654]]]]},"geometry_name":"geom","properties":{"gid":99,"nombre_geografico":null,"autoridad_de_fuente":"IGN","fuente_de_captura":"IGN"},"bbox":[-58.19162623,-34.85567522,-58.18539461,-34.84737261]},{"type":"Feature","id":"areas_de_fabricacion_y_procesamiento_AC070.100","geometry":{"type":"MultiPolygon","coordinates":[[[[-58.18283965,-34.86520683],[-58.18206245,-34.86498334],[-58.18185208,-34.86492188],[-58.18081533,-34.86461897],[-58.18066254,-34.86499132],[-58.18052659,-34.86532263],[-58.18012558,-34.86630526],[-58.1810223,-34.86709085],[-58.18111617,-34.86717308],[-58.18134575,-34.86737421],[-58.18158808,-34.86758662],[-58.18179719,-34.86776992],[-58.18232354,-34.86649737],[-58.18240533,-34.86629961],[-58.18279844,-34.8653105],[-58.18283965,-34.86520683]]]]},"geometry_name":"geom","properties":{"gid":100,"nombre_geografico":null,"autoridad_de_fuente":"IGN","fuente_de_captura":"IGN"},"bbox":[-58.18283965,-34.86776992,-58.18012558,-34.86461897]},{"type":"Feature","id":"areas_de_fabricacion_y_procesamiento_AC070.101","geometry":{"type":"MultiPolygon","coordinates":[[[[-58.17600166,-34.87651169],[-58.17578554,-34.87696952],[-58.17587484,-34.87694792],[-58.17684206,-34.87668232],[-58.17784586,-34.87630746],[-58.17948769,-34.87544092],[-58.18006676,-34.87510439],[-58.18021414,-34.87496676],[-58.18027533,-34.87490961],[-58.18123664,-34.87416722],[-58.18303809,-34.87275017],[-58.18411909,-34.87189078],[-58.18288112,-34.87080283],[-58.18285304,-34.87070622],[-58.1828479,-34.87053535],[-58.18128253,-34.87050173],[-58.18031165,-34.87048316],[-58.18015914,-34.87048024],[-58.17910854,-34.87045577],[-58.17829111,-34.87043673],[-58.17822815,-34.87043526],[-58.17820675,-34.8705674],[-58.1782054,-34.87064664],[-58.17819993,-34.87096744],[-58.1781745,-34.87109242],[-58.17805732,-34.8713815],[-58.17779408,-34.8720331],[-58.17750695,-34.872748],[-58.17712087,-34.87365176],[-58.17689175,-34.87420698],[-58.17688711,-34.87421823],[-58.17675127,-34.87454739],[-58.17658065,-34.87495413],[-58.17657335,-34.87497266],[-58.17630812,-34.87564596],[-58.17621329,-34.87583707],[-58.17617485,-34.87597355],[-58.17611341,-34.87624615],[-58.17600166,-34.87651169]]]]},"geometry_name":"geom","properties":{"gid":101,"nombre_geografico":null,"autoridad_de_fuente":"IGN","fuente_de_captura":"IGN"},"bbox":[-58.18411909,-34.87696952,-58.17578554,-34.87043526]},{"type":"Feature","id":"areas_de_fabricacion_y_procesamiento_AC070.144","geometry":{"type":"MultiPolygon","coordinates":[[[[-58.33344527,-34.72709879],[-58.32566369,-34.73382044],[-58.3377479,-34.74406494],[-58.33739808,-34.74448308],[-58.3416112,-34.74686333],[-58.34207365,-34.74594658],[-58.34326593,-34.74266541],[-58.34393431,-34.73654177],[-58.33344527,-34.72709879]]]]},"geometry_name":"geom","properties":{"gid":144,"nombre_geografico":"Parque Industrial Logístico Tecnológico Quilmes","autoridad_de_fuente":"IGN","fuente_de_captura":"GEOBASIG"},"bbox":[-58.34393431,-34.74686333,-58.32566369,-34.72709879]},{"type":"Feature","id":"areas_de_fabricacion_y_procesamiento_AC070.102","geometry":{"type":"MultiPolygon","coordinates":[[[[-58.19218618,-34.84784824],[-58.19250633,-34.84780602],[-58.19259274,-34.84789447],[-58.19275211,-34.84794178],[-58.19292105,-34.84793904],[-58.19320712,-34.84786308],[-58.19411268,-34.84748997],[-58.19521217,-34.84702359],[-58.1960494,-34.84666907],[-58.196692,-34.84639697],[-58.19758866,-34.84601043],[-58.19813318,-34.84577569],[-58.19974896,-34.84508842],[-58.2003748,-34.84480963],[-58.2003658,-34.84478547],[-58.20036137,-34.84471283],[-58.20037865,-34.84464151],[-58.20041661,-34.84457585],[-58.20047292,-34.84451986],[-58.20054415,-34.84447695],[-58.20056904,-34.84446867],[-58.19939992,-34.84257636],[-58.19935102,-34.8424972],[-58.19912065,-34.84212432],[-58.19904808,-34.84215525],[-58.19895196,-34.84217609],[-58.19885265,-34.84217916],[-58.19875492,-34.84216431],[-58.19866346,-34.84213225],[-58.19858268,-34.84208452],[-58.19851647,-34.84202342],[-58.19846801,-34.84195188],[-58.19843962,-34.84187336],[-58.19843269,-34.84179163],[-58.19844753,-34.84171061],[-58.19848344,-34.84163421],[-58.19853869,-34.8415661],[-58.19856426,-34.841546],[-58.19831667,-34.84110833],[-58.1982509,-34.84099207],[-58.1980044,-34.84068672],[-58.19798837,-34.84066686],[-58.19699258,-34.83921132],[-58.19652613,-34.83866988],[-58.19645416,-34.83858141],[-58.19638019,-34.83851818],[-58.19625117,-34.83846171],[-58.19606048,-34.83837913],[-58.1958287,-34.83824896],[-58.1956595,-34.83832147],[-58.19390245,-34.83907449],[-58.192556,-34.83964309],[-58.19093741,-34.84033736],[-58.19023753,-34.84066196],[-58.19010066,-34.84074295],[-58.19001342,-34.8408457],[-58.18991712,-34.84097547],[-58.18991708,-34.84097553],[-58.18975747,-34.84124262],[-58.18967233,-34.84129324],[-58.18963271,-34.84131679],[-58.18952974,-34.84137801],[-58.18940085,-34.84145831],[-58.18934347,-34.84149406],[-58.18929972,-34.84155399],[-58.18927355,-34.84160875],[-58.18927023,-34.84164292],[-58.18928636,-34.84170731],[-58.18931535,-34.84179239],[-58.18938199,-34.84192874],[-58.18943258,-34.8420299],[-58.18957314,-34.84232522],[-58.18971371,-34.84262054],[-58.19006478,-34.8433523],[-58.19041577,-34.84410008],[-58.19056349,-34.84441004],[-58.19085136,-34.84501408],[-58.19113943,-34.84562568],[-58.19115311,-34.845655],[-58.19141338,-34.84621299],[-58.1917446,-34.84691671],[-58.19183925,-34.8471175],[-58.19204826,-34.84756088],[-58.19218618,-34.84784824]]]]},"geometry_name":"geom","properties":{"gid":102,"nombre_geografico":null,"autoridad_de_fuente":"IGN","fuente_de_captura":"IGN"},"bbox":[-58.20056904,-34.84794178,-58.18927023,-34.83824896]},{"type":"Feature","id":"areas_de_fabricacion_y_procesamiento_AC070.103","geometry":{"type":"MultiPolygon","coordinates":[[[[-58.23721373,-34.83333334],[-58.23936326,-34.8353367],[-58.24015243,-34.83426599],[-58.23915057,-34.83333335],[-58.23914955,-34.83333335],[-58.23633632,-34.8307039],[-58.23526664,-34.83150652],[-58.23721373,-34.83333334]]]]},"geometry_name":"geom","properties":{"gid":103,"nombre_geografico":null,"autoridad_de_fuente":"IGN","fuente_de_captura":"IGN"},"bbox":[-58.24015243,-34.8353367,-58.23526664,-34.8307039]},{"type":"Feature","id":"areas_de_fabricacion_y_procesamiento_AC070.141","geometry":{"type":"MultiPolygon","coordinates":[[[[-58.72670867,-34.46411772],[-58.7287007,-34.46152738],[-58.72417918,-34.45910929],[-58.72210001,-34.46169114],[-58.72670867,-34.46411772]]]]},"geometry_name":"geom","properties":{"gid":141,"nombre_geografico":"Pacheco Trade Center III","autoridad_de_fuente":"IGN","fuente_de_captura":"GEOBASIG"},"bbox":[-58.7287007,-34.46411772,-58.72210001,-34.45910929]},{"type":"Feature","id":"areas_de_fabricacion_y_procesamiento_AC070.105","geometry":{"type":"MultiPolygon","coordinates":[[[[-58.16572602,-34.78029093],[-58.17072193,-34.77662052],[-58.16736066,-34.77355253],[-58.16312881,-34.77664163],[-58.16317278,-34.77663592],[-58.16320936,-34.77663596],[-58.1632499,-34.77664092],[-58.16328495,-34.77665433],[-58.16329262,-34.7766593],[-58.16330571,-34.77666778],[-58.16332667,-34.7766876],[-58.16334404,-34.77672457],[-58.16335163,-34.77676249],[-58.16335151,-34.77679696],[-58.16334187,-34.77683559],[-58.16330941,-34.77686856],[-58.16327246,-34.77688442],[-58.1632347,-34.77689578],[-58.16320072,-34.77689765],[-58.1631599,-34.77689631],[-58.16312778,-34.77688922],[-58.16310551,-34.77688102],[-58.16300464,-34.77701404],[-58.16287077,-34.77713963],[-58.16259194,-34.77738502],[-58.16263577,-34.77742643],[-58.16263624,-34.77742686],[-58.16307566,-34.77782527],[-58.16307974,-34.77782898],[-58.16357746,-34.77827475],[-58.16410472,-34.77877164],[-58.16474279,-34.77935425],[-58.1653521,-34.77992501],[-58.16572602,-34.78029093]]]]},"geometry_name":"geom","properties":{"gid":105,"nombre_geografico":"COCEMA","autoridad_de_fuente":"IGN","fuente_de_captura":"GEOBASIG"},"bbox":[-58.17072193,-34.78029093,-58.16259194,-34.77355253]},{"type":"Feature","id":"areas_de_fabricacion_y_procesamiento_AC070.106","geometry":{"type":"MultiPolygon","coordinates":[[[[-59.85745403,-36.74986252],[-59.84681095,-36.74087258],[-59.84661759,-36.74255451],[-59.84669247,-36.74312043],[-59.84760093,-36.7449567],[-59.84832058,-36.74619631],[-59.84890767,-36.74720637],[-59.84950287,-36.7486926],[-59.84979231,-36.74894574],[-59.850144,-36.74949838],[-59.8501866,-36.74995341],[-59.84981855,-36.75036126],[-59.84961506,-36.75062933],[-59.84961455,-36.75088987],[-59.84990385,-36.75122467],[-59.85018034,-36.75131594],[-59.85045932,-36.75135758],[-59.85081213,-36.75133858],[-59.85129046,-36.75138196],[-59.85145935,-36.75151049],[-59.85174867,-36.75183751],[-59.85305785,-36.75206079],[-59.85337166,-36.75222061],[-59.85419297,-36.75233828],[-59.85745403,-36.74986252]]]]},"geometry_name":"geom","properties":{"gid":106,"nombre_geografico":"Parque Industrial Azul","autoridad_de_fuente":"IGN","fuente_de_captura":"GEOBASIG"},"bbox":[-59.85745403,-36.75233828,-59.84661759,-36.74087258]},{"type":"Feature","id":"areas_de_fabricacion_y_procesamiento_AC070.107","geometry":{"type":"MultiPolygon","coordinates":[[[[-62.28070062,-38.7717424],[-62.2954323,-38.76045282],[-62.28879715,-38.75508406],[-62.27822499,-38.76308618],[-62.27990036,-38.76444251],[-62.27564988,-38.76765532],[-62.28070062,-38.7717424]]]]},"geometry_name":"geom","properties":{"gid":107,"nombre_geografico":"Parque Industrial Bahía Blanca","autoridad_de_fuente":"IGN","fuente_de_captura":"IGN/RENPI"},"bbox":[-62.2954323,-38.7717424,-62.27564988,-38.75508406]},{"type":"Feature","id":"areas_de_fabricacion_y_procesamiento_AC070.108","geometry":{"type":"MultiPolygon","coordinates":[[[[-58.92323661,-34.21560102],[-58.92396423,-34.2146689],[-58.92550303,-34.21545525],[-58.9259369,-34.21486854],[-58.92640555,-34.2143334],[-58.92559892,-34.21402645],[-58.92624851,-34.21303421],[-58.92695521,-34.21345538],[-58.9325517,-34.20571737],[-58.92161543,-34.20026162],[-58.92012735,-34.20232545],[-58.9200347,-34.20227953],[-58.91378489,-34.21087842],[-58.92323661,-34.21560102]]]]},"geometry_name":"geom","properties":{"gid":108,"nombre_geografico":"Parque Industrial Campana","autoridad_de_fuente":"IGN","fuente_de_captura":"GEOBASIG"},"bbox":[-58.9325517,-34.21560102,-58.91378489,-34.20026162]},{"type":"Feature","id":"areas_de_fabricacion_y_procesamiento_AC070.109","geometry":{"type":"MultiPolygon","coordinates":[[[[-61.36829324,-35.6401604],[-61.37465168,-35.64544161],[-61.37622213,-35.64419954],[-61.37439946,-35.64056967],[-61.36887316,-35.63893974],[-61.36829324,-35.6401604]]]]},"geometry_name":"geom","properties":{"gid":109,"nombre_geografico":"Parque Industrial Carlos Casares","autoridad_de_fuente":"IGN","fuente_de_captura":"GEOBASIG"},"bbox":[-61.37622213,-35.64544161,-61.36829324,-35.63893974]},{"type":"Feature","id":"areas_de_fabricacion_y_procesamiento_AC070.110","geometry":{"type":"MultiPolygon","coordinates":[[[[-59.9863496,-34.93054834],[-59.99116995,-34.92670703],[-59.99119805,-34.9262159],[-59.99058772,-34.92571264],[-59.99071818,-34.92559547],[-59.98723475,-34.92245348],[-59.98650278,-34.92234035],[-59.9815338,-34.92616734],[-59.9863496,-34.93054834]]]]},"geometry_name":"geom","properties":{"gid":110,"nombre_geografico":"Parque Industrial Chivilcoy","autoridad_de_fuente":"IGN","fuente_de_captura":"GEOBASIG"},"bbox":[-59.99119805,-34.93054834,-59.9815338,-34.92234035]},{"type":"Feature","id":"areas_de_fabricacion_y_procesamiento_AC070.111","geometry":{"type":"MultiPolygon","coordinates":[[[[-58.10817041,-34.99809233],[-58.10431184,-35.00097537],[-58.11303011,-35.00889686],[-58.1134384,-35.00879563],[-58.11420577,-35.00857553],[-58.11682318,-35.00659463],[-58.11701354,-35.00619607],[-58.11692299,-35.00601847],[-58.10817041,-34.99809233]]]]},"geometry_name":"geom","properties":{"gid":111,"nombre_geografico":"Parque Industrial La Plata","autoridad_de_fuente":"IGN","fuente_de_captura":"GEOBASIG"},"bbox":[-58.11701354,-35.00889686,-58.10431184,-34.99809233]},{"type":"Feature","id":"areas_de_fabricacion_y_procesamiento_AC070.112","geometry":{"type":"MultiPolygon","coordinates":[[[[-61.57158886,-34.83213297],[-61.56665497,-34.82795775],[-61.56257221,-34.83120067],[-61.56459951,-34.83301857],[-61.56477417,-34.83287265],[-61.56508468,-34.83310394],[-61.56927848,-34.83250312],[-61.57127128,-34.83219974],[-61.57158886,-34.83213297]]]]},"geometry_name":"geom","properties":{"gid":112,"nombre_geografico":"Parque Industrial Lincoln","autoridad_de_fuente":"IGN","fuente_de_captura":"GEOBASIG"},"bbox":[-61.57158886,-34.83310394,-61.56257221,-34.82795775]},{"type":"Feature","id":"areas_de_fabricacion_y_procesamiento_AC070.113","geometry":{"type":"MultiPolygon","coordinates":[[[[-60.27914197,-36.90436222],[-60.27519321,-36.9012431],[-60.27488269,-36.90113008],[-60.26919577,-36.90576408],[-60.26917882,-36.90611717],[-60.27311281,-36.9092059],[-60.27655426,-36.91198637],[-60.27901224,-36.90996383],[-60.28065883,-36.91128681],[-60.28196753,-36.91026126],[-60.27687959,-36.90617976],[-60.27914197,-36.90436222]]]]},"geometry_name":"geom","properties":{"gid":113,"nombre_geografico":"Parque Industrial de Olavarría","autoridad_de_fuente":"IGN","fuente_de_captura":"GEOBASIG/RENPI"},"bbox":[-60.28196753,-36.91198637,-60.26917882,-36.90113008]},{"type":"Feature","id":"areas_de_fabricacion_y_procesamiento_AC070.114","geometry":{"type":"MultiPolygon","coordinates":[[[[-60.5605274,-33.91700311],[-60.55565189,-33.92031532],[-60.56450348,-33.9281604],[-60.56508883,-33.92771782],[-60.56630235,-33.92880285],[-60.56643084,-33.92764644],[-60.56597399,-33.92712533],[-60.56603109,-33.92688263],[-60.56674772,-33.92649825],[-60.56711613,-33.92556203],[-60.56758964,-33.92321945],[-60.5605274,-33.91700311]]]]},"geometry_name":"geom","properties":{"gid":114,"nombre_geografico":"Parque Industrial Pergamino","autoridad_de_fuente":"IGN","fuente_de_captura":"GEOBASIG/RENPI"},"bbox":[-60.56758964,-33.92880285,-60.55565189,-33.91700311]},{"type":"Feature","id":"areas_de_fabricacion_y_procesamiento_AC070.115","geometry":{"type":"MultiPolygon","coordinates":[[[[-58.96004069,-34.39874899],[-58.95987413,-34.39867464],[-58.95965403,-34.39879658],[-58.95935551,-34.39909581],[-58.95791163,-34.40771146],[-58.95519378,-34.41697403],[-58.95566942,-34.42156327],[-58.95780713,-34.42491755],[-58.95843876,-34.4257306],[-58.96080313,-34.42924459],[-58.9613371,-34.43005983],[-58.96149165,-34.42984016],[-58.96228154,-34.42871738],[-58.96364497,-34.42692922],[-58.96458367,-34.42564788],[-58.96530999,-34.42466979],[-58.96618447,-34.42348688],[-58.96726593,-34.42199496],[-58.96795366,-34.42105801],[-58.96946275,-34.41900204],[-58.97119742,-34.42002645],[-58.97313325,-34.42098897],[-58.97329908,-34.42107142],[-58.97299276,-34.42148442],[-58.97431001,-34.42216876],[-58.97321397,-34.42377762],[-58.97171581,-34.42289293],[-58.97052994,-34.42465683],[-58.97745994,-34.42825897],[-58.98303742,-34.42113171],[-58.98314354,-34.42086671],[-58.98944128,-34.41265653],[-58.98223061,-34.40877909],[-58.98531503,-34.40447536],[-58.98605178,-34.40360857],[-58.99121991,-34.39660292],[-58.99375515,-34.39310712],[-58.99270268,-34.39306335],[-58.99204594,-34.39282215],[-58.99184478,-34.39253422],[-58.99167095,-34.3922512],[-58.99115749,-34.39196539],[-58.99050067,-34.39148502],[-58.99018156,-34.39084527],[-58.98956841,-34.39050409],[-58.98913377,-34.39041522],[-58.98854521,-34.39054581],[-58.98811337,-34.38966311],[-58.98775578,-34.38926505],[-58.98716416,-34.38877378],[-58.98685038,-34.38806861],[-58.98655619,-34.38737388],[-58.98636505,-34.38716661],[-58.98599305,-34.38690266],[-58.98550846,-34.38644213],[-58.98502871,-34.38608197],[-58.98297707,-34.38660673],[-58.97781498,-34.39372777],[-58.97339823,-34.39984885],[-58.97257177,-34.40100497],[-58.97158147,-34.40226988],[-58.96991211,-34.40442187],[-58.96704597,-34.40272215],[-58.96004069,-34.39874899]]]]},"geometry_name":"geom","properties":{"gid":115,"nombre_geografico":"Parque Industrial Pilar","autoridad_de_fuente":"IGN","fuente_de_captura":"GEOBASIG"},"bbox":[-58.99375515,-34.43005983,-58.95519378,-34.38608197]},{"type":"Feature","id":"areas_de_fabricacion_y_procesamiento_AC070.145","geometry":{"type":"MultiPolygon","coordinates":[[[[-61.87976274,-37.47651735],[-61.8823464,-37.47689173],[-61.88257349,-37.47597073],[-61.88925898,-37.47693206],[-61.89076725,-37.47052524],[-61.88152901,-37.46908163],[-61.87976274,-37.47651735]]]]},"geometry_name":"geom","properties":{"gid":145,"nombre_geografico":"Parque Industrial de Coronel Suárez","autoridad_de_fuente":"IGN","fuente_de_captura":"GEOBASIG/RENPI"},"bbox":[-61.89076725,-37.47693206,-61.87976274,-37.46908163]},{"type":"Feature","id":"areas_de_fabricacion_y_procesamiento_AC070.116","geometry":{"type":"MultiPolygon","coordinates":[[[[-59.20204015,-37.28977631],[-59.20198862,-37.28968638],[-59.1948723,-37.28965205],[-59.18875547,-37.28970499],[-59.17893163,-37.28968],[-59.17763244,-37.28998338],[-59.17689065,-37.29105652],[-59.17700664,-37.29147887],[-59.17940752,-37.29346216],[-59.1792814,-37.29352827],[-59.17963238,-37.2938512],[-59.17977039,-37.29373579],[-59.18226644,-37.29580236],[-59.18279706,-37.29621638],[-59.18348473,-37.29632822],[-59.18528322,-37.29657584],[-59.18541457,-37.29655109],[-59.19112313,-37.29465212],[-59.19624492,-37.29296746],[-59.1966714,-37.29283707],[-59.19799383,-37.29210372],[-59.20204015,-37.28977631]]]]},"geometry_name":"geom","properties":{"gid":116,"nombre_geografico":"Parque Industrial de Tandil","autoridad_de_fuente":"IGN","fuente_de_captura":"GEOBASIG"},"bbox":[-59.20204015,-37.29657584,-59.17689065,-37.28965205]},{"type":"Feature","id":"areas_de_fabricacion_y_procesamiento_AC070.117","geometry":{"type":"MultiPolygon","coordinates":[[[[-58.71974343,-34.43770543],[-58.7130814,-34.4339284],[-58.71226384,-34.43481033],[-58.71076936,-34.43621324],[-58.70941839,-34.43727284],[-58.70780355,-34.43882103],[-58.70727179,-34.43951867],[-58.70733544,-34.43977114],[-58.70748501,-34.4399266],[-58.70768393,-34.44016652],[-58.70799888,-34.44054755],[-58.70848279,-34.44075845],[-58.71462999,-34.44415666],[-58.71974343,-34.43770543]]]]},"geometry_name":"geom","properties":{"gid":117,"nombre_geografico":"Parque Industrial CIPO","autoridad_de_fuente":"IGN","fuente_de_captura":"GEOBASIG/RENPI"},"bbox":[-58.71974343,-34.44415666,-58.70727179,-34.4339284]},{"type":"Feature","id":"areas_de_fabricacion_y_procesamiento_AC070.118","geometry":{"type":"MultiPolygon","coordinates":[[[[-58.72863916,-34.46508928],[-58.73130085,-34.46166112],[-58.73599809,-34.46413825],[-58.7382391,-34.46126965],[-58.73966217,-34.46203065],[-58.74210008,-34.45889535],[-58.7325539,-34.45411404],[-58.72487305,-34.4565668],[-58.72434567,-34.45723757],[-58.72527489,-34.45773493],[-58.72430919,-34.45894696],[-58.72892423,-34.46143514],[-58.7269113,-34.46421149],[-58.72863916,-34.46508928]]]]},"geometry_name":"geom","properties":{"gid":118,"nombre_geografico":"Parque Industrial Privado Tortuguitas","autoridad_de_fuente":"IGN","fuente_de_captura":"GEOBASIG"},"bbox":[-58.74210008,-34.46508928,-58.72430919,-34.45411404]},{"type":"Feature","id":"areas_de_fabricacion_y_procesamiento_AC070.119","geometry":{"type":"MultiPolygon","coordinates":[[[[-60.31267135,-38.39109818],[-60.3183502,-38.38681243],[-60.31560886,-38.38459886],[-60.31475843,-38.38396443],[-60.30683929,-38.37757451],[-60.30117936,-38.381792],[-60.30911644,-38.38824282],[-60.30989452,-38.38888528],[-60.31267135,-38.39109818]]]]},"geometry_name":"geom","properties":{"gid":119,"nombre_geografico":"Parque Industrial de Tres Arroyos","autoridad_de_fuente":"IGN","fuente_de_captura":"GEOBASIG/RENPI"},"bbox":[-60.3183502,-38.39109818,-60.30117936,-38.37757451]},{"type":"Feature","id":"areas_de_fabricacion_y_procesamiento_AC070.120","geometry":{"type":"MultiPolygon","coordinates":[[[[-58.77901336,-35.00016818],[-58.76837717,-35.0084725],[-58.7725559,-35.01207872],[-58.77512925,-35.01013265],[-58.77663019,-35.01179534],[-58.78131388,-35.00812299],[-58.7814822,-35.00817104],[-58.7854827,-35.00494814],[-58.78364011,-35.00352463],[-58.78263609,-35.00295215],[-58.77901336,-35.00016818]]]]},"geometry_name":"geom","properties":{"gid":120,"nombre_geografico":"Parque Industrial Cañuelas I","autoridad_de_fuente":"IGN","fuente_de_captura":"GEOBASIG/RENPI"},"bbox":[-58.7854827,-35.01207872,-58.76837717,-35.00016818]},{"type":"Feature","id":"areas_de_fabricacion_y_procesamiento_AC070.121","geometry":{"type":"MultiPolygon","coordinates":[[[[-58.96726593,-34.42199496],[-58.96618447,-34.42348688],[-58.96530999,-34.42466979],[-58.96458367,-34.42564788],[-58.96364497,-34.42692922],[-58.96228154,-34.42871738],[-58.9613371,-34.43005983],[-58.96172024,-34.43060956],[-58.96453006,-34.43252464],[-58.96472397,-34.43251124],[-58.97052994,-34.42465683],[-58.97171581,-34.42289293],[-58.97321397,-34.42377762],[-58.97348327,-34.42338233],[-58.97431001,-34.42216876],[-58.97299276,-34.42148442],[-58.97329908,-34.42107142],[-58.97313325,-34.42098897],[-58.97119742,-34.42002645],[-58.96946275,-34.41900204],[-58.96726593,-34.42199496]]]]},"geometry_name":"geom","properties":{"gid":121,"nombre_geografico":"Centro Industrial Pilarica","autoridad_de_fuente":"IGN","fuente_de_captura":"GEOBASIG"},"bbox":[-58.97431001,-34.43252464,-58.9613371,-34.41900204]},{"type":"Feature","id":"areas_de_fabricacion_y_procesamiento_AC070.122","geometry":{"type":"MultiPolygon","coordinates":[[[[-59.08701216,-34.08724263],[-59.08279599,-34.08500942],[-59.08255984,-34.08491863],[-59.07865309,-34.08282996],[-59.07946256,-34.08175814],[-59.07319348,-34.07840236],[-59.06978984,-34.08291306],[-59.06035707,-34.07785868],[-59.05975553,-34.07872853],[-59.05884312,-34.07822899],[-59.05839357,-34.07892868],[-59.05764656,-34.08053622],[-59.05747934,-34.08091684],[-59.05694722,-34.08209772],[-59.05687026,-34.08246119],[-59.05731734,-34.08353537],[-59.05754682,-34.08369843],[-59.05784049,-34.08393913],[-59.05838632,-34.08423242],[-59.06487233,-34.08774051],[-59.0652704,-34.08801205],[-59.06744883,-34.08850071],[-59.07886697,-34.08784695],[-59.07921316,-34.08770531],[-59.08010205,-34.0876735],[-59.08280645,-34.08750813],[-59.08701216,-34.08724263]]]]},"geometry_name":"geom","properties":{"gid":122,"nombre_geografico":"Parque Industrial y Logístico Paraná de las Palmas","autoridad_de_fuente":"IGN","fuente_de_captura":"GEOBASIG/RENPI"},"bbox":[-59.08701216,-34.08850071,-59.05687026,-34.07785868]},{"type":"Feature","id":"areas_de_fabricacion_y_procesamiento_AC070.123","geometry":{"type":"MultiPolygon","coordinates":[[[[-57.89156404,-34.85901654],[-57.89010894,-34.85957381],[-57.89127427,-34.8618572],[-57.89166292,-34.86370426],[-57.89207738,-34.86454099],[-57.8923739,-34.86466587],[-57.89420597,-34.86400724],[-57.89350648,-34.8626974],[-57.89317329,-34.86216305],[-57.89274023,-34.86138857],[-57.89283858,-34.86117561],[-57.89206968,-34.85956144],[-57.89181898,-34.85928309],[-57.89169965,-34.85913863],[-57.89156404,-34.85901654]]]]},"geometry_name":"geom","properties":{"gid":123,"nombre_geografico":"Parque Industrial Berisso","autoridad_de_fuente":"IGN","fuente_de_captura":"GEOBASIG"},"bbox":[-57.89420597,-34.86466587,-57.89010894,-34.85901654]},{"type":"Feature","id":"areas_de_fabricacion_y_procesamiento_AC070.124","geometry":{"type":"MultiPolygon","coordinates":[[[[-60.91331874,-34.55470025],[-60.92138511,-34.56133895],[-60.92516916,-34.55821511],[-60.92917091,-34.55479302],[-60.92110868,-34.54819448],[-60.91689059,-34.55167364],[-60.91473365,-34.55349089],[-60.91331874,-34.55470025]]]]},"geometry_name":"geom","properties":{"gid":124,"nombre_geografico":"Parque Industrial Junín","autoridad_de_fuente":"IGN","fuente_de_captura":"GEOBASIG"},"bbox":[-60.92917091,-34.56133895,-60.91331874,-34.54819448]},{"type":"Feature","id":"areas_de_fabricacion_y_procesamiento_AC070.125","geometry":{"type":"MultiPolygon","coordinates":[[[[-59.18699845,-34.58800626],[-59.18694849,-34.58775642],[-59.18667009,-34.58747802],[-59.18550881,-34.58715731],[-59.1839812,-34.58983659],[-59.18382891,-34.59009833],[-59.18324366,-34.59009067],[-59.18308662,-34.59015492],[-59.18296477,-34.59026992],[-59.18337929,-34.59049756],[-59.18365769,-34.59057608],[-59.18437867,-34.59086875],[-59.18483552,-34.59104007],[-59.18521386,-34.5913613],[-59.18569927,-34.59169681],[-59.18604191,-34.5918824],[-59.18664495,-34.59218113],[-59.18677676,-34.59229191],[-59.18692335,-34.5926214],[-59.1870711,-34.59274066],[-59.18722544,-34.5928444],[-59.18736868,-34.59291862],[-59.18756721,-34.59300236],[-59.18820825,-34.59313485],[-59.18860638,-34.59319244],[-59.18878356,-34.59319362],[-59.18929287,-34.59320617],[-59.18952543,-34.59320771],[-59.18976923,-34.59319101],[-59.18986943,-34.59313673],[-59.18998061,-34.59309167],[-59.19026978,-34.59296538],[-59.19054885,-34.59273827],[-59.19062681,-34.59269299],[-59.19073808,-34.59263878],[-59.19087141,-34.59259388],[-59.19106866,-34.59251802],[-59.19116407,-34.59248459],[-59.19127225,-34.59244339],[-59.19142058,-34.5924421],[-59.19158477,-34.59239927],[-59.1917775,-34.5923493],[-59.19199879,-34.59223508],[-59.19234143,-34.59202807],[-59.1927626,-34.59184961],[-59.19318376,-34.5917925],[-59.19354782,-34.59166401],[-59.19375483,-34.59134992],[-59.1898776,-34.58931021],[-59.18937316,-34.58887239],[-59.18863314,-34.58844884],[-59.18809777,-34.58849167],[-59.18699845,-34.58800626]]]]},"geometry_name":"geom","properties":{"gid":125,"nombre_geografico":"Parque Industrial Villa Flandria","autoridad_de_fuente":"IGN","fuente_de_captura":"GEOBASIG"},"bbox":[-59.19375483,-34.59320771,-59.18296477,-34.58715731]},{"type":"Feature","id":"areas_de_fabricacion_y_procesamiento_AC070.126","geometry":{"type":"MultiPolygon","coordinates":[[[[-58.65023954,-34.87792861],[-58.65046098,-34.87825513],[-58.65049905,-34.87842645],[-58.6504705,-34.87874054],[-58.65050857,-34.8788833],[-58.65067037,-34.87908318],[-58.65083218,-34.87907366],[-58.65101302,-34.878988],[-58.65130807,-34.87880716],[-58.65152698,-34.87875957],[-58.65194576,-34.87873102],[-58.65220275,-34.87863584],[-58.65224082,-34.87849307],[-58.65243117,-34.8783503],[-58.65263105,-34.87830272],[-58.65277382,-34.87835982],[-58.6530308,-34.87835982],[-58.65339248,-34.87825513],[-58.65367801,-34.87827416],[-58.65386837,-34.87817898],[-58.6540968,-34.87781731],[-58.65448703,-34.87744611],[-58.65458221,-34.87719865],[-58.65457269,-34.87695118],[-58.65472497,-34.8767989],[-58.65499147,-34.87676082],[-58.65544833,-34.87695118],[-58.65590519,-34.87695118],[-58.65643819,-34.87694166],[-58.6567142,-34.87683697],[-58.65716154,-34.87672275],[-58.65758985,-34.87667516],[-58.65800863,-34.87677986],[-58.6583132,-34.87702732],[-58.65869392,-34.8773319],[-58.659008,-34.87744611],[-58.65929354,-34.8775984],[-58.65947438,-34.87766502],[-58.65972184,-34.87747466],[-58.66003593,-34.87730334],[-58.66035002,-34.87736045],[-58.66070377,-34.87750203],[-58.66254886,-34.8759441],[-58.66496411,-34.87794137],[-58.67190317,-34.87235842],[-58.67004196,-34.86979162],[-58.66934716,-34.86954416],[-58.66825261,-34.86848768],[-58.66795755,-34.86824973],[-58.66567327,-34.8697821],[-58.66308212,-34.86760266],[-58.65023954,-34.87792861]]]]},"geometry_name":"geom","properties":{"gid":126,"nombre_geografico":"Parque Industrial La Matanza","autoridad_de_fuente":"IGN","fuente_de_captura":"IGN/Sitio web del parque"},"bbox":[-58.67190317,-34.87908318,-58.65023954,-34.86760266]},{"type":"Feature","id":"areas_de_fabricacion_y_procesamiento_AC070.127","geometry":{"type":"MultiPolygon","coordinates":[[[[-58.86100026,-34.45316662],[-58.86643001,-34.45598304],[-58.86946677,-34.45204112],[-58.86737832,-34.45090189],[-58.86708301,-34.45124333],[-58.86656381,-34.45095208],[-58.86654478,-34.45077124],[-58.86627352,-34.45063561],[-58.8659952,-34.45042187],[-58.86521797,-34.45057763],[-58.86446453,-34.45071522],[-58.86253905,-34.45103075],[-58.86100026,-34.45316662]]]]},"geometry_name":"geom","properties":{"gid":127,"nombre_geografico":"Parque Empresarial Austral","autoridad_de_fuente":"IGN","fuente_de_captura":"IGN/Sitio web de la empresa"},"bbox":[-58.86946677,-34.45598304,-58.86100026,-34.45042187]},{"type":"Feature","id":"areas_de_fabricacion_y_procesamiento_AC070.128","geometry":{"type":"MultiPolygon","coordinates":[[[[-58.98026903,-34.1139989],[-58.99505405,-34.1220372],[-59.00243609,-34.12562019],[-59.00288343,-34.12540128],[-59.00505349,-34.12542032],[-59.00502494,-34.12511574],[-59.00495832,-34.12458274],[-59.00505349,-34.12425914],[-59.00510108,-34.12416396],[-59.00542469,-34.12427817],[-59.0056436,-34.12424962],[-59.00594817,-34.12414492],[-59.00634792,-34.12431625],[-59.0069761,-34.12483021],[-59.00665249,-34.12441142],[-59.00653828,-34.12396409],[-59.0066049,-34.12337398],[-59.00689996,-34.12248882],[-59.00736633,-34.12140378],[-59.00746151,-34.12090886],[-59.00746151,-34.120452],[-59.00720453,-34.11987141],[-59.00636696,-34.11894818],[-59.00283584,-34.11456046],[-59.0023885,-34.11492213],[-59.00080854,-34.11633077],[-59.00000904,-34.11587392],[-58.98843534,-34.10980153],[-58.98812495,-34.1097053],[-58.98689605,-34.11018511],[-58.98560854,-34.11075332],[-58.9841999,-34.11159089],[-58.98261042,-34.11242846],[-58.98167767,-34.11327555],[-58.98070685,-34.11370385],[-58.98026903,-34.1139989]]]]},"geometry_name":"geom","properties":{"gid":128,"nombre_geografico":"Parque Industrial Agua Profunda S.A.","autoridad_de_fuente":"IGN","fuente_de_captura":"GEOBASIG"},"bbox":[-59.00746151,-34.12562019,-58.98026903,-34.1097053]},{"type":"Feature","id":"areas_de_fabricacion_y_procesamiento_AC070.147","geometry":{"type":"MultiPolygon","coordinates":[[[[-58.71971671,-34.4336731],[-58.71755267,-34.43632553],[-58.71972911,-34.43753741],[-58.7272271,-34.4281628],[-58.72719057,-34.42798898],[-58.72529608,-34.42667877],[-58.72509249,-34.42666257],[-58.7146818,-34.43094531],[-58.71971671,-34.4336731]]]]},"geometry_name":"geom","properties":{"gid":147,"nombre_geografico":"Centro Industrial Garín","autoridad_de_fuente":"IGN","fuente_de_captura":"GEOBASIG"},"bbox":[-58.7272271,-34.43753741,-58.7146818,-34.42666257]},{"type":"Feature","id":"areas_de_fabricacion_y_procesamiento_AC070.389","geometry":{"type":"MultiPolygon","coordinates":[[[[-69.17619572,-38.58070226],[-69.1743219,-38.58067251],[-69.17429215,-38.58174327],[-69.17610649,-38.58180276],[-69.17619572,-38.58070226]]]]},"geometry_name":"geom","properties":{"gid":389,"nombre_geografico":null,"autoridad_de_fuente":"IGN","fuente_de_captura":"Esri-World_Imagery"},"bbox":[-69.17619572,-38.58180276,-69.17429215,-38.58067251]},{"type":"Feature","id":"areas_de_fabricacion_y_procesamiento_AC070.104","geometry":{"type":"MultiPolygon","coordinates":[[[[-58.21085616,-34.83515493],[-58.21086817,-34.83511996],[-58.21087681,-34.83508424],[-58.21087875,-34.83504811],[-58.21087959,-34.83500966],[-58.21087651,-34.83496861],[-58.21086979,-34.83493018],[-58.21085477,-34.83489389],[-58.21084811,-34.83485759],[-58.21083826,-34.83482207],[-58.2108322,-34.83478545],[-58.21082672,-34.83474708],[-58.2108224,-34.8347084],[-58.21082283,-34.83467052],[-58.2108233,-34.83463096],[-58.21082407,-34.83459333],[-58.21082932,-34.83455585],[-58.2108346,-34.83451947],[-58.21084101,-34.83448336],[-58.21084589,-34.83444443],[-58.21084778,-34.8344083],[-58.21084634,-34.83437187],[-58.21083849,-34.83433526],[-58.21081657,-34.83430388],[-58.21079177,-34.83427167],[-58.21075817,-34.83424672],[-58.21072594,-34.83422081],[-58.21069656,-34.83419371],[-58.21066945,-34.83416495],[-58.21064723,-34.83413364],[-58.21061835,-34.83410626],[-58.2105903,-34.8340775],[-58.21055935,-34.83404975],[-58.21052933,-34.83402223],[-58.2104997,-34.83399336],[-58.2104735,-34.8339615],[-58.21044854,-34.83392991],[-58.21041955,-34.83390134],[-58.21038609,-34.83387668],[-58.21035182,-34.83385307],[-58.21031708,-34.83383049],[-58.21025855,-34.83381105],[-58.21022032,-34.83379149],[-58.21018096,-34.83377322],[-58.2101434,-34.8337524],[-58.21011012,-34.8337268],[-58.21008028,-34.83369789],[-58.21004464,-34.83367295],[-58.2100088,-34.83364854],[-58.20997823,-34.83362146],[-58.20994799,-34.83359492],[-58.20991605,-34.83356684],[-58.2098865,-34.83353859],[-58.20985843,-34.83350826],[-58.20983093,-34.83347737],[-58.20980059,-34.83345124],[-58.20977161,-34.8334241],[-58.20973522,-34.83339957],[-58.2097239,-34.83338858],[-58.20966706,-34.83333335],[-58.20837923,-34.83333333],[-58.20833333,-34.83333333],[-58.20735071,-34.83333334],[-58.20721567,-34.83339154],[-58.20665797,-34.8336319],[-58.20598242,-34.83392305],[-58.20596984,-34.83392847],[-58.2048943,-34.83438131],[-58.20479252,-34.83442416],[-58.20330321,-34.83506803],[-58.20276641,-34.83529365],[-58.20279331,-34.83536326],[-58.20296117,-34.8357977],[-58.20302671,-34.83595375],[-58.20306326,-34.83605006],[-58.20500548,-34.83603858],[-58.20520738,-34.83603721],[-58.20608823,-34.83603122],[-58.20617946,-34.8360306],[-58.20665786,-34.83602626],[-58.20694948,-34.83602361],[-58.20763979,-34.83601734],[-58.20783893,-34.83601553],[-58.20800621,-34.83643187],[-58.20827515,-34.8371017],[-58.20829697,-34.83715917],[-58.2083117,-34.83719797],[-58.20837371,-34.83736125],[-58.20839626,-34.83742064],[-58.2084302,-34.83751],[-58.20875912,-34.83830561],[-58.20900901,-34.83893862],[-58.20915577,-34.83931038],[-58.20915974,-34.83932016],[-58.20918501,-34.83938255],[-58.20957891,-34.84035487],[-58.20959202,-34.84038724],[-58.20964436,-34.84051644],[-58.21006329,-34.84156826],[-58.21013598,-34.84174969],[-58.21043655,-34.84249996],[-58.21045645,-34.84255016],[-58.21068485,-34.84312643],[-58.21081274,-34.84344746],[-58.21100713,-34.84393544],[-58.21135798,-34.84481845],[-58.21175568,-34.84580457],[-58.2117896,-34.84591747],[-58.21178597,-34.84596545],[-58.2116201,-34.8462515],[-58.21142019,-34.8466096],[-58.21113933,-34.84711272],[-58.21104849,-34.84727599],[-58.21101106,-34.84734325],[-58.2106851,-34.84792908],[-58.21030506,-34.84860984],[-58.2101774,-34.84883852],[-58.20975769,-34.84957365],[-58.20905973,-34.85080208],[-58.20902038,-34.85089707],[-58.20901684,-34.85093463],[-58.20906183,-34.85105426],[-58.20931779,-34.85169916],[-58.20938344,-34.8518698],[-58.20943716,-34.85200942],[-58.20949346,-34.85212058],[-58.20958802,-34.85205615],[-58.20984015,-34.85187558],[-58.21044664,-34.85134319],[-58.21115556,-34.85079369],[-58.21167562,-34.85035786],[-58.21236295,-34.84967502],[-58.21286212,-34.84918011],[-58.21368904,-34.84834863],[-58.21474542,-34.84730601],[-58.21478045,-34.84727143],[-58.21557489,-34.84648731],[-58.21565684,-34.84641304],[-58.2159112,-34.8461825],[-58.21589772,-34.8461696],[-58.21586591,-34.84614417],[-58.21582996,-34.8461199],[-58.21579529,-34.84609778],[-58.21577353,-34.84606423],[-58.21576458,-34.84602747],[-58.21575479,-34.84599171],[-58.215745,-34.84595455],[-58.21573117,-34.84592033],[-58.21571619,-34.84588631],[-58.21570678,-34.84584695],[-58.21570321,-34.84581047],[-58.21569824,-34.84577372],[-58.21569475,-34.84573696],[-58.21568314,-34.84568821],[-58.21566685,-34.84565458],[-58.21565079,-34.84561917],[-58.21564442,-34.84558182],[-58.2156396,-34.84554395],[-58.21563534,-34.84550665],[-58.21562688,-34.84546887],[-58.21562938,-34.84543007],[-58.21563973,-34.84539265],[-58.21565625,-34.84535765],[-58.21567341,-34.84532337],[-58.21568563,-34.84528624],[-58.21568875,-34.84524764],[-58.21569902,-34.84521228],[-58.21571837,-34.84517614],[-58.2157353,-34.84514199],[-58.21575179,-34.84510333],[-58.21576552,-34.84506821],[-58.21577794,-34.84503319],[-58.21579714,-34.84500075],[-58.2158226,-34.84497105],[-58.21585176,-34.84494408],[-58.21588001,-34.84491568],[-58.21590773,-34.84488777],[-58.21594556,-34.84486596],[-58.21597599,-34.84483851],[-58.21600593,-34.84480912],[-58.21603413,-34.84478062],[-58.21605934,-34.84474866],[-58.21608354,-34.84471626],[-58.21610545,-34.84468431],[-58.21612251,-34.84464984],[-58.21613965,-34.84461476],[-58.21615272,-34.8445777],[-58.21616397,-34.84454049],[-58.21617069,-34.84450434],[-58.21617943,-34.84446598],[-58.21618842,-34.84442839],[-58.21619341,-34.84439148],[-58.21620161,-34.84435377],[-58.21620323,-34.8443157],[-58.21620826,-34.84427926],[-58.21621036,-34.84424191],[-58.21621057,-34.84420365],[-58.21620832,-34.8441643],[-58.21620249,-34.84412607],[-58.21618474,-34.84409024],[-58.21616269,-34.84405692],[-58.21613297,-34.84402612],[-58.21610004,-34.84399898],[-58.21606484,-34.84397721],[-58.2160318,-34.84394988],[-58.21599354,-34.84392803],[-58.21595125,-34.8439118],[-58.21590846,-34.8439038],[-58.21586459,-34.84390286],[-58.21582013,-34.84390396],[-58.21577487,-34.84390945],[-58.21572737,-34.84391136],[-58.21568263,-34.8439065],[-58.21563928,-34.84389253],[-58.21559874,-34.84387212],[-58.21555989,-34.84385368],[-58.21552343,-34.84383245],[-58.21548152,-34.84381355],[-58.21544509,-34.84379283],[-58.21541184,-34.84376802],[-58.21538333,-34.84373978],[-58.21534636,-34.84371548],[-58.21531299,-34.84368767],[-58.21527913,-34.84366112],[-58.21523672,-34.84364338],[-58.21519941,-34.84361907],[-58.21516366,-34.84359561],[-58.21511862,-34.84358108],[-58.21508019,-34.84356368],[-58.21503409,-34.84355156],[-58.21496831,-34.84353962],[-58.2149235,-34.84353082],[-58.21487936,-34.843524],[-58.21483891,-34.84350857],[-58.21479889,-34.84349239],[-58.21475892,-34.84347627],[-58.21472279,-34.84345373],[-58.21467676,-34.8434485],[-58.21463345,-34.8434351],[-58.21458864,-34.8434233],[-58.21455201,-34.84340056],[-58.21450911,-34.84338384],[-58.21447836,-34.84335769],[-58.2144579,-34.84332573],[-58.21443685,-34.84329286],[-58.2144232,-34.8432555],[-58.21441408,-34.84322018],[-58.21439841,-34.84318642],[-58.2143775,-34.84315154],[-58.21435228,-34.84311912],[-58.21432691,-34.84308763],[-58.21430692,-34.84305254],[-58.21428511,-34.84301735],[-58.21427032,-34.84298015],[-58.21425173,-34.84294702],[-58.21423475,-34.84291055],[-58.21421718,-34.8428773],[-58.21420584,-34.84284062],[-58.21418658,-34.842807],[-58.21417153,-34.84277063],[-58.21415482,-34.84273309],[-58.21413548,-34.84270017],[-58.21412233,-34.84266311],[-58.21410827,-34.84262893],[-58.21409421,-34.84259352],[-58.21407666,-34.84255695],[-58.21405887,-34.84252379],[-58.21404629,-34.84248819],[-58.21403663,-34.84245202],[-58.21401987,-34.84241697],[-58.21401011,-34.84237929],[-58.21399604,-34.84234257],[-58.21397359,-34.84230915],[-58.21395722,-34.84227298],[-58.21394363,-34.84223562],[-58.21393087,-34.84219594],[-58.21391304,-34.84216081],[-58.21389681,-34.84212395],[-58.2138847,-34.84208808],[-58.21386232,-34.84205156],[-58.21384639,-34.84201728],[-58.21382723,-34.84198395],[-58.21380727,-34.84194811],[-58.21379492,-34.84190951],[-58.21378026,-34.84187203],[-58.21376306,-34.84183814],[-58.21374029,-34.84180574],[-58.21372252,-34.84176902],[-58.21370545,-34.8417348],[-58.21369433,-34.84169671],[-58.21368361,-34.84166168],[-58.21367491,-34.84162431],[-58.21366096,-34.84158877],[-58.21365514,-34.84155703],[-58.21365366,-34.84154896],[-58.21364393,-34.84151334],[-58.21363318,-34.84147611],[-58.2136135,-34.84144299],[-58.21356737,-34.84137643],[-58.21355437,-34.84134148],[-58.21353866,-34.84130481],[-58.21352395,-34.84126832],[-58.21351399,-34.8412325],[-58.21349687,-34.84119709],[-58.21348381,-34.8411623],[-58.21347699,-34.84112403],[-58.21346461,-34.84108737],[-58.21344496,-34.84105179],[-58.21342579,-34.84101622],[-58.21340159,-34.84098189],[-58.21338696,-34.84094577],[-58.21337472,-34.84090734],[-58.21336807,-34.84087064],[-58.21335032,-34.84083681],[-58.21333333,-34.84080184],[-58.21331931,-34.84076569],[-58.21330699,-34.84072636],[-58.21328375,-34.84069319],[-58.21326493,-34.84066021],[-58.21324464,-34.84062663],[-58.21323652,-34.84058876],[-58.21322291,-34.84055396],[-58.21320655,-34.8405058],[-58.21318899,-34.8404696],[-58.21317318,-34.84043321],[-58.21316016,-34.84039642],[-58.21313914,-34.84036422],[-58.2131171,-34.84032837],[-58.21309844,-34.84029526],[-58.21308716,-34.84025882],[-58.21307244,-34.84022462],[-58.21305196,-34.84017624],[-58.21302909,-34.8401421],[-58.213009,-34.8401084],[-58.21299973,-34.84007284],[-58.21298673,-34.84003527],[-58.21297556,-34.83999813],[-58.21295952,-34.83996334],[-58.21293968,-34.83992911],[-58.21292031,-34.8398944],[-58.21290318,-34.83985923],[-58.21288967,-34.83982206],[-58.21287326,-34.83978583],[-58.21286207,-34.83974983],[-58.21285827,-34.83971186],[-58.21284547,-34.83967449],[-58.21282545,-34.83963932],[-58.21280604,-34.83960382],[-58.21279726,-34.83956651],[-58.21278635,-34.83952884],[-58.21277244,-34.83949195],[-58.21274889,-34.8394594],[-58.21273546,-34.83942354],[-58.21272,-34.83938949],[-58.21271309,-34.83935073],[-58.21269487,-34.83931555],[-58.21266902,-34.83928132],[-58.21265259,-34.83924603],[-58.21263704,-34.83921121],[-58.21261415,-34.839178],[-58.21258979,-34.83914638],[-58.21258109,-34.83911009],[-58.21257742,-34.83907351],[-58.21257334,-34.83903741],[-58.21257138,-34.8389995],[-58.21257019,-34.83896308],[-58.21256953,-34.83892506],[-58.21256691,-34.83888586],[-58.21256701,-34.83884708],[-58.21256862,-34.83880753],[-58.21256986,-34.83877139],[-58.2125744,-34.83873484],[-58.21258103,-34.8386975],[-58.21259568,-34.83866006],[-58.21260616,-34.83862446],[-58.21262434,-34.83858933],[-58.21264094,-34.83855331],[-58.21265855,-34.8385169],[-58.21267615,-34.83848308],[-58.21270365,-34.8384521],[-58.21274014,-34.83840673],[-58.21277086,-34.83838063],[-58.21280275,-34.83835102],[-58.21281798,-34.83831643],[-58.21282077,-34.83827772],[-58.2128283,-34.83824068],[-58.21283054,-34.83820151],[-58.21282993,-34.83815878],[-58.21282839,-34.83812272],[-58.21282007,-34.83808217],[-58.21281359,-34.83804436],[-58.21281025,-34.83800598],[-58.2128065,-34.83796857],[-58.21280719,-34.8379325],[-58.212808,-34.83789307],[-58.21280468,-34.83785403],[-58.21279663,-34.83781755],[-58.21277723,-34.83778399],[-58.21275446,-34.83775218],[-58.2127245,-34.83772203],[-58.21268799,-34.83769828],[-58.21265098,-34.83767471],[-58.21261273,-34.8376536],[-58.21257752,-34.83762932],[-58.21253913,-34.83760755],[-58.21250507,-34.83758333],[-58.21247347,-34.83755788],[-58.21244272,-34.83753223],[-58.21241874,-34.83750106],[-58.21238389,-34.83747667],[-58.21235001,-34.8374509],[-58.21231437,-34.83742846],[-58.21227952,-34.83740374],[-58.21225336,-34.83737242],[-58.21221544,-34.83735217],[-58.21217475,-34.8373336],[-58.21213624,-34.83731272],[-58.21209446,-34.83729352],[-58.21205881,-34.83727158],[-58.21202817,-34.83724569],[-58.21198846,-34.83722976],[-58.21195085,-34.83720643],[-58.21191285,-34.83718278],[-58.21188635,-34.83715338],[-58.21185754,-34.83712562],[-58.21182914,-34.83709689],[-58.21180947,-34.83706439],[-58.2117993,-34.83702706],[-58.21177679,-34.83699485],[-58.2117654,-34.83695852],[-58.21174885,-34.8369243],[-58.21173499,-34.83688999],[-58.2117196,-34.83685501],[-58.21170047,-34.83682014],[-58.21168037,-34.83678464],[-58.21165994,-34.83675019],[-58.21164049,-34.83671708],[-58.21160967,-34.83668733],[-58.21157889,-34.83666066],[-58.2115467,-34.83663503],[-58.21151447,-34.83660629],[-58.21148763,-34.8365766],[-58.21145442,-34.83655198],[-58.21141991,-34.83652805],[-58.21138569,-34.8365019],[-58.21134784,-34.83645631],[-58.21131733,-34.83642874],[-58.21127799,-34.83641187],[-58.21123816,-34.83639274],[-58.21119681,-34.83637469],[-58.21115698,-34.83635503],[-58.2111163,-34.83633839],[-58.2110748,-34.8363253],[-58.21103253,-34.83630827],[-58.21099865,-34.83628245],[-58.21095683,-34.83624173],[-58.21092517,-34.83621434],[-58.21090096,-34.83617997],[-58.21087831,-34.83614755],[-58.21085848,-34.83611337],[-58.21083179,-34.83608359],[-58.21081458,-34.83604731],[-58.21079663,-34.83601364],[-58.21078565,-34.8359747],[-58.21076906,-34.83594011],[-58.21075594,-34.8359036],[-58.21074337,-34.83586656],[-58.21072795,-34.83583072],[-58.21071679,-34.8357955],[-58.21070364,-34.83576026],[-58.21067914,-34.83572831],[-58.21065555,-34.83569792],[-58.21064159,-34.83566345],[-58.21062927,-34.83562687],[-58.21062225,-34.83558835],[-58.21061665,-34.83555133],[-58.21061478,-34.83551449],[-58.21060585,-34.8354773],[-58.21060669,-34.83544094],[-58.21061959,-34.83540397],[-58.21064631,-34.83537204],[-58.21067168,-34.83534242],[-58.21070132,-34.83531578],[-58.21072783,-34.83528683],[-58.21076098,-34.83525855],[-58.21079448,-34.8352302],[-58.21082492,-34.83520365],[-58.21085616,-34.83515493]]]]},"geometry_name":"geom","properties":{"gid":104,"nombre_geografico":null,"autoridad_de_fuente":"IGN","fuente_de_captura":"IGN"},"bbox":[-58.21621057,-34.85212058,-58.20276641,-34.83333333]},{"type":"Feature","id":"areas_de_fabricacion_y_procesamiento_AC070.129","geometry":{"type":"MultiPolygon","coordinates":[[[[-58.97287411,-34.18785553],[-58.97303115,-34.18936886],[-58.97328813,-34.19179591],[-58.97354511,-34.19499391],[-58.97381637,-34.19740668],[-58.97387348,-34.19870587],[-58.97351656,-34.19951964],[-58.97323103,-34.20033342],[-58.97980072,-34.20079979],[-58.98142827,-34.20084738],[-58.98981349,-34.20136135],[-58.98983252,-34.20114244],[-58.98974686,-34.20091401],[-58.98976971,-34.20075316],[-58.98983633,-34.20044859],[-58.98984585,-34.20018209],[-58.98973164,-34.20004884],[-58.98954604,-34.19996793],[-58.98948417,-34.19983944],[-58.98946989,-34.19959674],[-58.98951748,-34.19930644],[-58.98959839,-34.19921127],[-58.98976019,-34.19918271],[-58.98986489,-34.19900187],[-58.98982205,-34.19870206],[-58.98970308,-34.19841653],[-58.98956031,-34.198269],[-58.9894461,-34.19804057],[-58.98936996,-34.19766462],[-58.98935568,-34.19745998],[-58.98927478,-34.19737313],[-58.98904635,-34.19729699],[-58.98887503,-34.19720181],[-58.98871323,-34.1971447],[-58.98836107,-34.19721133],[-58.98810408,-34.1969829],[-58.98808505,-34.19675447],[-58.9882183,-34.19660219],[-58.98841817,-34.19654508],[-58.98883696,-34.1964499],[-58.98893214,-34.19625003],[-58.98919864,-34.19607871],[-58.98938899,-34.19597401],[-58.98923671,-34.19582172],[-58.98890358,-34.1954886],[-58.98892262,-34.19509837],[-58.98903683,-34.19476524],[-58.98923671,-34.19463199],[-58.98913201,-34.19445115],[-58.98910346,-34.19402285],[-58.9889131,-34.19369924],[-58.98878937,-34.19342323],[-58.98871323,-34.19317576],[-58.98897973,-34.19306155],[-58.98951272,-34.19309962],[-58.98977922,-34.19320432],[-58.99009331,-34.19327094],[-58.99032174,-34.1932995],[-58.99028367,-34.19315673],[-58.9900838,-34.19298541],[-58.98995055,-34.19272842],[-58.98996958,-34.1925571],[-58.99012187,-34.19245241],[-58.99042644,-34.19235723],[-58.9907786,-34.19243337],[-58.99111172,-34.19248096],[-58.99142581,-34.19234771],[-58.99167328,-34.19235723],[-58.99180653,-34.19251903],[-58.99197785,-34.1925571],[-58.99218724,-34.1925571],[-58.99242519,-34.1926618],[-58.99252036,-34.19297589],[-58.9923776,-34.19314721],[-58.99217772,-34.19328046],[-58.99230145,-34.19337564],[-58.99261554,-34.19338516],[-58.99326276,-34.19348985],[-58.99369106,-34.19348985],[-58.99424309,-34.19343274],[-58.99442393,-34.19370876],[-58.99453815,-34.19433694],[-58.99459525,-34.19447019],[-58.99479513,-34.19449874],[-58.99492838,-34.19428935],[-58.9949379,-34.19386105],[-58.99503307,-34.1936231],[-58.99532813,-34.19349937],[-58.99557559,-34.19332805],[-58.995528,-34.19316625],[-58.99532813,-34.19318528],[-58.99492838,-34.19330901],[-58.99459525,-34.1932995],[-58.99449056,-34.19300444],[-58.99461429,-34.19277601],[-58.9947285,-34.19253807],[-58.99505211,-34.19237626],[-58.99556607,-34.19226205],[-58.99576595,-34.19233819],[-58.99600389,-34.19244289],[-58.99614666,-34.19238578],[-58.99625136,-34.19232868],[-58.99627991,-34.19208121],[-58.99625136,-34.19185278],[-58.99621329,-34.19162435],[-58.99628943,-34.19140544],[-58.99646075,-34.19134834],[-58.99664159,-34.19120557],[-58.99656545,-34.19109136],[-58.99623232,-34.19096762],[-58.99583257,-34.19089148],[-58.99575643,-34.19053932],[-58.99568981,-34.19015861],[-58.99578498,-34.18989211],[-58.99595631,-34.18973982],[-58.99631798,-34.1897303],[-58.99680339,-34.18972079],[-58.99706989,-34.18955898],[-58.99742205,-34.18920682],[-58.99748868,-34.18892129],[-58.99740302,-34.188769],[-58.99729832,-34.18871189],[-58.99706989,-34.18881659],[-58.99678436,-34.18897839],[-58.99651786,-34.1891402],[-58.99640364,-34.18926393],[-58.99612763,-34.18936863],[-58.99588016,-34.18926393],[-58.99587064,-34.1890355],[-58.99598486,-34.188769],[-58.9961657,-34.18858816],[-58.99626088,-34.18841684],[-58.99617522,-34.18829311],[-58.99583257,-34.18824552],[-58.99566125,-34.18811227],[-58.99561366,-34.1878077],[-58.99558511,-34.18746506],[-58.99549945,-34.18704627],[-58.99538523,-34.18693206],[-58.99517584,-34.1869035],[-58.99478561,-34.18662749],[-58.99461429,-34.18633243],[-58.99436683,-34.18609449],[-58.99414792,-34.18591365],[-58.99383383,-34.18571377],[-58.99363395,-34.18547583],[-58.99337697,-34.18519029],[-58.99326157,-34.18497376],[-58.9931188,-34.18455736],[-58.99316639,-34.18415285],[-58.99336864,-34.1839149],[-58.99358279,-34.18354608],[-58.99371366,-34.18329624],[-58.99372556,-34.18308209],[-58.99351141,-34.18292742],[-58.99319018,-34.18261809],[-58.99292844,-34.18227307],[-58.99284516,-34.18197564],[-58.99278567,-34.18165441],[-58.99270239,-34.18146406],[-58.99250014,-34.18135698],[-58.99210753,-34.18130939],[-58.99195286,-34.18115473],[-58.99191717,-34.1808454],[-58.99197666,-34.18065504],[-58.99220271,-34.18048848],[-58.99246445,-34.18034571],[-58.99252393,-34.18021484],[-58.99252393,-34.179965],[-58.99253583,-34.1790846],[-58.99260721,-34.17852542],[-58.99284516,-34.17803763],[-58.99298793,-34.17751415],[-58.99294034,-34.17720482],[-58.99274998,-34.17700257],[-58.99254773,-34.1768598],[-58.99219081,-34.17657426],[-58.9917863,-34.17611027],[-58.99154835,-34.175701],[-58.9912771,-34.17501572],[-58.99087735,-34.17470163],[-58.99082024,-34.17430188],[-58.99093445,-34.17391641],[-58.9910915,-34.17350238],[-58.99124854,-34.17274571],[-58.99156263,-34.17218892],[-58.99177678,-34.17171778],[-58.99208135,-34.17139418],[-58.99223364,-34.17095636],[-58.99225267,-34.17044239],[-58.992424,-34.16971904],[-58.99232731,-34.16971927],[-58.99150529,-34.16996674],[-58.98853683,-34.17157287],[-58.98620861,-34.17292203],[-58.98105469,-34.17523487],[-58.97999821,-34.17562034],[-58.98021474,-34.17785447],[-58.98021058,-34.17785474],[-58.9802321,-34.17803364],[-58.98046806,-34.17999487],[-58.97911305,-34.18006041],[-58.97915588,-34.18103123],[-58.97454449,-34.18137387],[-58.97461587,-34.18220193],[-58.97226021,-34.18234469],[-58.97247436,-34.18364388],[-58.97261712,-34.18518577],[-58.97287411,-34.18785553]]]]},"geometry_name":"geom","properties":{"gid":129,"nombre_geografico":"Parque Industrial Los Libertadores S.A.","autoridad_de_fuente":"IGN","fuente_de_captura":"IGN/Sitio web del parque"},"bbox":[-58.99748868,-34.20136135,-58.97226021,-34.16971904]},{"type":"Feature","id":"areas_de_fabricacion_y_procesamiento_AC070.130","geometry":{"type":"MultiPolygon","coordinates":[[[[-58.57794765,-34.53602903],[-58.5804209,-34.53399264],[-58.57908999,-34.532899],[-58.57883301,-34.53293231],[-58.57727243,-34.53419319],[-58.57786862,-34.53602925],[-58.57794765,-34.53602903]]]]},"geometry_name":"geom","properties":{"gid":130,"nombre_geografico":"Parque Industrial Suárez","autoridad_de_fuente":"IGN","fuente_de_captura":"GEOBASIG"},"bbox":[-58.5804209,-34.53602925,-58.57727243,-34.532899]},{"type":"Feature","id":"areas_de_fabricacion_y_procesamiento_AC070.131","geometry":{"type":"MultiPolygon","coordinates":[[[[-58.21959273,-34.76915749],[-58.21778705,-34.77158395],[-58.21884039,-34.77211979],[-58.22157575,-34.76838769],[-58.21952624,-34.76731535],[-58.21855951,-34.76864548],[-58.21959273,-34.76915749]]]]},"geometry_name":"geom","properties":{"gid":131,"nombre_geografico":"DIARCO","autoridad_de_fuente":"IGN","fuente_de_captura":"GEOBASIG"},"bbox":[-58.22157575,-34.77211979,-58.21778705,-34.76731535]},{"type":"Feature","id":"areas_de_fabricacion_y_procesamiento_AC070.132","geometry":{"type":"MultiPolygon","coordinates":[[[[-58.3572923,-34.71080609],[-58.36276094,-34.70633486],[-58.36223643,-34.7058221],[-58.36194807,-34.70565767],[-58.36187987,-34.70570869],[-58.36024047,-34.70469256],[-58.3597528,-34.70471138],[-58.35885352,-34.70512163],[-58.35875959,-34.70509861],[-58.3580234,-34.70570574],[-58.35778645,-34.7075479],[-58.35766157,-34.70758565],[-58.35740987,-34.70920679],[-58.35752808,-34.7091613],[-58.3572923,-34.71080609]]]]},"geometry_name":"geom","properties":{"gid":132,"nombre_geografico":"Centro Industrial Mixto CEPILE","autoridad_de_fuente":"IGN","fuente_de_captura":"GEOBASIG/RENPI"},"bbox":[-58.36276094,-34.71080609,-58.3572923,-34.70469256]},{"type":"Feature","id":"areas_de_fabricacion_y_procesamiento_AC070.133","geometry":{"type":"MultiPolygon","coordinates":[[[[-60.43547254,-35.14322037],[-60.43923445,-35.14655446],[-60.45176917,-35.13671913],[-60.44791712,-35.13348837],[-60.44468105,-35.13605819],[-60.43547254,-35.14322037]]]]},"geometry_name":"geom","properties":{"gid":133,"nombre_geografico":"Parque Industrial de Bragado","autoridad_de_fuente":"IGN","fuente_de_captura":"GEOBASIG/RENPI"},"bbox":[-60.45176917,-35.14655446,-60.43547254,-35.13348837]},{"type":"Feature","id":"areas_de_fabricacion_y_procesamiento_AC070.134","geometry":{"type":"MultiPolygon","coordinates":[[[[-59.09961301,-34.06577135],[-59.11092406,-34.07181972],[-59.11098354,-34.07152229],[-59.11098354,-34.07107614],[-59.11089431,-34.07003512],[-59.11086457,-34.06899411],[-59.11110252,-34.06804232],[-59.11148918,-34.06741772],[-59.11264917,-34.06610901],[-59.10353944,-34.06130883],[-59.09823032,-34.05842615],[-59.09211473,-34.06168761],[-59.09961301,-34.06577135]]]]},"geometry_name":"geom","properties":{"gid":134,"nombre_geografico":"Parque de Negocios Industriales Zárate","autoridad_de_fuente":"IGN","fuente_de_captura":"GEOBASIG"},"bbox":[-59.11264917,-34.07181972,-59.09211473,-34.05842615]},{"type":"Feature","id":"areas_de_fabricacion_y_procesamiento_AC070.135","geometry":{"type":"MultiPolygon","coordinates":[[[[-58.67325237,-34.46848934],[-58.67744933,-34.47074167],[-58.67922634,-34.46998034],[-58.68045384,-34.46929109],[-58.68143144,-34.46869139],[-58.67554405,-34.4655197],[-58.67325237,-34.46848934]]]]},"geometry_name":"geom","properties":{"gid":135,"nombre_geografico":"Pacheco Trade Center I","autoridad_de_fuente":"IGN","fuente_de_captura":"GEOBASIG"},"bbox":[-58.68143144,-34.47074167,-58.67325237,-34.4655197]},{"type":"Feature","id":"areas_de_fabricacion_y_procesamiento_AC070.136","geometry":{"type":"MultiPolygon","coordinates":[[[[-58.67121317,-34.46025091],[-58.6771176,-34.46336935],[-58.67773224,-34.46257258],[-58.67166228,-34.45934847],[-58.67152248,-34.45972789],[-58.67121317,-34.46025091]]]]},"geometry_name":"geom","properties":{"gid":136,"nombre_geografico":"Pacheco Trade Center II","autoridad_de_fuente":"IGN","fuente_de_captura":"GEOBASIG"},"bbox":[-58.67773224,-34.46336935,-58.67121317,-34.45934847]},{"type":"Feature","id":"areas_de_fabricacion_y_procesamiento_AC070.137","geometry":{"type":"MultiPolygon","coordinates":[[[[-58.8555562,-34.56705772],[-58.85114592,-34.56389772],[-58.85058912,-34.56528733],[-58.85026076,-34.56613917],[-58.85047491,-34.56728132],[-58.85354441,-34.5691373],[-58.8555562,-34.56705772]]]]},"geometry_name":"geom","properties":{"gid":137,"nombre_geografico":"Parque Industrial Privado del Oeste","autoridad_de_fuente":"IGN","fuente_de_captura":"GEOBASIG"},"bbox":[-58.8555562,-34.5691373,-58.85026076,-34.56389772]},{"type":"Feature","id":"areas_de_fabricacion_y_procesamiento_AC070.138","geometry":{"type":"MultiPolygon","coordinates":[[[[-58.61822883,-34.4240047],[-58.60316208,-34.43752955],[-58.60286703,-34.43774846],[-58.60091587,-34.43929987],[-58.59916179,-34.44060539],[-58.60253691,-34.44134564],[-58.60505472,-34.44250308],[-58.61870472,-34.4304578],[-58.6225311,-34.42729169],[-58.61822883,-34.4240047]]]]},"geometry_name":"geom","properties":{"gid":138,"nombre_geografico":"Parque Industrial Tigre","autoridad_de_fuente":"IGN","fuente_de_captura":"GEOBASIG"},"bbox":[-58.6225311,-34.44250308,-58.59916179,-34.4240047]},{"type":"Feature","id":"areas_de_fabricacion_y_procesamiento_AC070.139","geometry":{"type":"MultiPolygon","coordinates":[[[[-58.70978713,-34.42867551],[-58.71243183,-34.43010674],[-58.71323964,-34.42907052],[-58.71374795,-34.42803243],[-58.71533029,-34.42577789],[-58.71305712,-34.42459068],[-58.70978713,-34.42867551]]]]},"geometry_name":"geom","properties":{"gid":139,"nombre_geografico":"Centro Logístico Tigre","autoridad_de_fuente":"IGN","fuente_de_captura":"GEOBASIG"},"bbox":[-58.71533029,-34.43010674,-58.70978713,-34.42459068]},{"type":"Feature","id":"areas_de_fabricacion_y_procesamiento_AC070.390","geometry":{"type":"MultiPolygon","coordinates":[[[[-69.35550596,-38.53694],[-69.35374515,-38.5369638],[-69.35372136,-38.53832009],[-69.35541078,-38.5382963],[-69.35550596,-38.53694]]]]},"geometry_name":"geom","properties":{"gid":390,"nombre_geografico":null,"autoridad_de_fuente":"IGN","fuente_de_captura":"Esri-World_Imagery"},"bbox":[-69.35550596,-38.53832009,-69.35372136,-38.53694]},{"type":"Feature","id":"areas_de_fabricacion_y_procesamiento_AC070.148","geometry":{"type":"MultiPolygon","coordinates":[[[[-58.42630895,-35.04905004],[-58.42588556,-35.04915961],[-58.42520146,-35.04888002],[-58.42533787,-35.0486466],[-58.42458611,-35.04833429],[-58.41721988,-35.05383826],[-58.42988045,-35.06502539],[-58.43109142,-35.06374964],[-58.43311479,-35.06406825],[-58.43501601,-35.06613112],[-58.43931595,-35.06060947],[-58.42684162,-35.04927134],[-58.42630895,-35.04905004]]]]},"geometry_name":"geom","properties":{"gid":148,"nombre_geografico":"Parque Industrial Privado San Vicente","autoridad_de_fuente":"IGN","fuente_de_captura":"GEOBASIG"},"bbox":[-58.43931595,-35.06613112,-58.41721988,-35.04833429]},{"type":"Feature","id":"areas_de_fabricacion_y_procesamiento_AC070.149","geometry":{"type":"MultiPolygon","coordinates":[[[[-58.17036597,-34.78766813],[-58.17232075,-34.78984073],[-58.17073246,-34.79118512],[-58.1716426,-34.79225588],[-58.17285613,-34.79355269],[-58.17339676,-34.79415614],[-58.17877191,-34.78970547],[-58.17994397,-34.78877836],[-58.17997734,-34.78848709],[-58.18003087,-34.78827294],[-58.18005467,-34.78816586],[-58.18007252,-34.7879993],[-58.18004872,-34.78785653],[-58.18004872,-34.78765428],[-58.18000708,-34.78741633],[-58.17996544,-34.78725572],[-58.17995354,-34.78716649],[-58.18005467,-34.78707726],[-58.1801439,-34.78699993],[-58.18022718,-34.78686906],[-58.18028072,-34.78672629],[-58.1803402,-34.78652404],[-58.18036995,-34.78636342],[-58.18044728,-34.78620876],[-58.18056625,-34.78598866],[-58.18068523,-34.78584589],[-58.18081015,-34.78571502],[-58.18096293,-34.78566769],[-58.1810186,-34.78565484],[-58.18113732,-34.78567933],[-58.1812444,-34.78570312],[-58.18135148,-34.78571502],[-58.18150614,-34.78571502],[-58.18167865,-34.78565553],[-58.18188559,-34.78559041],[-58.18171817,-34.78552064],[-58.18157397,-34.78547781],[-58.18146204,-34.78546192],[-58.18150063,-34.78534853],[-58.18113636,-34.78528417],[-58.18098113,-34.78528429],[-58.18091416,-34.78528292],[-58.18079779,-34.78528623],[-58.18071183,-34.78531054],[-58.1805964,-34.78534838],[-58.18053505,-34.78538534],[-58.18048094,-34.78541794],[-58.18035288,-34.78549709],[-58.18024138,-34.78561421],[-58.17985769,-34.78595626],[-58.17917657,-34.78607226],[-58.17899611,-34.78605104],[-58.17875167,-34.78608902],[-58.17865298,-34.78609592],[-58.17845172,-34.78613283],[-58.1779232,-34.78631716],[-58.17780903,-34.78637728],[-58.17772836,-34.78643934],[-58.17751392,-34.78633994],[-58.17733479,-34.78627468],[-58.17656879,-34.7861059],[-58.17527039,-34.78496392],[-58.17520544,-34.78495718],[-58.17036597,-34.78766813]]]]},"geometry_name":"geom","properties":{"gid":149,"nombre_geografico":"Parque Industrial Plátanos","autoridad_de_fuente":"IGN","fuente_de_captura":"GEOBASIG/RENPI"},"bbox":[-58.18188559,-34.79415614,-58.17036597,-34.78495718]},{"type":"Feature","id":"areas_de_fabricacion_y_procesamiento_AC070.150","geometry":{"type":"MultiPolygon","coordinates":[[[[-59.84090316,-36.7518358],[-59.83402652,-36.75700518],[-59.83091538,-36.75941438],[-59.83068933,-36.75960474],[-59.83946359,-36.76226378],[-59.83978482,-36.76235896],[-59.84045701,-36.76260881],[-59.84741694,-36.75739779],[-59.84499584,-36.7553455],[-59.84090316,-36.7518358]]]]},"geometry_name":"geom","properties":{"gid":150,"nombre_geografico":"Sector Industrial Planificado Azul II","autoridad_de_fuente":"IGN","fuente_de_captura":"IGN/RENPI"},"bbox":[-59.84741694,-36.76260881,-59.83068933,-36.7518358]},{"type":"Feature","id":"areas_de_fabricacion_y_procesamiento_AC070.151","geometry":{"type":"MultiPolygon","coordinates":[[[[-58.52597832,-34.87572996],[-58.5231822,-34.87948711],[-58.52484583,-34.88030793],[-58.52757508,-34.87651034],[-58.52597832,-34.87572996]]]]},"geometry_name":"geom","properties":{"gid":151,"nombre_geografico":"Canning Parque Industrial","autoridad_de_fuente":"IGN","fuente_de_captura":"GEOBASIG"},"bbox":[-58.52757508,-34.88030793,-58.5231822,-34.87572996]},{"type":"Feature","id":"areas_de_fabricacion_y_procesamiento_AC070.168","geometry":{"type":"MultiPolygon","coordinates":[[[[-59.07918741,-36.02385668],[-59.07496149,-36.02012569],[-59.07159217,-36.02265743],[-59.07597038,-36.02633132],[-59.07918741,-36.02385668]]]]},"geometry_name":"geom","properties":{"gid":168,"nombre_geografico":"Sector Industrial Planificado de Las Flores","autoridad_de_fuente":"IGN","fuente_de_captura":"IGN/RENPI"},"bbox":[-59.07918741,-36.02633132,-59.07159217,-36.02012569]},{"type":"Feature","id":"areas_de_fabricacion_y_procesamiento_AC070.169","geometry":{"type":"MultiPolygon","coordinates":[[[[-58.84130732,-34.56307349],[-58.84336555,-34.56092603],[-58.83403211,-34.55466805],[-58.83123625,-34.55745796],[-58.84130732,-34.56307349]]]]},"geometry_name":"geom","properties":{"gid":169,"nombre_geografico":"Sector Industrial Planificado Moreno I","autoridad_de_fuente":"IGN","fuente_de_captura":"IGN/RENPI"},"bbox":[-58.84336555,-34.56307349,-58.83123625,-34.55466805]},{"type":"Feature","id":"areas_de_fabricacion_y_procesamiento_AC070.186","geometry":{"type":"MultiPolygon","coordinates":[[[[-62.69851234,-35.98860911],[-62.70551985,-35.99211881],[-62.70913663,-35.98730041],[-62.70212912,-35.98389778],[-62.69851234,-35.98860911]]]]},"geometry_name":"geom","properties":{"gid":186,"nombre_geografico":"Sector Industrial Planificado Municipal de Trenque Lauquen","autoridad_de_fuente":"IGN","fuente_de_captura":"IGN/RENPI"},"bbox":[-62.70913663,-35.99211881,-62.69851234,-35.98389778]},{"type":"Feature","id":"areas_de_fabricacion_y_procesamiento_AC070.152","geometry":{"type":"MultiPolygon","coordinates":[[[[-58.62536272,-34.59520765],[-58.62538513,-34.59519014],[-58.62539148,-34.59515569],[-58.62530268,-34.59508865],[-58.6252037,-34.59504486],[-58.62512742,-34.59508683],[-58.62506855,-34.59513624],[-58.62502803,-34.59513898],[-58.62496261,-34.5951203],[-58.62385832,-34.59569752],[-58.62275412,-34.59627472],[-58.62110777,-34.59712656],[-58.62136673,-34.5973523],[-58.62174595,-34.59768233],[-58.62175697,-34.59768768],[-58.62176857,-34.59769196],[-58.62178061,-34.59769525],[-58.621793,-34.59769737],[-58.62180563,-34.59769833],[-58.62181839,-34.59769811],[-58.62183094,-34.59769681],[-58.6218433,-34.59769434],[-58.62185524,-34.59769078],[-58.62186665,-34.59768622],[-58.62187743,-34.59768057],[-58.62188735,-34.59767401],[-58.62188867,-34.59767295],[-58.62196435,-34.59773717],[-58.62192678,-34.59776802],[-58.62192379,-34.59777105],[-58.62192101,-34.59777426],[-58.62191866,-34.59777757],[-58.62191654,-34.59778106],[-58.62191473,-34.59778465],[-58.62191325,-34.59778842],[-58.6219121,-34.59779219],[-58.62191127,-34.59779606],[-58.62191077,-34.59779993],[-58.62191071,-34.5978038],[-58.62191097,-34.59780768],[-58.62191156,-34.59781156],[-58.62191248,-34.59781536],[-58.62191373,-34.59781916],[-58.6219153,-34.59782278],[-58.62191731,-34.59782641],[-58.62191955,-34.59782977],[-58.62192211,-34.59783313],[-58.62192489,-34.59783623],[-58.62274083,-34.59854507],[-58.62360593,-34.59929484],[-58.62406575,-34.59969527],[-58.62482588,-34.60036029],[-58.62558591,-34.6010254],[-58.62563201,-34.60102628],[-58.62648807,-34.60034864],[-58.62734411,-34.599671],[-58.62820014,-34.59899326],[-58.62901672,-34.5983476],[-58.6290168,-34.59830957],[-58.62842951,-34.59779866],[-58.62835417,-34.5977331],[-58.62822672,-34.59762224],[-58.62821061,-34.597608],[-58.62738246,-34.59688319],[-58.62735667,-34.59686064],[-58.62654681,-34.59615163],[-58.62573696,-34.59544261],[-58.62560251,-34.59541937],[-58.62536272,-34.59520765]]]]},"geometry_name":"geom","properties":{"gid":152,"nombre_geografico":"Parque Industrial Hurligham","autoridad_de_fuente":"IGN","fuente_de_captura":"GEOBASIG"},"bbox":[-58.6290168,-34.60102628,-58.62110777,-34.59504486]},{"type":"Feature","id":"areas_de_fabricacion_y_procesamiento_AC070.153","geometry":{"type":"MultiPolygon","coordinates":[[[[-58.42777898,-34.782789],[-58.43140939,-34.78416109],[-58.43150695,-34.7840326],[-58.43178296,-34.7840683],[-58.43226123,-34.78402071],[-58.43243969,-34.78398977],[-58.43274427,-34.78392315],[-58.43301076,-34.78381607],[-58.43328202,-34.78373517],[-58.43351283,-34.78363761],[-58.4369296,-34.77909744],[-58.43673513,-34.77900067],[-58.436988,-34.77865335],[-58.4348144,-34.77736393],[-58.43471446,-34.77749242],[-58.432937,-34.77645021],[-58.43287276,-34.77650018],[-58.43257259,-34.77633723],[-58.43134514,-34.77795641],[-58.42777898,-34.782789]]]]},"geometry_name":"geom","properties":{"gid":153,"nombre_geografico":"Parque Industrial Lomas de Zamora - POLINSUR","autoridad_de_fuente":"IGN","fuente_de_captura":"GEOBASIG"},"bbox":[-58.436988,-34.78416109,-58.42777898,-34.77633723]},{"type":"Feature","id":"areas_de_fabricacion_y_procesamiento_AC070.154","geometry":{"type":"MultiPolygon","coordinates":[[[[-62.71020035,-37.16719163],[-62.70920097,-37.16684899],[-62.70493698,-37.16759138],[-62.70386146,-37.16851461],[-62.70367111,-37.16876208],[-62.70356641,-37.16896195],[-62.70600298,-37.17097022],[-62.71057154,-37.16729633],[-62.71020035,-37.16719163]]]]},"geometry_name":"geom","properties":{"gid":154,"nombre_geografico":"Sector Industrial Planificado Municiaplidad de Carhué","autoridad_de_fuente":"IGN","fuente_de_captura":"IGN/RENPI"},"bbox":[-62.71057154,-37.17097022,-62.70356641,-37.16684899]},{"type":"Feature","id":"areas_de_fabricacion_y_procesamiento_AC070.155","geometry":{"type":"MultiPolygon","coordinates":[[[[-60.27343004,-35.04664782],[-60.27005715,-35.04359616],[-60.26729698,-35.04566629],[-60.27063417,-35.04868821],[-60.27343004,-35.04664782]]]]},"geometry_name":"geom","properties":{"gid":155,"nombre_geografico":"Sector Industrial Planificado de Alberti","autoridad_de_fuente":"IGN","fuente_de_captura":"GEOBASIG"},"bbox":[-60.27343004,-35.04868821,-60.26729698,-35.04359616]},{"type":"Feature","id":"areas_de_fabricacion_y_procesamiento_AC070.156","geometry":{"type":"MultiPolygon","coordinates":[[[[-63.00143818,-35.48985343],[-63.00157143,-35.48814974],[-62.99172998,-35.48645556],[-62.99017857,-35.48778806],[-62.99613674,-35.48889213],[-63.00143818,-35.48985343]]]]},"geometry_name":"geom","properties":{"gid":156,"nombre_geografico":"Sector Industrial Planificado de América","autoridad_de_fuente":"IGN","fuente_de_captura":"IGN/RENPI"},"bbox":[-63.00157143,-35.48985343,-62.99017857,-35.48645556]},{"type":"Feature","id":"areas_de_fabricacion_y_procesamiento_AC070.157","geometry":{"type":"MultiPolygon","coordinates":[[[[-57.85560742,-34.88595054],[-57.85333028,-34.88495117],[-57.84990385,-34.8869285],[-57.85115307,-34.88848467],[-57.85560742,-34.88595054]]]]},"geometry_name":"geom","properties":{"gid":157,"nombre_geografico":"Sector Industrial Planificado Berisso","autoridad_de_fuente":"IGN","fuente_de_captura":"IGN/RENPI"},"bbox":[-57.85560742,-34.88848467,-57.84990385,-34.88495117]},{"type":"Feature","id":"areas_de_fabricacion_y_procesamiento_AC070.158","geometry":{"type":"MultiPolygon","coordinates":[[[[-61.14135232,-36.20287661],[-61.13806867,-36.20022113],[-61.13766892,-36.20012119],[-61.13728344,-36.20032106],[-61.13044487,-36.20577479],[-61.13385702,-36.2087158],[-61.14135232,-36.20287661]]]]},"geometry_name":"geom","properties":{"gid":158,"nombre_geografico":"Sector Industrial Planificado de Bolívar","autoridad_de_fuente":"IGN","fuente_de_captura":"IGN/RENPI"},"bbox":[-61.14135232,-36.2087158,-61.13044487,-36.20012119]},{"type":"Feature","id":"areas_de_fabricacion_y_procesamiento_AC070.159","geometry":{"type":"MultiPolygon","coordinates":[[[[-62.96193238,-40.78838756],[-62.96177497,-40.78806358],[-62.9606471,-40.78699283],[-62.95773841,-40.78479648],[-62.95369809,-40.78790882],[-62.95283434,-40.78726399],[-62.95174574,-40.78801352],[-62.95387404,-40.78955579],[-62.95705686,-40.79207097],[-62.96193238,-40.78838756]]]]},"geometry_name":"geom","properties":{"gid":159,"nombre_geografico":"Sector Industrial Planificado de Patagones","autoridad_de_fuente":"IGN","fuente_de_captura":"IGN/RENPI"},"bbox":[-62.96193238,-40.79207097,-62.95174574,-40.78479648]},{"type":"Feature","id":"areas_de_fabricacion_y_procesamiento_AC070.160","geometry":{"type":"MultiPolygon","coordinates":[[[[-61.95225784,-37.07354081],[-61.94991407,-37.07195847],[-61.94777255,-37.07394532],[-61.949111,-37.07481977],[-61.94981889,-37.07442121],[-61.95012822,-37.07426059],[-61.95035427,-37.0742368],[-61.95102647,-37.0746651],[-61.95225784,-37.07354081]]]]},"geometry_name":"geom","properties":{"gid":160,"nombre_geografico":"Sector Industrial Planificado Huanguelén","autoridad_de_fuente":"IGN","fuente_de_captura":"IGN/RENPI"},"bbox":[-61.95225784,-37.07481977,-61.94777255,-37.07195847]},{"type":"Feature","id":"areas_de_fabricacion_y_procesamiento_AC070.161","geometry":{"type":"MultiPolygon","coordinates":[[[[-57.68572677,-36.27664938],[-57.68712589,-36.27693491],[-57.6885964,-36.27717762],[-57.68873917,-36.2770634],[-57.68885338,-36.27684925],[-57.68913892,-36.27659227],[-57.68945301,-36.27647806],[-57.69002408,-36.27614969],[-57.6924083,-36.2721522],[-57.69257962,-36.27156685],[-57.69255107,-36.27112427],[-57.69226553,-36.26983936],[-57.68407067,-36.27130987],[-57.68572677,-36.27664938]]]]},"geometry_name":"geom","properties":{"gid":161,"nombre_geografico":"Sector Industrial Planificado de Dolores","autoridad_de_fuente":"IGN","fuente_de_captura":"IGN/RENPI"},"bbox":[-57.69257962,-36.27717762,-57.68407067,-36.26983936]},{"type":"Feature","id":"areas_de_fabricacion_y_procesamiento_AC070.162","geometry":{"type":"MultiPolygon","coordinates":[[[[-58.34309216,-35.51008029],[-58.35221025,-35.51828467],[-58.35495139,-35.51679989],[-58.35788289,-35.51482018],[-58.35833975,-35.51462982],[-58.35498947,-35.50891911],[-58.35470393,-35.50867165],[-58.35430418,-35.50859551],[-58.35352372,-35.50861454],[-58.34309216,-35.51008029]]]]},"geometry_name":"geom","properties":{"gid":162,"nombre_geografico":"Sector Industrial Planificado de General Paz","autoridad_de_fuente":"IGN","fuente_de_captura":"IGN/RENPI"},"bbox":[-58.35833975,-35.51828467,-58.34309216,-35.50859551]},{"type":"Feature","id":"areas_de_fabricacion_y_procesamiento_AC070.163","geometry":{"type":"MultiPolygon","coordinates":[[[[-57.67301833,-38.00637026],[-57.68116798,-38.00027289],[-57.66817017,-37.98935711],[-57.653477,-38.00101647],[-57.65722465,-38.00408002],[-57.65689748,-38.00497232],[-57.66118051,-38.00874972],[-57.67281012,-38.00657846],[-57.67301833,-38.00637026]]]]},"geometry_name":"geom","properties":{"gid":163,"nombre_geografico":"Parque Industrial de General Pueyrredón","autoridad_de_fuente":"IGN","fuente_de_captura":"IGN/RENPI"},"bbox":[-57.68116798,-38.00874972,-57.653477,-37.98935711]},{"type":"Feature","id":"areas_de_fabricacion_y_procesamiento_AC070.164","geometry":{"type":"MultiPolygon","coordinates":[[[[-58.94255238,-34.63593423],[-58.94507937,-34.63247925],[-58.94519975,-34.62831571],[-58.94223018,-34.62694514],[-58.93724283,-34.63307464],[-58.94255238,-34.63593423]]]]},"geometry_name":"geom","properties":{"gid":164,"nombre_geografico":"Sector Industrial Planificado de General Rodríguez","autoridad_de_fuente":"IGN","fuente_de_captura":"IGN/RENPI"},"bbox":[-58.94519975,-34.63593423,-58.93724283,-34.62694514]},{"type":"Feature","id":"areas_de_fabricacion_y_procesamiento_AC070.165","geometry":{"type":"MultiPolygon","coordinates":[[[[-58.94514264,-34.63714827],[-58.95085335,-34.6403082],[-58.95532674,-34.63440713],[-58.94716518,-34.63010507],[-58.94532348,-34.63243218],[-58.94514264,-34.63714827]]]]},"geometry_name":"geom","properties":{"gid":165,"nombre_geografico":"Polo Industrial Privado de General Rodríguez","autoridad_de_fuente":"IGN","fuente_de_captura":"IGN/RENPI"},"bbox":[-58.95532674,-34.6403082,-58.94514264,-34.63010507]},{"type":"Feature","id":"areas_de_fabricacion_y_procesamiento_AC070.166","geometry":{"type":"MultiPolygon","coordinates":[[[[-63.00304585,-35.04791184],[-63.00663247,-35.05068429],[-63.01024452,-35.05354228],[-63.01327312,-35.05107516],[-63.01213097,-35.04873377],[-63.01194062,-35.04870522],[-63.01130573,-35.04916143],[-63.01047487,-35.04888606],[-63.00829809,-35.04795266],[-63.00745576,-35.04761954],[-63.00534475,-35.04623058],[-63.00517343,-35.04620203],[-63.00304585,-35.04791184]]]]},"geometry_name":"geom","properties":{"gid":166,"nombre_geografico":"Sector Industrial Planificado de General Villegas","autoridad_de_fuente":"IGN","fuente_de_captura":"IGN/RENPI"},"bbox":[-63.01327312,-35.05354228,-63.00304585,-35.04620203]},{"type":"Feature","id":"areas_de_fabricacion_y_procesamiento_AC070.167","geometry":{"type":"MultiPolygon","coordinates":[[[[-60.78607627,-37.56060033],[-60.78804435,-37.56218291],[-60.79081863,-37.55989824],[-60.78892696,-37.5583278],[-60.78607627,-37.56060033]]]]},"geometry_name":"geom","properties":{"gid":167,"nombre_geografico":"Sector Industrial Planificado Municipal de Laprida","autoridad_de_fuente":"IGN","fuente_de_captura":"IGN/RENPI"},"bbox":[-60.79081863,-37.56218291,-60.78607627,-37.5583278]},{"type":"Feature","id":"areas_de_fabricacion_y_procesamiento_AC070.170","geometry":{"type":"MultiPolygon","coordinates":[[[[-58.82533427,-34.55457993],[-58.82176508,-34.55266684],[-58.82011849,-34.55444668],[-58.81806264,-34.55325695],[-58.81765337,-34.55370429],[-58.81635894,-34.55498919],[-58.81924285,-34.55736865],[-58.81963308,-34.55741624],[-58.82153665,-34.55862501],[-58.82533427,-34.55457993]]]]},"geometry_name":"geom","properties":{"gid":170,"nombre_geografico":"Sector Industrial Planificado de Moreno II","autoridad_de_fuente":"IGN","fuente_de_captura":"IGN/RENPI"},"bbox":[-58.82533427,-34.55862501,-58.81635894,-34.55266684]},{"type":"Feature","id":"areas_de_fabricacion_y_procesamiento_AC070.171","geometry":{"type":"MultiPolygon","coordinates":[[[[-58.75509657,-34.60932466],[-58.75189857,-34.60643124],[-58.74260645,-34.61353052],[-58.74092774,-34.61476783],[-58.74055298,-34.61521755],[-58.74037246,-34.61541608],[-58.74023889,-34.6155245],[-58.74032812,-34.61570296],[-58.74054227,-34.61577435],[-58.74075999,-34.61576007],[-58.74131473,-34.61559692],[-58.74179062,-34.61559692],[-58.74249494,-34.61571114],[-58.74315167,-34.61582535],[-58.74388455,-34.61596812],[-58.7441796,-34.61594908],[-58.7446079,-34.61584439],[-58.74528367,-34.61571114],[-58.74611172,-34.61553981],[-58.74642581,-34.61563499],[-58.75145123,-34.61182785],[-58.75296901,-34.61065137],[-58.75417063,-34.60976502],[-58.75509657,-34.60932466]]]]},"geometry_name":"geom","properties":{"gid":171,"nombre_geografico":"Parque Industrial Franco del Oeste","autoridad_de_fuente":"IGN","fuente_de_captura":"IGN/RENPI"},"bbox":[-58.75509657,-34.61596812,-58.74023889,-34.60643124]},{"type":"Feature","id":"areas_de_fabricacion_y_procesamiento_AC070.172","geometry":{"type":"MultiPolygon","coordinates":[[[[-58.72448864,-34.62069799],[-58.72458002,-34.62069228],[-58.72509615,-34.62069954],[-58.72579571,-34.62016416],[-58.72418958,-34.61868651],[-58.72781588,-34.61586685],[-58.72723767,-34.61591682],[-58.72675226,-34.61588827],[-58.72640248,-34.6156527],[-58.72621688,-34.61518157],[-58.72610267,-34.61493172],[-58.72583855,-34.61465333],[-58.72541024,-34.61446059],[-58.72508188,-34.61430355],[-58.72480348,-34.61416792],[-58.72457505,-34.61402515],[-58.72433948,-34.61383241],[-58.72416884,-34.61343055],[-58.72396707,-34.61323638],[-58.72371199,-34.61314501],[-58.72337886,-34.61300415],[-58.72311882,-34.6128259],[-58.72291181,-34.61252609],[-58.72289753,-34.612212],[-58.72297605,-34.6118408],[-58.72300767,-34.61159932],[-58.72277618,-34.61129829],[-58.72269766,-34.6112626],[-58.72038482,-34.61289015],[-58.72056328,-34.61323279],[-58.72061325,-34.61343266],[-58.72070605,-34.61374675],[-58.72088451,-34.61422502],[-58.72098444,-34.61441776],[-58.72120573,-34.61488889],[-58.72145626,-34.61543463],[-58.72148413,-34.61575264],[-58.72154124,-34.61600248],[-58.72164118,-34.61624519],[-58.72182677,-34.616545],[-58.72209803,-34.61683767],[-58.72234074,-34.61711607],[-58.7225763,-34.61742302],[-58.72284756,-34.61785132],[-58.72325445,-34.6183867],[-58.72352571,-34.61873648],[-58.72365488,-34.6191009],[-58.72389663,-34.61959583],[-58.72406986,-34.61998416],[-58.72419549,-34.62034393],[-58.72422595,-34.62043911],[-58.72429067,-34.62066373],[-58.72430971,-34.62069609],[-58.72444677,-34.62069038],[-58.72448864,-34.62069799]]]]},"geometry_name":"geom","properties":{"gid":172,"nombre_geografico":"Parque Industrial Buen Ayre","autoridad_de_fuente":"IGN","fuente_de_captura":"IGN/RENPI"},"bbox":[-58.72781588,-34.62069954,-58.72038482,-34.6112626]},{"type":"Feature","id":"areas_de_fabricacion_y_procesamiento_AC070.173","geometry":{"type":"MultiPolygon","coordinates":[[[[-59.23861283,-34.9929837],[-59.23866756,-34.99329303],[-59.24144349,-34.99571074],[-59.242565,-34.9947911],[-59.24425918,-34.99616167],[-59.24740007,-34.99379173],[-59.2427293,-34.98982378],[-59.23861283,-34.9929837]]]]},"geometry_name":"geom","properties":{"gid":173,"nombre_geografico":"Sector Industrial Planificado Navarro","autoridad_de_fuente":"IGN","fuente_de_captura":"IGN/RENPI"},"bbox":[-59.24740007,-34.99616167,-59.23861283,-34.98982378]},{"type":"Feature","id":"areas_de_fabricacion_y_procesamiento_AC070.174","geometry":{"type":"MultiPolygon","coordinates":[[[[-58.746897,-38.5300661],[-58.75070414,-38.52715126],[-58.74369662,-38.52152384],[-58.73983,-38.52441488],[-58.746897,-38.5300661]]]]},"geometry_name":"geom","properties":{"gid":174,"nombre_geografico":"Sector Industrial Planificado Municipal de Necochea","autoridad_de_fuente":"IGN","fuente_de_captura":"IGN/RENPI"},"bbox":[-58.75070414,-38.5300661,-58.73983,-38.52152384]},{"type":"Feature","id":"areas_de_fabricacion_y_procesamiento_AC070.175","geometry":{"type":"MultiPolygon","coordinates":[[[[-61.92878193,-35.84199493],[-61.93184667,-35.84302286],[-61.93458594,-35.8407116],[-61.93514698,-35.84024127],[-61.92971467,-35.83582975],[-61.92467498,-35.83987007],[-61.925089,-35.84019844],[-61.9256101,-35.84049825],[-61.92698781,-35.84121923],[-61.92878193,-35.84199493]]]]},"geometry_name":"geom","properties":{"gid":175,"nombre_geografico":"Sector Industrial Planificado de Pehuajó","autoridad_de_fuente":"IGN","fuente_de_captura":"IGN/RENPI"},"bbox":[-61.93514698,-35.84302286,-61.92467498,-35.83582975]},{"type":"Feature","id":"areas_de_fabricacion_y_procesamiento_AC070.392","geometry":{"type":"MultiPolygon","coordinates":[[[[-69.24096523,-38.39766526],[-69.24099378,-38.39697997],[-69.23881658,-38.39697997],[-69.23884513,-38.39765812],[-69.24096523,-38.39766526]]]]},"geometry_name":"geom","properties":{"gid":392,"nombre_geografico":null,"autoridad_de_fuente":"IGN","fuente_de_captura":"Esri-World_Imagery"},"bbox":[-69.24099378,-38.39766526,-69.23881658,-38.39697997]},{"type":"Feature","id":"areas_de_fabricacion_y_procesamiento_AC070.176","geometry":{"type":"MultiPolygon","coordinates":[[[[-58.28305363,-34.72520244],[-58.28545094,-34.72196043],[-58.2834165,-34.72098485],[-58.28107987,-34.72421854],[-58.28305363,-34.72520244]]]]},"geometry_name":"geom","properties":{"gid":176,"nombre_geografico":"Parque Industrial La Bernalesa","autoridad_de_fuente":"IGN","fuente_de_captura":"IGN/RENPI"},"bbox":[-58.28545094,-34.72520244,-58.28107987,-34.72098485]},{"type":"Feature","id":"areas_de_fabricacion_y_procesamiento_AC070.177","geometry":{"type":"MultiPolygon","coordinates":[[[[-60.16135443,-33.37614573],[-60.16060352,-33.37688843],[-60.16063326,-33.37709664],[-60.16000866,-33.37728699],[-60.15983614,-33.37742976],[-60.15976476,-33.37760227],[-60.1595744,-33.37765581],[-60.15856908,-33.3778997],[-60.1584858,-33.37772719],[-60.15834303,-33.37765581],[-60.15809319,-33.3776796],[-60.15736745,-33.37784617],[-60.15729607,-33.3776796],[-60.15648743,-33.37740222],[-60.15458348,-33.37789376],[-60.15368524,-33.37816739],[-60.15303684,-33.3785838],[-60.15233138,-33.3795739],[-60.15273589,-33.38380934],[-60.15344972,-33.38871103],[-60.15553828,-33.3882061],[-60.15546936,-33.38797648],[-60.16128524,-33.38661448],[-60.16173733,-33.38667159],[-60.16782167,-33.38490389],[-60.16439525,-33.37564779],[-60.16420489,-33.37540984],[-60.16135443,-33.37614573]]]]},"geometry_name":"geom","properties":{"gid":177,"nombre_geografico":"Parque Industrial Oficial Comirsa","autoridad_de_fuente":"IGN","fuente_de_captura":"IGN/RENPI"},"bbox":[-60.16782167,-33.38871103,-60.15233138,-33.37540984]},{"type":"Feature","id":"areas_de_fabricacion_y_procesamiento_AC070.178","geometry":{"type":"MultiPolygon","coordinates":[[[[-59.08752963,-36.76615364],[-59.08963308,-36.76444043],[-59.08789607,-36.76302227],[-59.08575931,-36.76464506],[-59.08655881,-36.7653589],[-59.08752963,-36.76615364]]]]},"geometry_name":"geom","properties":{"gid":178,"nombre_geografico":"Sector Industrial Planificado de Rauch","autoridad_de_fuente":"IGN","fuente_de_captura":"IGN/RENPI"},"bbox":[-59.08963308,-36.76615364,-59.08575931,-36.76302227]},{"type":"Feature","id":"areas_de_fabricacion_y_procesamiento_AC070.179","geometry":{"type":"MultiPolygon","coordinates":[[[[-59.36491268,-35.37677258],[-59.36873265,-35.38031247],[-59.37176884,-35.37817096],[-59.3668386,-35.37580101],[-59.3661438,-35.37591523],[-59.36491268,-35.37677258]]]]},"geometry_name":"geom","properties":{"gid":179,"nombre_geografico":"Sector Industrial Planificado Roque Pérez","autoridad_de_fuente":"IGN","fuente_de_captura":"IGN/RENPI"},"bbox":[-59.37176884,-35.38031247,-59.36491268,-35.37580101]},{"type":"Feature","id":"areas_de_fabricacion_y_procesamiento_AC070.180","geometry":{"type":"MultiPolygon","coordinates":[[[[-62.42267178,-37.61889193],[-62.42506076,-37.61841604],[-62.42443258,-37.61586526],[-62.42983872,-37.61164886],[-62.41925487,-37.60363483],[-62.41997823,-37.60669958],[-62.42059689,-37.60825098],[-62.42112037,-37.61044009],[-62.42166289,-37.61411398],[-62.42207216,-37.61669331],[-62.42232914,-37.61759751],[-62.42267178,-37.61889193]]]]},"geometry_name":"geom","properties":{"gid":180,"nombre_geografico":"Sector Industrial Planificado de Pigüé","autoridad_de_fuente":"IGN","fuente_de_captura":"IGN/RENPI"},"bbox":[-62.42983872,-37.61889193,-62.41925487,-37.60363483]},{"type":"Feature","id":"areas_de_fabricacion_y_procesamiento_AC070.181","geometry":{"type":"MultiPolygon","coordinates":[[[[-59.79001361,-35.61623619],[-59.78725701,-35.61369492],[-59.78551524,-35.61488465],[-59.78845743,-35.61743078],[-59.79001361,-35.61623619]]]]},"geometry_name":"geom","properties":{"gid":181,"nombre_geografico":"Sector Industrial Planificado de Saladillo","autoridad_de_fuente":"IGN","fuente_de_captura":"IGN/RENPI"},"bbox":[-59.79001361,-35.61743078,-59.78551524,-35.61369492]},{"type":"Feature","id":"areas_de_fabricacion_y_procesamiento_AC070.182","geometry":{"type":"MultiPolygon","coordinates":[[[[-59.44095997,-34.43231391],[-59.44111464,-34.43223063],[-59.44097187,-34.43118367],[-59.4430539,-34.43074347],[-59.44292303,-34.42993445],[-59.44063874,-34.43019619],[-59.44044839,-34.42901836],[-59.44167381,-34.42784053],[-59.44183322,-34.42769856],[-59.44140492,-34.42764502],[-59.44111938,-34.42758791],[-59.44085169,-34.42744871],[-59.44078031,-34.42729167],[-59.44078745,-34.42686336],[-59.43660792,-34.43164886],[-59.43679233,-34.43176783],[-59.43706002,-34.43198793],[-59.43771437,-34.43238649],[-59.4381641,-34.43250427],[-59.44095997,-34.43231391]]]]},"geometry_name":"geom","properties":{"gid":182,"nombre_geografico":"Sector Industrial Planificado de San Andrés de Giles","autoridad_de_fuente":"IGN","fuente_de_captura":"IGN/RENPI"},"bbox":[-59.4430539,-34.43250427,-59.43660792,-34.42686336]},{"type":"Feature","id":"areas_de_fabricacion_y_procesamiento_AC070.183","geometry":{"type":"MultiPolygon","coordinates":[[[[-59.43453949,-34.21887628],[-59.43678798,-34.22008497],[-59.43838698,-34.21787207],[-59.43619559,-34.21674428],[-59.4319316,-34.21444096],[-59.43025646,-34.21680139],[-59.43453949,-34.21887628]]]]},"geometry_name":"geom","properties":{"gid":183,"nombre_geografico":"Sector Industrial Planificado Juan Hipólito Vieytes de San Antonio de Areco","autoridad_de_fuente":"IGN","fuente_de_captura":"IGN/RENPI"},"bbox":[-59.43838698,-34.22008497,-59.43025646,-34.21444096]},{"type":"Feature","id":"areas_de_fabricacion_y_procesamiento_AC070.184","geometry":{"type":"MultiPolygon","coordinates":[[[[-59.63083665,-38.34712736],[-59.63330178,-38.34922128],[-59.63578593,-38.34728916],[-59.63330178,-38.34526186],[-59.63083665,-38.34712736]]]]},"geometry_name":"geom","properties":{"gid":184,"nombre_geografico":"Sector Industrial Planificado de San Cayetano","autoridad_de_fuente":"IGN","fuente_de_captura":"IGN/RENPI"},"bbox":[-59.63578593,-38.34922128,-59.63083665,-38.34526186]},{"type":"Feature","id":"areas_de_fabricacion_y_procesamiento_AC070.185","geometry":{"type":"MultiPolygon","coordinates":[[[[-60.27298105,-33.3477362],[-60.27619333,-33.34542812],[-60.2731952,-33.34254897],[-60.26988775,-33.34495223],[-60.27298105,-33.3477362]]]]},"geometry_name":"geom","properties":{"gid":185,"nombre_geografico":"Sector Industrial Planificado Mixto de San Nicólas de los Arroyos","autoridad_de_fuente":"IGN","fuente_de_captura":"IGN/RENPI"},"bbox":[-60.27619333,-33.3477362,-60.26988775,-33.34254897]},{"type":"Feature","id":"areas_de_fabricacion_y_procesamiento_AC070.187","geometry":{"type":"MultiPolygon","coordinates":[[[[-65.79225963,-28.5254641],[-65.79011811,-28.52764131],[-65.79215255,-28.53303079],[-65.79224773,-28.53407775],[-65.79553139,-28.53717105],[-65.79355643,-28.53945533],[-65.79705424,-28.54388113],[-65.79795844,-28.5426676],[-65.79929094,-28.54380974],[-65.8003141,-28.54254863],[-65.8034074,-28.54478532],[-65.80445437,-28.54545157],[-65.80638173,-28.54278658],[-65.80771423,-28.54359559],[-65.80647691,-28.53890805],[-65.80971297,-28.54112095],[-65.81385324,-28.53997881],[-65.79225963,-28.5254641]]]]},"geometry_name":"geom","properties":{"gid":187,"nombre_geografico":"Área Industrial El Pantanillo","autoridad_de_fuente":"IGN","fuente_de_captura":"IGN/RENPI"},"bbox":[-65.81385324,-28.54545157,-65.79011811,-28.5254641]},{"type":"Feature","id":"areas_de_fabricacion_y_procesamiento_AC070.188","geometry":{"type":"MultiPolygon","coordinates":[[[[-59.02354027,-27.4312297],[-59.0280089,-27.43517008],[-59.0292367,-27.43504159],[-59.03020752,-27.43575543],[-59.03053589,-27.4361409],[-59.03070721,-27.43638361],[-59.03152099,-27.43596958],[-59.03204923,-27.43561266],[-59.03233476,-27.43539851],[-59.03229193,-27.43504159],[-59.03167803,-27.4347275],[-59.03099275,-27.43442769],[-59.03039312,-27.43382807],[-59.03012186,-27.43347115],[-59.03009331,-27.4330714],[-59.03037884,-27.43274303],[-59.03087853,-27.43258599],[-59.03129256,-27.43254316],[-59.03152099,-27.43248605],[-59.03180652,-27.43238611],[-59.03194929,-27.43205775],[-59.03149243,-27.43114403],[-59.03140677,-27.43045875],[-59.03150671,-27.43013038],[-59.03160665,-27.42965925],[-59.03152099,-27.42928806],[-59.03129256,-27.42910246],[-59.03092136,-27.42890258],[-59.02950796,-27.43001617],[-59.0272094,-27.42796032],[-59.02354027,-27.4312297]]]]},"geometry_name":"geom","properties":{"gid":188,"nombre_geografico":"Área Industrial de Fontana","autoridad_de_fuente":"IGN","fuente_de_captura":"IGN/RENPI"},"bbox":[-59.03233476,-27.43638361,-59.02354027,-27.42796032]},{"type":"Feature","id":"areas_de_fabricacion_y_procesamiento_AC070.189","geometry":{"type":"MultiPolygon","coordinates":[[[[-59.0550515,-27.36908937],[-59.05981042,-27.37346758],[-59.06849069,-27.36577716],[-59.06295131,-27.36084692],[-59.06270385,-27.36077078],[-59.06247542,-27.36090402],[-59.06199953,-27.36198906],[-59.06066703,-27.36463502],[-59.06011499,-27.36549163],[-59.05733578,-27.36754748],[-59.0550515,-27.36908937]]]]},"geometry_name":"geom","properties":{"gid":189,"nombre_geografico":"Parque Industrial Provincial Puerto Tirol","autoridad_de_fuente":"IGN","fuente_de_captura":"IGN/RENPI"},"bbox":[-59.06849069,-27.37346758,-59.0550515,-27.36077078]},{"type":"Feature","id":"areas_de_fabricacion_y_procesamiento_AC070.190","geometry":{"type":"MultiPolygon","coordinates":[[[[-58.94598676,-27.49163879],[-58.94514443,-27.49096302],[-58.944778,-27.49125808],[-58.94336936,-27.49125808],[-58.94335032,-27.49395639],[-58.94496835,-27.49389452],[-58.94496835,-27.49248588],[-58.94598676,-27.49163879]]]]},"geometry_name":"geom","properties":{"gid":190,"nombre_geografico":"Complejo Industrial Barranqueras","autoridad_de_fuente":"IGN","fuente_de_captura":"IGN/RENPI"},"bbox":[-58.94598676,-27.49395639,-58.94335032,-27.49096302]},{"type":"Feature","id":"areas_de_fabricacion_y_procesamiento_AC070.191","geometry":{"type":"MultiPolygon","coordinates":[[[[-65.84243421,-43.40086648],[-65.84089945,-43.40197293],[-65.84165612,-43.40242978],[-65.84429733,-43.40196579],[-65.84375481,-43.40153749],[-65.84338361,-43.40156604],[-65.84243421,-43.40086648]]]]},"geometry_name":"geom","properties":{"gid":191,"nombre_geografico":"Parque Industrial 28 de Julio y Zona de Actividades Complementarias","autoridad_de_fuente":"IGN","fuente_de_captura":"IGN/RENPI"},"bbox":[-65.84429733,-43.40242978,-65.84089945,-43.40086648]},{"type":"Feature","id":"areas_de_fabricacion_y_procesamiento_AC070.192","geometry":{"type":"MultiPolygon","coordinates":[[[[-71.16663436,-42.93476216],[-71.16521858,-42.93789115],[-71.16700317,-42.93919986],[-71.16981094,-42.93714162],[-71.16663436,-42.93476216]]]]},"geometry_name":"geom","properties":{"gid":192,"nombre_geografico":"Parque Tecnológico Industrial y Playa de Transferencia de Cargas","autoridad_de_fuente":"IGN","fuente_de_captura":"IGN/RENPI"},"bbox":[-71.16981094,-42.93919986,-71.16521858,-42.93476216]},{"type":"Feature","id":"areas_de_fabricacion_y_procesamiento_AC070.193","geometry":{"type":"MultiPolygon","coordinates":[[[[-65.04038796,-42.74185648],[-65.04133974,-42.74195166],[-65.0432909,-42.74230858],[-65.04426648,-42.7426655],[-65.05016754,-42.7453305],[-65.05690142,-42.73652649],[-65.05673486,-42.7360268],[-65.0565445,-42.73569368],[-65.05578307,-42.73547953],[-65.05490267,-42.73509881],[-65.05354638,-42.73490846],[-65.0499058,-42.73452774],[-65.04833536,-42.73431359],[-65.04740737,-42.73424221],[-65.0463842,-42.73405185],[-65.04576554,-42.73457533],[-65.04383818,-42.73364734],[-65.04326711,-42.73367114],[-65.04274362,-42.73407565],[-65.04176805,-42.73450395],[-65.04038796,-42.74185648]]]]},"geometry_name":"geom","properties":{"gid":193,"nombre_geografico":"Zona de Industrias Conexas al Aluminio de Puerto Madryn","autoridad_de_fuente":"IGN","fuente_de_captura":"IGN/RENPI"},"bbox":[-65.05690142,-42.7453305,-65.04038796,-42.73364734]},{"type":"Feature","id":"areas_de_fabricacion_y_procesamiento_AC070.194","geometry":{"type":"MultiPolygon","coordinates":[[[[-65.04327456,-42.72328736],[-65.04348395,-42.72271628],[-65.04336974,-42.72227846],[-65.03229097,-42.71491165],[-65.03130111,-42.71961347],[-65.0374306,-42.7239536],[-65.04296999,-42.7236871],[-65.04327456,-42.72328736]]]]},"geometry_name":"geom","properties":{"gid":194,"nombre_geografico":"Parque Industrial Pesquero de Puerto Madryn","autoridad_de_fuente":"IGN","fuente_de_captura":"IGN/RENPI"},"bbox":[-65.04348395,-42.7239536,-65.03130111,-42.71491165]},{"type":"Feature","id":"areas_de_fabricacion_y_procesamiento_AC070.195","geometry":{"type":"MultiPolygon","coordinates":[[[[-65.08688838,-43.30724771],[-65.0855276,-43.30829694],[-65.08787612,-43.31011485],[-65.08680537,-43.31085724],[-65.08769766,-43.31148542],[-65.090346,-43.30957233],[-65.08710253,-43.30722987],[-65.08688838,-43.30724771]]]]},"geometry_name":"geom","properties":{"gid":195,"nombre_geografico":"Parque Industrial de Rawson","autoridad_de_fuente":"IGN","fuente_de_captura":"IGN/RENPI"},"bbox":[-65.090346,-43.31148542,-65.0855276,-43.30722987]},{"type":"Feature","id":"areas_de_fabricacion_y_procesamiento_AC070.196","geometry":{"type":"MultiPolygon","coordinates":[[[[-65.33745008,-43.24656435],[-65.33579398,-43.25236072],[-65.34273248,-43.25340292],[-65.34424582,-43.24810624],[-65.33745008,-43.24656435]]]]},"geometry_name":"geom","properties":{"gid":196,"nombre_geografico":"Zona de Actividades Complementarias del Parque Industrial de Trelew","autoridad_de_fuente":"IGN","fuente_de_captura":"IGN/RENPI"},"bbox":[-65.34424582,-43.25340292,-65.33579398,-43.24656435]},{"type":"Feature","id":"areas_de_fabricacion_y_procesamiento_AC070.197","geometry":{"type":"MultiPolygon","coordinates":[[[[-65.35125742,-43.24917839],[-65.34975836,-43.25436562],[-65.35627934,-43.25532016],[-65.37684823,-43.25853052],[-65.37808258,-43.25449734],[-65.3726812,-43.25330166],[-65.36889084,-43.25266425],[-65.36894545,-43.2524629],[-65.36680393,-43.2518026],[-65.36528703,-43.2515587],[-65.36531558,-43.25143021],[-65.36426624,-43.25119941],[-65.35881251,-43.25029997],[-65.35125742,-43.24917839]]]]},"geometry_name":"geom","properties":{"gid":197,"nombre_geografico":"Parque Industrial de Trelew","autoridad_de_fuente":"IGN","fuente_de_captura":"IGN/RENPI"},"bbox":[-65.37808258,-43.25853052,-65.34975836,-43.24917839]},{"type":"Feature","id":"areas_de_fabricacion_y_procesamiento_AC070.198","geometry":{"type":"MultiPolygon","coordinates":[[[[-71.46415546,-43.11084367],[-71.46403474,-43.11107828],[-71.4648379,-43.11171716],[-71.46901983,-43.10873352],[-71.46810387,-43.10802713],[-71.46415546,-43.11084367]]]]},"geometry_name":"geom","properties":{"gid":198,"nombre_geografico":"Parque Industrial de Trevelín","autoridad_de_fuente":"IGN","fuente_de_captura":"IGN/RENPI"},"bbox":[-71.46901983,-43.11171716,-71.46403474,-43.10802713]},{"type":"Feature","id":"areas_de_fabricacion_y_procesamiento_AC070.199","geometry":{"type":"MultiPolygon","coordinates":[[[[-58.40205251,-34.84360501],[-58.40242261,-34.84392137],[-58.40365588,-34.8485398],[-58.40522106,-34.85422892],[-58.40541312,-34.85505657],[-58.40699776,-34.86188525],[-58.40779937,-34.86533966],[-58.40796353,-34.86526359],[-58.41749559,-34.85226137],[-58.42112102,-34.84736654],[-58.42991852,-34.83511328],[-58.42990234,-34.83504762],[-58.42199216,-34.83116032],[-58.42103547,-34.83249522],[-58.41883631,-34.83140742],[-58.41877596,-34.83148246],[-58.41829119,-34.83214029],[-58.41229918,-34.82920506],[-58.40854843,-34.83431889],[-58.40172739,-34.8355072],[-58.40151208,-34.83579976],[-58.40180049,-34.83709587],[-58.3998935,-34.83739898],[-58.39979578,-34.83701574],[-58.39879133,-34.83729501],[-58.39831177,-34.84086649],[-58.39528791,-34.84065962],[-58.39520461,-34.84157598],[-58.39681075,-34.84167711],[-58.39665013,-34.8427895],[-58.39504995,-34.84271217],[-58.39468708,-34.84551399],[-58.3961326,-34.84560916],[-58.39600275,-34.84621986],[-58.39710903,-34.84673795],[-58.39755507,-34.84701209],[-58.39792777,-34.84396282],[-58.40108979,-34.84422088],[-58.40205251,-34.84360501]]]]},"geometry_name":"geom","properties":{"gid":199,"nombre_geografico":"Sector Industrial Planificado de Merlo","autoridad_de_fuente":"IGN","fuente_de_captura":"IGN/RENPI"},"bbox":[-58.42991852,-34.86533966,-58.39468708,-34.82920506]},{"type":"Feature","id":"areas_de_fabricacion_y_procesamiento_AC070.200","geometry":{"type":"MultiPolygon","coordinates":[[[[-58.50670343,-37.15420926],[-58.50732449,-37.15457988],[-58.50755292,-37.15516047],[-58.50734353,-37.15524613],[-58.50754816,-37.15542221],[-58.50741967,-37.15553166],[-58.50864089,-37.15666524],[-58.50945231,-37.15597477],[-58.50902401,-37.15512769],[-58.51128926,-37.15351917],[-58.5097093,-37.15209149],[-58.50670343,-37.15420926]]]]},"geometry_name":"geom","properties":{"gid":200,"nombre_geografico":"Sector Industrial Planificado Municipalidad de Ayacucho","autoridad_de_fuente":"IGN","fuente_de_captura":"IGN/Street View"},"bbox":[-58.51128926,-37.15666524,-58.50670343,-37.15209149]},{"type":"Feature","id":"areas_de_fabricacion_y_procesamiento_AC070.201","geometry":{"type":"MultiPolygon","coordinates":[[[[-61.72961006,-36.59500865],[-61.72684868,-36.59819893],[-61.72976114,-36.59985504],[-61.73022275,-36.59919354],[-61.73090449,-36.59951059],[-61.73311262,-36.59675993],[-61.72961006,-36.59500865]]]]},"geometry_name":"geom","properties":{"gid":201,"nombre_geografico":"Sector Industrial Planificado Oficial del Partido de Daireaux","autoridad_de_fuente":"IGN","fuente_de_captura":"IGN/RENPI"},"bbox":[-61.73311262,-36.59985504,-61.72684868,-36.59500865]},{"type":"Feature","id":"areas_de_fabricacion_y_procesamiento_AC070.239","geometry":{"type":"MultiPolygon","coordinates":[[[[-59.37886317,-32.72812598],[-59.37288477,-32.72678754],[-59.37401502,-32.73056493],[-59.37919629,-32.72985109],[-59.37886317,-32.72812598]]]]},"geometry_name":"geom","properties":{"gid":239,"nombre_geografico":"Parque Industrial y de Servicios de General Galarza","autoridad_de_fuente":"IGN","fuente_de_captura":"IGN/RENPI"},"bbox":[-59.37919629,-32.73056493,-59.37288477,-32.72678754]},{"type":"Feature","id":"areas_de_fabricacion_y_procesamiento_AC070.202","geometry":{"type":"MultiPolygon","coordinates":[[[[-61.3165896,-38.7413009],[-61.32188628,-38.74546972],[-61.32534126,-38.74268575],[-61.3250129,-38.74241449],[-61.32548403,-38.74205757],[-61.32055854,-38.73833133],[-61.3165896,-38.7413009]]]]},"geometry_name":"geom","properties":{"gid":202,"nombre_geografico":"Sector Industrial Planificado Doctor José Francisco Nomdedeu","autoridad_de_fuente":"IGN","fuente_de_captura":"IGN/Street View"},"bbox":[-61.32548403,-38.74546972,-61.3165896,-38.73833133]},{"type":"Feature","id":"areas_de_fabricacion_y_procesamiento_AC070.203","geometry":{"type":"MultiPolygon","coordinates":[[[[-61.34415106,-38.00766904],[-61.34714766,-38.0050298],[-61.34248643,-38.00140136],[-61.33943973,-38.00389759],[-61.34415106,-38.00766904]]]]},"geometry_name":"geom","properties":{"gid":203,"nombre_geografico":"Sector Industrial Planificado Municipal de Coronel Pringles","autoridad_de_fuente":"IGN","fuente_de_captura":"IGN/RENPI"},"bbox":[-61.34714766,-38.00766904,-61.33943973,-38.00140136]},{"type":"Feature","id":"areas_de_fabricacion_y_procesamiento_AC070.204","geometry":{"type":"MultiPolygon","coordinates":[[[[-61.898389,-34.79371802],[-61.90167656,-34.79381793],[-61.89958701,-34.79211784],[-61.8995591,-34.79209513],[-61.89738518,-34.79032639],[-61.89585043,-34.7916273],[-61.898389,-34.79371802]]]]},"geometry_name":"geom","properties":{"gid":204,"nombre_geografico":"Sector Industrial Planificado Municipal de General Pinto","autoridad_de_fuente":"IGN","fuente_de_captura":"IGN/RENPI"},"bbox":[-61.90167656,-34.79381793,-61.89585043,-34.79032639]},{"type":"Feature","id":"areas_de_fabricacion_y_procesamiento_AC070.205","geometry":{"type":"MultiPolygon","coordinates":[[[[-59.38802242,-34.6270716],[-59.39476105,-34.63285369],[-59.39653137,-34.63152595],[-59.38979273,-34.62557254],[-59.38802242,-34.6270716]]]]},"geometry_name":"geom","properties":{"gid":205,"nombre_geografico":"Sector Industrial Planificado del Partido de Mercedes (SIP Mercedes)","autoridad_de_fuente":"IGN","fuente_de_captura":"IGN/RENPI"},"bbox":[-59.39653137,-34.63285369,-59.38802242,-34.62557254]},{"type":"Feature","id":"areas_de_fabricacion_y_procesamiento_AC070.206","geometry":{"type":"MultiPolygon","coordinates":[[[[-59.67429073,-34.78426507],[-59.67761548,-34.78547655],[-59.6794828,-34.784092],[-59.67765984,-34.78325392],[-59.67799891,-34.78288511],[-59.67824876,-34.78259362],[-59.67840937,-34.78220101],[-59.67597042,-34.78129682],[-59.67429073,-34.78426507]]]]},"geometry_name":"geom","properties":{"gid":206,"nombre_geografico":"Sector Industrial Planificado de Suipacha","autoridad_de_fuente":"IGN","fuente_de_captura":"IGN/RENPI"},"bbox":[-59.6794828,-34.78547655,-59.67429073,-34.78129682]},{"type":"Feature","id":"areas_de_fabricacion_y_procesamiento_AC070.207","geometry":{"type":"MultiPolygon","coordinates":[[[[-61.7481974,-36.31005604],[-61.75093854,-36.30777889],[-61.74854718,-36.30602285],[-61.74824737,-36.30622273],[-61.7481974,-36.31005604]]]]},"geometry_name":"geom","properties":{"gid":207,"nombre_geografico":"Sector Industrial Planificado de Hipólito Yrigoyen","autoridad_de_fuente":"IGN","fuente_de_captura":"IGN/RENPI"},"bbox":[-61.75093854,-36.31005604,-61.7481974,-36.30602285]},{"type":"Feature","id":"areas_de_fabricacion_y_procesamiento_AC070.208","geometry":{"type":"MultiPolygon","coordinates":[[[[-62.68421839,-38.80910599],[-62.6875306,-38.81163774],[-62.6947832,-38.80598414],[-62.69141388,-38.80358564],[-62.68421839,-38.80910599]]]]},"geometry_name":"geom","properties":{"gid":208,"nombre_geografico":"Sector Industrial Planificado de Villarino","autoridad_de_fuente":"IGN","fuente_de_captura":"IGN/RENPI"},"bbox":[-62.6947832,-38.81163774,-62.68421839,-38.80358564]},{"type":"Feature","id":"areas_de_fabricacion_y_procesamiento_AC070.209","geometry":{"type":"MultiPolygon","coordinates":[[[[-58.74949605,-38.1892278],[-58.7519589,-38.19120428],[-58.75372171,-38.19280861],[-58.75558459,-38.19130209],[-58.75351852,-38.18960127],[-58.75255584,-38.19029695],[-58.75039451,-38.18851874],[-58.74949605,-38.1892278]]]]},"geometry_name":"geom","properties":{"gid":209,"nombre_geografico":"Sector Industrial Planificado Lobería","autoridad_de_fuente":"IGN","fuente_de_captura":"GEOBASIG"},"bbox":[-58.75558459,-38.19280861,-58.74949605,-38.18851874]},{"type":"Feature","id":"areas_de_fabricacion_y_procesamiento_AC070.210","geometry":{"type":"MultiPolygon","coordinates":[[[[-58.48036488,-34.76816392],[-58.48533809,-34.77064602],[-58.48687307,-34.76854343],[-58.48188891,-34.7660379],[-58.48036488,-34.76816392]]]]},"geometry_name":"geom","properties":{"gid":210,"nombre_geografico":"Polo Logístico Parque Empresarial Esteban Echeverría","autoridad_de_fuente":"IGN","fuente_de_captura":"GEOBASIG"},"bbox":[-58.48687307,-34.77064602,-58.48036488,-34.7660379]},{"type":"Feature","id":"areas_de_fabricacion_y_procesamiento_AC070.211","geometry":{"type":"MultiPolygon","coordinates":[[[[-60.17234036,-35.41279926],[-60.17619679,-35.41621393],[-60.17869212,-35.41425587],[-60.1784414,-35.41332459],[-60.17673406,-35.40946816],[-60.17234036,-35.41279926]]]]},"geometry_name":"geom","properties":{"gid":211,"nombre_geografico":"Sector Industrial Planificado 25 de Mayo","autoridad_de_fuente":"IGN","fuente_de_captura":"GEOBASIG"},"bbox":[-60.17869212,-35.41621393,-60.17234036,-35.40946816]},{"type":"Feature","id":"areas_de_fabricacion_y_procesamiento_AC070.212","geometry":{"type":"MultiPolygon","coordinates":[[[[-58.63476436,-34.47888461],[-58.63507469,-34.48008652],[-58.6353062,-34.48138202],[-58.63631108,-34.48127365],[-58.63699084,-34.48118006],[-58.63806961,-34.48096825],[-58.63782331,-34.48018504],[-58.63749328,-34.47966782],[-58.63689725,-34.47883043],[-58.63672977,-34.47880087],[-58.63586282,-34.47896835],[-58.63547368,-34.47903731],[-58.63519783,-34.47900776],[-58.63498602,-34.47893387],[-58.63487765,-34.47885998],[-58.63482347,-34.47883535],[-58.63475943,-34.47883535],[-58.63476436,-34.47888461]]]]},"geometry_name":"geom","properties":{"gid":212,"nombre_geografico":"Parque Logístico Panamericana","autoridad_de_fuente":"IGN","fuente_de_captura":"GEOBASIG"},"bbox":[-58.63806961,-34.48138202,-58.63475943,-34.47880087]},{"type":"Feature","id":"areas_de_fabricacion_y_procesamiento_AC070.213","geometry":{"type":"MultiPolygon","coordinates":[[[[-58.21525141,-37.81343887],[-58.21672192,-37.81468809],[-58.2199913,-37.81218965],[-58.2184851,-37.81092616],[-58.21525141,-37.81343887]]]]},"geometry_name":"geom","properties":{"gid":213,"nombre_geografico":"Sector Industrial Planificado El Molino de Balcarce","autoridad_de_fuente":"IGN","fuente_de_captura":"IGN/RENPI"},"bbox":[-58.2199913,-37.81468809,-58.21525141,-37.81092616]},{"type":"Feature","id":"areas_de_fabricacion_y_procesamiento_AC070.214","geometry":{"type":"MultiPolygon","coordinates":[[[[-60.00633069,-36.35776266],[-60.00957237,-36.36045006],[-60.01126039,-36.35913995],[-60.00695216,-36.35562954],[-60.00593598,-36.35646935],[-60.00633069,-36.35776266]]]]},"geometry_name":"geom","properties":{"gid":214,"nombre_geografico":"Sector Industrial Planificado de Tapalqué","autoridad_de_fuente":"IGN","fuente_de_captura":"GEOBASIG"},"bbox":[-60.01126039,-36.36045006,-60.00593598,-36.35562954]},{"type":"Feature","id":"areas_de_fabricacion_y_procesamiento_AC070.215","geometry":{"type":"MultiPolygon","coordinates":[[[[-63.27071142,-33.07707147],[-63.27044016,-33.07455162],[-63.26837717,-33.07487999],[-63.26911242,-33.077357],[-63.27071142,-33.07707147]]]]},"geometry_name":"geom","properties":{"gid":215,"nombre_geografico":"Parque Industrial Chazón","autoridad_de_fuente":"IGN","fuente_de_captura":"IGN/RENPI"},"bbox":[-63.27071142,-33.077357,-63.26837717,-33.07455162]},{"type":"Feature","id":"areas_de_fabricacion_y_procesamiento_AC070.216","geometry":{"type":"MultiPolygon","coordinates":[[[[-62.20465467,-33.27702166],[-62.2040955,-33.27457081],[-62.19692142,-33.27586762],[-62.19739732,-33.27785447],[-62.19901535,-33.27777119],[-62.20033595,-33.27765222],[-62.20237039,-33.27735478],[-62.20465467,-33.27702166]]]]},"geometry_name":"geom","properties":{"gid":216,"nombre_geografico":"Parque Industrial de Corral de Bustos-Ifflinger","autoridad_de_fuente":"IGN","fuente_de_captura":"IGN/RENPI"},"bbox":[-62.20465467,-33.27785447,-62.19692142,-33.27457081]},{"type":"Feature","id":"areas_de_fabricacion_y_procesamiento_AC070.217","geometry":{"type":"MultiPolygon","coordinates":[[[[-63.82813701,-32.78320159],[-63.83322905,-32.78228549],[-63.81776256,-32.77216089],[-63.81759599,-32.77197053],[-63.81740564,-32.77181587],[-63.81716769,-32.77169689],[-63.81370558,-32.76941261],[-63.81237308,-32.7690319],[-63.81145698,-32.76874636],[-63.81048141,-32.76821098],[-63.80952962,-32.76832996],[-63.80905373,-32.76832996],[-63.80886337,-32.76819909],[-63.80646012,-32.76865118],[-63.81349142,-32.77333872],[-63.82501991,-32.78108387],[-63.82813701,-32.78320159]]]]},"geometry_name":"geom","properties":{"gid":217,"nombre_geografico":"Parque Industrial Adrián Pascual Urquía","autoridad_de_fuente":"IGN","fuente_de_captura":"IGN/RENPI"},"bbox":[-63.83322905,-32.78320159,-63.80646012,-32.76819909]},{"type":"Feature","id":"areas_de_fabricacion_y_procesamiento_AC070.218","geometry":{"type":"MultiPolygon","coordinates":[[[[-63.47063806,-32.15539327],[-63.47355052,-32.15211913],[-63.47026686,-32.14995858],[-63.47063806,-32.15110072],[-63.47078083,-32.1521572],[-63.47085697,-32.15305188],[-63.47079034,-32.15406077],[-63.47068565,-32.15494593],[-63.47063806,-32.15539327]]]]},"geometry_name":"geom","properties":{"gid":218,"nombre_geografico":"Área Empresarial Municipal de James Craik","autoridad_de_fuente":"IGN","fuente_de_captura":"IGN/RENPI"},"bbox":[-63.47355052,-32.15539327,-63.47026686,-32.14995858]},{"type":"Feature","id":"areas_de_fabricacion_y_procesamiento_AC070.219","geometry":{"type":"MultiPolygon","coordinates":[[[[-62.72768956,-31.85016717],[-62.72885074,-31.84893936],[-62.72520541,-31.84634099],[-62.72412037,-31.84751169],[-62.72768956,-31.85016717]]]]},"geometry_name":"geom","properties":{"gid":219,"nombre_geografico":"Parque Industrial y Tecnológico Las Varillas","autoridad_de_fuente":"IGN","fuente_de_captura":"IGN/RENPI"},"bbox":[-62.72885074,-31.85016717,-62.72412037,-31.84634099]},{"type":"Feature","id":"areas_de_fabricacion_y_procesamiento_AC070.220","geometry":{"type":"MultiPolygon","coordinates":[[[[-62.31467961,-32.65019152],[-62.30988445,-32.65100301],[-62.31020969,-32.65248717],[-62.31508062,-32.65160493],[-62.31467961,-32.65019152]]]]},"geometry_name":"geom","properties":{"gid":220,"nombre_geografico":"Parque Industrial Emprendimiento Productivo Leones","autoridad_de_fuente":"IGN","fuente_de_captura":"IGN/RENPI"},"bbox":[-62.31508062,-32.65248717,-62.30988445,-32.65019152]},{"type":"Feature","id":"areas_de_fabricacion_y_procesamiento_AC070.221","geometry":{"type":"MultiPolygon","coordinates":[[[[-64.35203619,-31.45542465],[-64.35067431,-31.45542643],[-64.35063148,-31.45404158],[-64.35247717,-31.45401608],[-64.35471504,-31.45398346],[-64.35437001,-31.44836793],[-64.35410827,-31.44824896],[-64.35386946,-31.44812315],[-64.34684529,-31.44818026],[-64.34651223,-31.44834814],[-64.34654191,-31.45112484],[-64.34654191,-31.45154957],[-64.34663677,-31.45536354],[-64.34701748,-31.45564908],[-64.34997991,-31.45711245],[-64.35194296,-31.45550631],[-64.35203619,-31.45542465]]]]},"geometry_name":"geom","properties":{"gid":221,"nombre_geografico":"Parque Industrial Polígono Industrial Malagueño","autoridad_de_fuente":"IGN","fuente_de_captura":"IGN/RENPI"},"bbox":[-64.35471504,-31.45711245,-64.34651223,-31.44812315]},{"type":"Feature","id":"areas_de_fabricacion_y_procesamiento_AC070.222","geometry":{"type":"MultiPolygon","coordinates":[[[[-62.82865424,-32.59063403],[-62.83201404,-32.58960611],[-62.83069106,-32.58651281],[-62.82735981,-32.58748363],[-62.82865424,-32.59063403]]]]},"geometry_name":"geom","properties":{"gid":222,"nombre_geografico":"Parque Industrial Morrison","autoridad_de_fuente":"IGN","fuente_de_captura":"IGN/RENPI"},"bbox":[-62.83201404,-32.59063403,-62.82735981,-32.58651281]},{"type":"Feature","id":"areas_de_fabricacion_y_procesamiento_AC070.223","geometry":{"type":"MultiPolygon","coordinates":[[[[-64.12500146,-32.18575041],[-64.12503953,-32.18654039],[-64.12496338,-32.18870094],[-64.12905606,-32.18903407],[-64.13309162,-32.18938623],[-64.14036326,-32.19007151],[-64.14224779,-32.19023332],[-64.14222875,-32.18805373],[-64.14218116,-32.1856933],[-64.12501097,-32.18574089],[-64.12500146,-32.18575041]]]]},"geometry_name":"geom","properties":{"gid":223,"nombre_geografico":"Parque Industrial Leonardo Da Vinci","autoridad_de_fuente":"IGN","fuente_de_captura":"IGN/RENPI"},"bbox":[-64.14224779,-32.19023332,-64.12496338,-32.1856933]},{"type":"Feature","id":"areas_de_fabricacion_y_procesamiento_AC070.224","geometry":{"type":"MultiPolygon","coordinates":[[[[-64.31961769,-33.14773047],[-64.31974803,-33.14723083],[-64.31975666,-33.14710145],[-64.32072416,-33.14686456],[-64.32056657,-33.14632664],[-64.32209584,-33.14593399],[-64.32090921,-33.14223396],[-64.31486538,-33.1436426],[-64.31588196,-33.14661471],[-64.31961769,-33.14773047]]]]},"geometry_name":"geom","properties":{"gid":224,"nombre_geografico":"Parque industrial Río Cuarto Presidente Arturo Frondizi","autoridad_de_fuente":"IGN","fuente_de_captura":"IGN/RENPI"},"bbox":[-64.32209584,-33.14773047,-64.31486538,-33.14223396]},{"type":"Feature","id":"areas_de_fabricacion_y_procesamiento_AC070.225","geometry":{"type":"MultiPolygon","coordinates":[[[[-62.11272808,-31.43589561],[-62.11469827,-31.44479003],[-62.11871004,-31.44414758],[-62.12225068,-31.44747406],[-62.12679069,-31.45229545],[-62.12973528,-31.45187904],[-62.1286895,-31.44641758],[-62.1258056,-31.43383975],[-62.11272808,-31.43589561]]]]},"geometry_name":"geom","properties":{"gid":225,"nombre_geografico":"Parque Industrial Piloto San Francisco S.A.","autoridad_de_fuente":"IGN","fuente_de_captura":"IGN/RENPI"},"bbox":[-62.12973528,-31.45229545,-62.11272808,-31.43383975]},{"type":"Feature","id":"areas_de_fabricacion_y_procesamiento_AC070.226","geometry":{"type":"MultiPolygon","coordinates":[[[[-65.23705124,-31.98430984],[-65.24445613,-31.98281554],[-65.24067754,-31.97936057],[-65.23487166,-31.98056933],[-65.23705124,-31.98430984]]]]},"geometry_name":"geom","properties":{"gid":226,"nombre_geografico":"Parque Industrial y Tecnológico de Villa Dolores","autoridad_de_fuente":"IGN","fuente_de_captura":"IGN/RENPI"},"bbox":[-65.24445613,-31.98430984,-65.23487166,-31.97936057]},{"type":"Feature","id":"areas_de_fabricacion_y_procesamiento_AC070.227","geometry":{"type":"MultiPolygon","coordinates":[[[[-63.1799103,-32.43576807],[-63.17886096,-32.43445461],[-63.17736904,-32.43521128],[-63.17118434,-32.42678465],[-63.16490257,-32.43009686],[-63.17242166,-32.43963374],[-63.1799103,-32.43576807]]]]},"geometry_name":"geom","properties":{"gid":227,"nombre_geografico":"Parque Industrial y Tecnológico de Villa María","autoridad_de_fuente":"IGN","fuente_de_captura":"IGN/RENPI"},"bbox":[-63.1799103,-32.43963374,-63.16490257,-32.42678465]},{"type":"Feature","id":"areas_de_fabricacion_y_procesamiento_AC070.228","geometry":{"type":"MultiPolygon","coordinates":[[[[-63.24423374,-32.80713914],[-63.24416949,-32.81072974],[-63.24471915,-32.81080826],[-63.24928771,-32.80998021],[-63.24928771,-32.80721766],[-63.24423374,-32.80713914]]]]},"geometry_name":"geom","properties":{"gid":228,"nombre_geografico":"Zona Comercial e Industrial de La Laguna","autoridad_de_fuente":"IGN","fuente_de_captura":"IGN/RENPI"},"bbox":[-63.24928771,-32.81080826,-63.24416949,-32.80713914]},{"type":"Feature","id":"areas_de_fabricacion_y_procesamiento_AC070.229","geometry":{"type":"MultiPolygon","coordinates":[[[[-58.80418108,-27.54142719],[-58.80030494,-27.54199113],[-58.80094026,-27.54536758],[-58.80486637,-27.54470371],[-58.80418108,-27.54142719]]]]},"geometry_name":"geom","properties":{"gid":229,"nombre_geografico":"Parque Industrial Tecnológico Santa Catalina","autoridad_de_fuente":"IGN","fuente_de_captura":"IGN/RENPI"},"bbox":[-58.80486637,-27.54536758,-58.80030494,-27.54142719]},{"type":"Feature","id":"areas_de_fabricacion_y_procesamiento_AC070.230","geometry":{"type":"MultiPolygon","coordinates":[[[[-56.01593233,-28.02150822],[-56.01657954,-28.02127979],[-56.01795011,-28.02190797],[-56.0181024,-28.02259325],[-56.01882575,-28.02322143],[-56.02255675,-28.01912876],[-56.01909225,-28.01791047],[-56.0197014,-28.01650183],[-56.020558,-28.01673026],[-56.02118618,-28.0152074],[-56.01852118,-28.01440791],[-56.01688411,-28.01749169],[-56.01640822,-28.01827215],[-56.01608462,-28.01962368],[-56.01593233,-28.02150822]]]]},"geometry_name":"geom","properties":{"gid":230,"nombre_geografico":"Parque Industrial de Gobernador Virasoro","autoridad_de_fuente":"IGN","fuente_de_captura":"IGN/RENPI"},"bbox":[-56.02255675,-28.02322143,-56.01593233,-28.01440791]},{"type":"Feature","id":"areas_de_fabricacion_y_procesamiento_AC070.231","geometry":{"type":"MultiPolygon","coordinates":[[[[-59.24360555,-29.16132046],[-59.24337712,-29.16194864],[-59.24339615,-29.16271007],[-59.24434794,-29.16261489],[-59.24488094,-29.16375703],[-59.24608019,-29.16356667],[-59.24636572,-29.1653941],[-59.25072489,-29.16472785],[-59.24996347,-29.16048289],[-59.24360555,-29.16132046]]]]},"geometry_name":"geom","properties":{"gid":231,"nombre_geografico":"Zona de Actividades Económicas Goya","autoridad_de_fuente":"IGN","fuente_de_captura":"IGN/RENPI"},"bbox":[-59.25072489,-29.1653941,-59.24337712,-29.16048289]},{"type":"Feature","id":"areas_de_fabricacion_y_procesamiento_AC070.232","geometry":{"type":"MultiPolygon","coordinates":[[[[-58.10942058,-29.15836449],[-58.10630824,-29.15882135],[-58.10640104,-29.15989924],[-58.10957048,-29.15947094],[-58.10942058,-29.15836449]]]]},"geometry_name":"geom","properties":{"gid":232,"nombre_geografico":"Parque Industrial Mercedes","autoridad_de_fuente":"IGN","fuente_de_captura":"IGN/RENPI"},"bbox":[-58.10957048,-29.15989924,-58.10630824,-29.15836449]},{"type":"Feature","id":"areas_de_fabricacion_y_procesamiento_AC070.233","geometry":{"type":"MultiPolygon","coordinates":[[[[-58.0677038,-28.23991751],[-58.07414262,-28.23290761],[-58.06621901,-28.23082321],[-58.06590492,-28.23090887],[-58.06019422,-28.23809008],[-58.0677038,-28.23991751]]]]},"geometry_name":"geom","properties":{"gid":233,"nombre_geografico":"Parque Industrial Santa Rosa","autoridad_de_fuente":"IGN","fuente_de_captura":"IGN/RENPI"},"bbox":[-58.07414262,-28.23991751,-58.06019422,-28.23082321]},{"type":"Feature","id":"areas_de_fabricacion_y_procesamiento_AC070.234","geometry":{"type":"MultiPolygon","coordinates":[[[[-60.04906181,-31.58560597],[-60.04394597,-31.5858915],[-60.04438617,-31.58794974],[-60.04568298,-31.58774748],[-60.04592092,-31.58892532],[-60.04958529,-31.58842563],[-60.04906181,-31.58560597]]]]},"geometry_name":"geom","properties":{"gid":234,"nombre_geografico":"Parque Industrial de Cerrito","autoridad_de_fuente":"IGN","fuente_de_captura":"IGN/RENPI"},"bbox":[-60.04958529,-31.58892532,-60.04394597,-31.58560597]},{"type":"Feature","id":"areas_de_fabricacion_y_procesamiento_AC070.235","geometry":{"type":"MultiPolygon","coordinates":[[[[-58.03359867,-30.79760604],[-58.03496924,-30.8004614],[-58.03633981,-30.80247918],[-58.03712028,-30.80377361],[-58.03744388,-30.803983],[-58.04404927,-30.80223172],[-58.04058477,-30.79516948],[-58.03359867,-30.79760604]]]]},"geometry_name":"geom","properties":{"gid":235,"nombre_geografico":"Área Industrial Chajarí","autoridad_de_fuente":"IGN","fuente_de_captura":"IGN/RENPI"},"bbox":[-58.04404927,-30.803983,-58.03359867,-30.79516948]},{"type":"Feature","id":"areas_de_fabricacion_y_procesamiento_AC070.236","geometry":{"type":"MultiPolygon","coordinates":[[[[-58.09865897,-31.41749945],[-58.09335277,-31.41376846],[-58.08635716,-31.40852175],[-58.08250243,-31.41199576],[-58.08243105,-31.41241217],[-58.0799802,-31.41398261],[-58.07982554,-31.41517234],[-58.08232397,-31.4171235],[-58.08333524,-31.41734955],[-58.08409667,-31.41792062],[-58.08467964,-31.41813477],[-58.0861787,-31.4193126],[-58.08714238,-31.41985988],[-58.08911733,-31.42157309],[-58.09173474,-31.41920553],[-58.09215591,-31.41904848],[-58.09460437,-31.42096157],[-58.09481852,-31.4210044],[-58.09865897,-31.41749945]]]]},"geometry_name":"geom","properties":{"gid":236,"nombre_geografico":"Parque Industrial de la Ciudad de Concordia","autoridad_de_fuente":"IGN","fuente_de_captura":"IGN/RENPI"},"bbox":[-58.09865897,-31.42157309,-58.07982554,-31.40852175]},{"type":"Feature","id":"areas_de_fabricacion_y_procesamiento_AC070.237","geometry":{"type":"MultiPolygon","coordinates":[[[[-60.31527843,-32.00156094],[-60.31465977,-32.0021677],[-60.31261344,-32.00403557],[-60.30893717,-32.00749769],[-60.30944875,-32.01073376],[-60.32087017,-32.00950834],[-60.31944249,-32.00114453],[-60.31527843,-32.00156094]]]]},"geometry_name":"geom","properties":{"gid":237,"nombre_geografico":"Parque Industrial de Crespo","autoridad_de_fuente":"IGN","fuente_de_captura":"IGN/RENPI"},"bbox":[-60.32087017,-32.01073376,-60.30893717,-32.00114453]},{"type":"Feature","id":"areas_de_fabricacion_y_procesamiento_AC070.238","geometry":{"type":"MultiPolygon","coordinates":[[[[-58.31563889,-32.50234147],[-58.31335461,-32.49684492],[-58.31107033,-32.49169339],[-58.3094523,-32.49181236],[-58.30916676,-32.48887373],[-58.30829826,-32.48880234],[-58.30107659,-32.48930203],[-58.30188561,-32.49567898],[-58.30783426,-32.49525068],[-58.31114171,-32.50293634],[-58.31563889,-32.50234147]]]]},"geometry_name":"geom","properties":{"gid":238,"nombre_geografico":"Parque Industrial de la Ciudad de Concepción del Uruguay","autoridad_de_fuente":"IGN","fuente_de_captura":"IGN/RENPI"},"bbox":[-58.31563889,-32.50293634,-58.30107659,-32.48880234]},{"type":"Feature","id":"areas_de_fabricacion_y_procesamiento_AC070.240","geometry":{"type":"MultiPolygon","coordinates":[[[[-59.32847734,-32.56766007],[-59.32764215,-32.56808837],[-59.33000496,-32.57168611],[-59.33134697,-32.57095086],[-59.32847734,-32.56766007]]]]},"geometry_name":"geom","properties":{"gid":240,"nombre_geografico":"Área Industrial Gobernador Mansilla","autoridad_de_fuente":"IGN","fuente_de_captura":"IGN/RENPI"},"bbox":[-59.33134697,-32.57168611,-59.32764215,-32.56766007]},{"type":"Feature","id":"areas_de_fabricacion_y_procesamiento_AC070.241","geometry":{"type":"MultiPolygon","coordinates":[[[[-59.34247842,-33.17422883],[-59.33685337,-33.17425739],[-59.33698186,-33.17607053],[-59.34035118,-33.18005375],[-59.34436295,-33.17888306],[-59.34247842,-33.17422883]]]]},"geometry_name":"geom","properties":{"gid":241,"nombre_geografico":"Parque Industrial y de Servicios de Gualeguay","autoridad_de_fuente":"IGN","fuente_de_captura":"IGN/RENPI"},"bbox":[-59.34436295,-33.18005375,-59.33685337,-33.17422883]},{"type":"Feature","id":"areas_de_fabricacion_y_procesamiento_AC070.242","geometry":{"type":"MultiPolygon","coordinates":[[[[-58.61091068,-33.03806142],[-58.61289515,-33.03860394],[-58.61525082,-33.03866104],[-58.61646434,-33.03847545],[-58.6171068,-33.03781871],[-58.61607058,-33.03509411],[-58.61229605,-33.02600009],[-58.60976854,-33.02672567],[-58.60964782,-33.02650366],[-58.6073338,-33.0263371],[-58.60737651,-33.02570861],[-58.60115422,-33.02561938],[-58.59629417,-33.02560748],[-58.59616278,-33.03187958],[-58.59834713,-33.03197952],[-58.59978908,-33.03203662],[-58.60074562,-33.03207945],[-58.60164506,-33.03207945],[-58.60253022,-33.03232216],[-58.60345585,-33.03271315],[-58.60460989,-33.03331396],[-58.60632251,-33.03461285],[-58.60659967,-33.03440707],[-58.60662232,-33.03407747],[-58.60693998,-33.03409888],[-58.60691142,-33.03457002],[-58.60735043,-33.03461285],[-58.60730404,-33.03486983],[-58.60687573,-33.03500546],[-58.60725583,-33.035306],[-58.61091068,-33.03806142]]]]},"geometry_name":"geom","properties":{"gid":242,"nombre_geografico":"Parque Industrial Gualeguaychú","autoridad_de_fuente":"IGN","fuente_de_captura":"IGN/RENPI"},"bbox":[-58.6171068,-33.03866104,-58.59616278,-33.02560748]},{"type":"Feature","id":"areas_de_fabricacion_y_procesamiento_AC070.243","geometry":{"type":"MultiPolygon","coordinates":[[[[-59.82091564,-32.37308345],[-59.8188931,-32.37858],[-59.81904777,-32.37884174],[-59.81942848,-32.37896072],[-59.81961884,-32.37905589],[-59.8197735,-32.37918676],[-59.82179604,-32.37765201],[-59.82344977,-32.3772475],[-59.8228787,-32.37560568],[-59.82227194,-32.3728693],[-59.82091564,-32.37308345]]]]},"geometry_name":"geom","properties":{"gid":243,"nombre_geografico":"Parque Industrial de Nogoyá","autoridad_de_fuente":"IGN","fuente_de_captura":"IGN/RENPI"},"bbox":[-59.82344977,-32.37918676,-59.8188931,-32.3728693]},{"type":"Feature","id":"areas_de_fabricacion_y_procesamiento_AC070.244","geometry":{"type":"MultiPolygon","coordinates":[[[[-60.45822941,-31.76707086],[-60.44729222,-31.76880191],[-60.44428815,-31.76936704],[-60.44437738,-31.7697537],[-60.44399297,-31.77003357],[-60.44360274,-31.7702144],[-60.44334576,-31.77026199],[-60.44286987,-31.77006212],[-60.44227024,-31.77010971],[-60.4417658,-31.76986224],[-60.44134701,-31.77017633],[-60.44094726,-31.77051898],[-60.44052848,-31.77066174],[-60.43995741,-31.77065223],[-60.44011921,-31.7712233],[-60.44022391,-31.7714898],[-60.44064269,-31.77203231],[-60.44102341,-31.77224171],[-60.44156592,-31.77259387],[-60.44201326,-31.77280326],[-60.44276517,-31.77309831],[-60.44341238,-31.77302217],[-60.44360274,-31.77318397],[-60.44387876,-31.77343144],[-60.44410719,-31.7739454],[-60.44476392,-31.77422142],[-60.44548727,-31.77438322],[-60.44582992,-31.77409769],[-60.4461916,-31.77401202],[-60.44666749,-31.77383119],[-60.44727663,-31.77384308],[-60.44830349,-31.7737393],[-60.45356805,-31.77293623],[-60.45453887,-31.77773322],[-60.46026385,-31.77675526],[-60.45822941,-31.76707086]]]]},"geometry_name":"geom","properties":{"gid":244,"nombre_geografico":"Parque Industrial General Belgrano","autoridad_de_fuente":"IGN","fuente_de_captura":"IGN/RENPI"},"bbox":[-60.46026385,-31.77773322,-60.43995741,-31.76707086]},{"type":"Feature","id":"areas_de_fabricacion_y_procesamiento_AC070.245","geometry":{"type":"MultiPolygon","coordinates":[[[[-60.13601235,-31.96783136],[-60.13764228,-31.97203111],[-60.14074748,-31.97143625],[-60.14116389,-31.97052015],[-60.14017641,-31.96704614],[-60.13601235,-31.96783136]]]]},"geometry_name":"geom","properties":{"gid":245,"nombre_geografico":"Área Industrial de Seguí","autoridad_de_fuente":"IGN","fuente_de_captura":"IGN/RENPI"},"bbox":[-60.14116389,-31.97203111,-60.13601235,-31.96704614]},{"type":"Feature","id":"areas_de_fabricacion_y_procesamiento_AC070.246","geometry":{"type":"MultiPolygon","coordinates":[[[[-58.33425872,-31.78250947],[-58.33383042,-31.78016094],[-58.32992573,-31.78080339],[-58.33043969,-31.78308054],[-58.33425872,-31.78250947]]]]},"geometry_name":"geom","properties":{"gid":246,"nombre_geografico":"Parque Industrial Sustentable de Ubajay","autoridad_de_fuente":"IGN","fuente_de_captura":"IGN/RENPI"},"bbox":[-58.33425872,-31.78308054,-58.32992573,-31.78016094]},{"type":"Feature","id":"areas_de_fabricacion_y_procesamiento_AC070.247","geometry":{"type":"MultiPolygon","coordinates":[[[[-58.85750591,-32.70624152],[-58.85955758,-32.70615446],[-58.86044274,-32.70550486],[-58.86097098,-32.70554056],[-58.86125652,-32.7054192],[-58.86152962,-32.70542726],[-58.86192753,-32.70462684],[-58.85574569,-32.699511],[-58.85412752,-32.69956687],[-58.85303297,-32.69966205],[-58.85267605,-32.69999518],[-58.85128406,-32.70126819],[-58.85266891,-32.70234608],[-58.85731362,-32.70611515],[-58.85750591,-32.70624152]]]]},"geometry_name":"geom","properties":{"gid":247,"nombre_geografico":"Parque Industrial y de Servicios de Urdinarrain","autoridad_de_fuente":"IGN","fuente_de_captura":"IGN/RENPI"},"bbox":[-58.86192753,-32.70624152,-58.85128406,-32.699511]},{"type":"Feature","id":"areas_de_fabricacion_y_procesamiento_AC070.248","geometry":{"type":"MultiPolygon","coordinates":[[[[-59.93500287,-31.81561977],[-59.93364658,-31.81698796],[-59.93398565,-31.81799923],[-59.93592498,-31.81752009],[-59.93619624,-31.81818396],[-59.93676731,-31.81681696],[-59.93632473,-31.81647789],[-59.93541102,-31.81588897],[-59.93500287,-31.81561977]]]]},"geometry_name":"geom","properties":{"gid":248,"nombre_geografico":"Parque Industrial y de Servicios de Tabossi","autoridad_de_fuente":"IGN","fuente_de_captura":"IGN/RENPI"},"bbox":[-59.93676731,-31.81818396,-59.93364658,-31.81561977]},{"type":"Feature","id":"areas_de_fabricacion_y_procesamiento_AC070.249","geometry":{"type":"MultiPolygon","coordinates":[[[[-59.05007083,-31.80916196],[-59.04985129,-31.81155634],[-59.05897737,-31.81131203],[-59.05894202,-31.80800618],[-59.05673483,-31.80802918],[-59.0565302,-31.8080387],[-59.05163107,-31.8080568],[-59.05007083,-31.80916196]]]]},"geometry_name":"geom","properties":{"gid":249,"nombre_geografico":"Parque Industrial de Villaguay","autoridad_de_fuente":"IGN","fuente_de_captura":"IGN/RENPI"},"bbox":[-59.05897737,-31.81155634,-59.04985129,-31.80800618]},{"type":"Feature","id":"areas_de_fabricacion_y_procesamiento_AC070.250","geometry":{"type":"MultiPolygon","coordinates":[[[[-58.20907332,-26.2062183],[-58.19972659,-26.20314643],[-58.19881309,-26.20532362],[-58.1986608,-26.20646576],[-58.19942223,-26.20677033],[-58.19961259,-26.20694166],[-58.19932705,-26.20772212],[-58.19966969,-26.2080838],[-58.19997427,-26.20875005],[-58.2005263,-26.21270947],[-58.19997427,-26.21518411],[-58.20003137,-26.21625011],[-58.20018366,-26.21737321],[-58.20037401,-26.21849632],[-58.20383851,-26.21952425],[-58.20907332,-26.2062183]]]]},"geometry_name":"geom","properties":{"gid":250,"nombre_geografico":"Parque Industrial Formosa","autoridad_de_fuente":"IGN","fuente_de_captura":"IGN/RENPI"},"bbox":[-58.20907332,-26.21952425,-58.1986608,-26.20314643]},{"type":"Feature","id":"areas_de_fabricacion_y_procesamiento_AC070.251","geometry":{"type":"MultiPolygon","coordinates":[[[[-64.28790875,-37.03578304],[-64.28486274,-37.03580494],[-64.28489159,-37.03773895],[-64.28642396,-37.0377342],[-64.28687606,-37.03753432],[-64.28741858,-37.03661109],[-64.28790875,-37.03578304]]]]},"geometry_name":"geom","properties":{"gid":251,"nombre_geografico":"Zona Agroindustrial Ataliva Roca","autoridad_de_fuente":"IGN","fuente_de_captura":"IGN/RENPI"},"bbox":[-64.28790875,-37.03773895,-64.28486274,-37.03578304]},{"type":"Feature","id":"areas_de_fabricacion_y_procesamiento_AC070.252","geometry":{"type":"MultiPolygon","coordinates":[[[[-64.27335401,-35.91279181],[-64.27136716,-35.91204228],[-64.26921375,-35.91582562],[-64.27312797,-35.91737227],[-64.27335401,-35.91279181]]]]},"geometry_name":"geom","properties":{"gid":252,"nombre_geografico":"Parque Industrial, Comercial y de Servicios Eduardo Castex","autoridad_de_fuente":"IGN","fuente_de_captura":"IGN/RENPI"},"bbox":[-64.27335401,-35.91737227,-64.26921375,-35.91204228]},{"type":"Feature","id":"areas_de_fabricacion_y_procesamiento_AC070.262","geometry":{"type":"MultiPolygon","coordinates":[[[[-69.06519868,-33.77098906],[-69.0657044,-33.76219624],[-69.05972822,-33.76507122],[-69.0595058,-33.76524242],[-69.05919105,-33.76663801],[-69.05992927,-33.76986827],[-69.06032698,-33.77079079],[-69.06035902,-33.77081989],[-69.0637377,-33.77093263],[-69.06519868,-33.77098906]]]]},"geometry_name":"geom","properties":{"gid":262,"nombre_geografico":"Zona Industrial de San Carlos","autoridad_de_fuente":"IGN","fuente_de_captura":"IDE Pcial./RENPI"},"bbox":[-69.0657044,-33.77098906,-69.05919105,-33.76219624]},{"type":"Feature","id":"areas_de_fabricacion_y_procesamiento_AC070.253","geometry":{"type":"MultiPolygon","coordinates":[[[[-64.06513718,-38.97077431],[-64.06518001,-38.97307287],[-64.06896336,-38.97303004],[-64.06910612,-38.97377243],[-64.07665853,-38.97371533],[-64.07554495,-38.9710884],[-64.07418389,-38.97058396],[-64.06513718,-38.97077431]]]]},"geometry_name":"geom","properties":{"gid":253,"nombre_geografico":"Parque Agroindustrial La Adela con Actividades de Comercio y Servicios","autoridad_de_fuente":"IGN","fuente_de_captura":"IGN/RENPI"},"bbox":[-64.07665853,-38.97377243,-64.06513718,-38.97058396]},{"type":"Feature","id":"areas_de_fabricacion_y_procesamiento_AC070.254","geometry":{"type":"MultiPolygon","coordinates":[[[[-64.23942787,-35.04990339],[-64.23549701,-35.04993194],[-64.23551604,-35.05349161],[-64.23953257,-35.05346306],[-64.23942787,-35.04990339]]]]},"geometry_name":"geom","properties":{"gid":254,"nombre_geografico":"Zona Agroindustrial y de Servicios Realicó","autoridad_de_fuente":"IGN","fuente_de_captura":"IGN/RENPI"},"bbox":[-64.23953257,-35.05349161,-64.23549701,-35.04990339]},{"type":"Feature","id":"areas_de_fabricacion_y_procesamiento_AC070.255","geometry":{"type":"MultiPolygon","coordinates":[[[[-64.284284,-36.64888088],[-64.2829634,-36.64892847],[-64.28293961,-36.66050454],[-64.28534286,-36.66239622],[-64.28922138,-36.65912446],[-64.29063716,-36.6602666],[-64.29452758,-36.65706622],[-64.28831719,-36.65212884],[-64.284284,-36.64888088]]]]},"geometry_name":"geom","properties":{"gid":255,"nombre_geografico":"Parque Industrial con Actividades de Comercio y Servicios Vinculados a la Producción Industrial","autoridad_de_fuente":"IGN","fuente_de_captura":"IGN/RENPI"},"bbox":[-64.29452758,-36.66239622,-64.28293961,-36.64888088]},{"type":"Feature","id":"areas_de_fabricacion_y_procesamiento_AC070.256","geometry":{"type":"MultiPolygon","coordinates":[[[[-64.36867801,-36.68213705],[-64.36659836,-36.68387406],[-64.36881879,-36.68569202],[-64.37089431,-36.68400045],[-64.37087663,-36.68387882],[-64.36986774,-36.68311739],[-64.36867801,-36.68213705]]]]},"geometry_name":"geom","properties":{"gid":256,"nombre_geografico":"Parque Industrial de Toay","autoridad_de_fuente":"IGN","fuente_de_captura":"IGN/RENPI"},"bbox":[-64.37089431,-36.68569202,-64.36659836,-36.68213705]},{"type":"Feature","id":"areas_de_fabricacion_y_procesamiento_AC070.257","geometry":{"type":"MultiPolygon","coordinates":[[[[-66.81714997,-29.39852707],[-66.81562236,-29.40075424],[-66.8187918,-29.4068647],[-66.82758629,-29.4080925],[-66.82798604,-29.40555124],[-66.82380295,-29.40252456],[-66.8205764,-29.40048299],[-66.81714997,-29.39852707]]]]},"geometry_name":"geom","properties":{"gid":257,"nombre_geografico":"Parque Industrial de la Ciudad de La Rioja","autoridad_de_fuente":"IGN","fuente_de_captura":"IGN/RENPI"},"bbox":[-66.82798604,-29.4080925,-66.81562236,-29.39852707]},{"type":"Feature","id":"areas_de_fabricacion_y_procesamiento_AC070.258","geometry":{"type":"MultiPolygon","coordinates":[[[[-67.49369437,-29.18187836],[-67.4914774,-29.18630234],[-67.4915702,-29.18640228],[-67.49139888,-29.18680203],[-67.49122042,-29.18713753],[-67.49108479,-29.18760153],[-67.49214127,-29.18763722],[-67.49427565,-29.18600967],[-67.4975022,-29.18742307],[-67.49972224,-29.18306151],[-67.49940101,-29.1823334],[-67.49814465,-29.18281881],[-67.4968883,-29.18280453],[-67.49369437,-29.18187836]]]]},"geometry_name":"geom","properties":{"gid":258,"nombre_geografico":"Parque Industrial de la Ciudad de Chilecito","autoridad_de_fuente":"IGN","fuente_de_captura":"IGN/RENPI"},"bbox":[-67.49972224,-29.18763722,-67.49108479,-29.18187836]},{"type":"Feature","id":"areas_de_fabricacion_y_procesamiento_AC070.393","geometry":{"type":"MultiPolygon","coordinates":[[[[-69.2307502,-38.39800076],[-69.2276807,-38.39802931],[-69.22766642,-38.39865749],[-69.22816611,-38.3991429],[-69.23071451,-38.39910007],[-69.2307502,-38.39800076]]]]},"geometry_name":"geom","properties":{"gid":393,"nombre_geografico":null,"autoridad_de_fuente":"IGN","fuente_de_captura":"Esri-World_Imagery"},"bbox":[-69.2307502,-38.3991429,-69.22766642,-38.39800076]},{"type":"Feature","id":"areas_de_fabricacion_y_procesamiento_AC070.259","geometry":{"type":"MultiPolygon","coordinates":[[[[-68.86003423,-33.03741536],[-68.8617669,-33.03709267],[-68.86280807,-33.03692954],[-68.86365449,-33.03673793],[-68.86566822,-33.0365856],[-68.86508099,-33.03473863],[-68.86484691,-33.0340024],[-68.86469394,-33.03366787],[-68.86308104,-33.03014061],[-68.86219426,-33.02840926],[-68.86204133,-33.02811068],[-68.85976385,-33.02378679],[-68.85829505,-33.02162484],[-68.85707379,-33.01865421],[-68.85652918,-33.01632724],[-68.85636414,-33.01581562],[-68.85631395,-33.01546428],[-68.85623212,-33.01489144],[-68.85625117,-33.01436266],[-68.85636414,-33.01122767],[-68.85633114,-33.00951131],[-68.85629813,-33.00878516],[-68.85621526,-33.00808903],[-68.8561331,-33.00739887],[-68.85610009,-33.00670573],[-68.85600107,-33.00588056],[-68.855671,-33.0046593],[-68.85532443,-33.00383413],[-68.85299744,-32.99533486],[-68.85187521,-32.99140704],[-68.84959641,-32.98443904],[-68.8479804,-32.98008569],[-68.84623103,-32.97605885],[-68.84184112,-32.96780713],[-68.83782079,-32.95992234],[-68.83681138,-32.95996396],[-68.83740641,-32.96237998],[-68.8382847,-32.96834961],[-68.83505727,-32.96885037],[-68.84010665,-32.97519293],[-68.84200203,-32.97724607],[-68.84269861,-32.97881325],[-68.84317955,-32.9800667],[-68.84491187,-32.98648579],[-68.84607886,-32.9919262],[-68.84772758,-32.99957207],[-68.84884152,-33.00472271],[-68.84900142,-33.0054577],[-68.8503383,-33.01177428],[-68.85136282,-33.0156785],[-68.85189484,-33.0176876],[-68.85273447,-33.02106651],[-68.85342318,-33.02342369],[-68.85359906,-33.02411849],[-68.854491,-33.02593618],[-68.85538641,-33.02773865],[-68.85603267,-33.02904753],[-68.85761444,-33.03234],[-68.86003423,-33.03741536]]]]},"geometry_name":"geom","properties":{"gid":259,"nombre_geografico":"Área Industrial Acceso Sur","autoridad_de_fuente":"IGN","fuente_de_captura":"IDE Pcial."},"bbox":[-68.86566822,-33.03741536,-68.83505727,-32.95992234]},{"type":"Feature","id":"areas_de_fabricacion_y_procesamiento_AC070.260","geometry":{"type":"MultiPolygon","coordinates":[[[[-68.46377544,-33.18037292],[-68.46252362,-33.17856516],[-68.46152069,-33.17714417],[-68.4610975,-33.17652959],[-68.45953928,-33.17424621],[-68.45787755,-33.17208876],[-68.45762446,-33.17162918],[-68.45737,-33.1711677],[-68.45645227,-33.16972721],[-68.45572762,-33.1686721],[-68.45426991,-33.16656184],[-68.45237509,-33.1637967],[-68.45244875,-33.16377753],[-68.45458405,-33.16326711],[-68.45461537,-33.16331738],[-68.45657682,-33.16279777],[-68.45663156,-33.16268197],[-68.45712658,-33.16251435],[-68.45801992,-33.16221178],[-68.45821231,-33.16214661],[-68.4593248,-33.16176798],[-68.45973502,-33.16163307],[-68.46078766,-33.16129303],[-68.46190918,-33.16083579],[-68.46257032,-33.16062102],[-68.46341981,-33.16034506],[-68.46339618,-33.16029978],[-68.46506926,-33.1598338],[-68.46739089,-33.15922063],[-68.46513969,-33.15534728],[-68.46109453,-33.15726909],[-68.4599398,-33.15783428],[-68.45837597,-33.15859514],[-68.45495452,-33.16027277],[-68.45442495,-33.16043166],[-68.45330439,-33.16076252],[-68.45135851,-33.16136762],[-68.45120811,-33.16140266],[-68.45089354,-33.16151334],[-68.45082372,-33.16153549],[-68.44961723,-33.16158173],[-68.4485529,-33.16162445],[-68.44679153,-33.16168958],[-68.4464322,-33.1617053],[-68.44629821,-33.16170443],[-68.44586348,-33.16177851],[-68.44567497,-33.16187171],[-68.44538706,-33.16198701],[-68.44502769,-33.16209405],[-68.44479307,-33.16219056],[-68.44438705,-33.16231859],[-68.44290634,-33.16303932],[-68.44254385,-33.16367299],[-68.44007294,-33.16522107],[-68.4397085,-33.16543426],[-68.43937779,-33.1656547],[-68.43842995,-33.16620163],[-68.43624508,-33.16820034],[-68.43539704,-33.16897397],[-68.43392768,-33.17031975],[-68.43749094,-33.17489335],[-68.4413017,-33.17359443],[-68.44347672,-33.17306816],[-68.44565383,-33.1760299],[-68.44723666,-33.17818319],[-68.44732137,-33.17819698],[-68.44740812,-33.17819748],[-68.44749387,-33.17820237],[-68.44757688,-33.17821626],[-68.44765986,-33.17823466],[-68.44773844,-33.17826488],[-68.44796706,-33.1783021],[-68.44807478,-33.17832216],[-68.44816047,-33.17833606],[-68.44824348,-33.17834995],[-68.44832925,-33.17835033],[-68.448415,-33.17835522],[-68.44849803,-33.17836461],[-68.44858643,-33.17837401],[-68.44867218,-33.1783789],[-68.44875792,-33.17838379],[-68.44884367,-33.17838868],[-68.44892673,-33.17839355],[-68.44901519,-33.17839394],[-68.44910102,-33.17838531],[-68.44918411,-33.17838568],[-68.4492698,-33.17839958],[-68.44944132,-33.17840485],[-68.44955392,-33.17840084],[-68.44961015,-33.1784101],[-68.44968521,-33.17841043],[-68.44985974,-33.17836161],[-68.45003143,-33.17833983],[-68.45011464,-33.17832217],[-68.45019787,-33.17829999],[-68.45027782,-33.1782714],[-68.45036224,-33.17826474],[-68.45044481,-33.17824698],[-68.45053066,-33.17823384],[-68.45070227,-33.17822558],[-68.45087127,-33.17820378],[-68.45104028,-33.17818199],[-68.45112351,-33.17815982],[-68.45129252,-33.17813802],[-68.45137835,-33.17812938],[-68.45146409,-33.17813427],[-68.45154984,-33.17813915],[-68.45168184,-33.17813739],[-68.45180707,-33.17813309],[-68.45189378,-33.17814292],[-68.45197605,-33.17813634],[-68.4520618,-33.17814141],[-68.45215616,-33.17812199],[-68.45217127,-33.17811877],[-68.45223089,-33.17810609],[-68.45239462,-33.17807074],[-68.45248047,-33.17805759],[-68.4525663,-33.17804896],[-68.45265208,-33.17804933],[-68.45282362,-33.17805009],[-68.45291018,-33.17806201],[-68.4531641,-33.17804175],[-68.4532497,-33.17803501],[-68.45333558,-33.17805234],[-68.4534213,-33.17806173],[-68.45350707,-33.1780621],[-68.45359029,-33.17806478],[-68.45375102,-33.17805867],[-68.45380741,-33.17802099],[-68.45394221,-33.17801744],[-68.45383683,-33.17786285],[-68.45447124,-33.1778109],[-68.45538063,-33.17793967],[-68.45732013,-33.17847704],[-68.45875041,-33.17888287],[-68.45899098,-33.17890109],[-68.46046894,-33.17933754],[-68.46233743,-33.17990842],[-68.46377544,-33.18037292]]]]},"geometry_name":"geom","properties":{"gid":260,"nombre_geografico":"Zona Industrial Rivadavia","autoridad_de_fuente":"IGN","fuente_de_captura":"IDE Pcial."},"bbox":[-68.46739089,-33.18037292,-68.43392768,-33.15534728]},{"type":"Feature","id":"areas_de_fabricacion_y_procesamiento_AC070.261","geometry":{"type":"MultiPolygon","coordinates":[[[[-68.45598215,-33.08861503],[-68.45131165,-33.0813447],[-68.44844948,-33.07688878],[-68.44675057,-33.07424373],[-68.44351236,-33.07536964],[-68.44023042,-33.07649099],[-68.43970651,-33.07622054],[-68.435512,-33.0777868],[-68.43093104,-33.07948054],[-68.42976368,-33.08000078],[-68.42934691,-33.08019783],[-68.42848696,-33.08040807],[-68.42843705,-33.08060861],[-68.42668566,-33.08144683],[-68.42630118,-33.08142722],[-68.42526353,-33.08158381],[-68.42369146,-33.08176488],[-68.42285708,-33.08188653],[-68.42228975,-33.08204376],[-68.41964451,-33.08277661],[-68.41725492,-33.08362554],[-68.41615591,-33.08399006],[-68.41244393,-33.08527833],[-68.41225351,-33.08525056],[-68.41101237,-33.08577486],[-68.40862815,-33.08677397],[-68.40772866,-33.0871598],[-68.40490263,-33.08778699],[-68.40453904,-33.08777983],[-68.40419235,-33.08777295],[-68.40133082,-33.08878661],[-68.39778039,-33.09013194],[-68.39457032,-33.09116746],[-68.39232072,-33.09245077],[-68.39162529,-33.09236936],[-68.39145831,-33.09262267],[-68.39116986,-33.09328941],[-68.38898557,-33.09366853],[-68.38844369,-33.09383609],[-68.38444209,-33.095103],[-68.37808247,-33.09730832],[-68.37147484,-33.09978446],[-68.37120465,-33.09987728],[-68.36732012,-33.10137216],[-68.36520569,-33.10219002],[-68.36309982,-33.10300364],[-68.35793663,-33.10513006],[-68.35645032,-33.10586953],[-68.35271042,-33.10821212],[-68.35440093,-33.11078844],[-68.36008128,-33.11927627],[-68.3612211,-33.11884035],[-68.36354096,-33.1179529],[-68.36624496,-33.11688818],[-68.36651928,-33.11684681],[-68.36693449,-33.11671196],[-68.37092934,-33.1154211],[-68.37216152,-33.11502295],[-68.37527447,-33.11400318],[-68.37981238,-33.11254558],[-68.38640527,-33.11045266],[-68.39064706,-33.10918988],[-68.39306162,-33.10843468],[-68.39369893,-33.1082516],[-68.39514328,-33.1078345],[-68.3964216,-33.10745721],[-68.39848845,-33.10682343],[-68.39976046,-33.1064241],[-68.40010717,-33.10554151],[-68.40088446,-33.10527149],[-68.40236681,-33.10479762],[-68.40385749,-33.1043291],[-68.40481048,-33.10403879],[-68.4052717,-33.10389154],[-68.40672484,-33.10347415],[-68.40955501,-33.10259296],[-68.41014002,-33.10241521],[-68.41034646,-33.10239638],[-68.41095816,-33.10220464],[-68.41157787,-33.10201041],[-68.41248811,-33.1016782],[-68.41415672,-33.10118608],[-68.41482843,-33.10099503],[-68.41525755,-33.10086248],[-68.41545404,-33.10081647],[-68.42178793,-33.09889662],[-68.42198181,-33.09890538],[-68.4357746,-33.09469807],[-68.44250566,-33.09264413],[-68.44275599,-33.09256774],[-68.44945332,-33.09050904],[-68.45598215,-33.08861503]]]]},"geometry_name":"geom","properties":{"gid":261,"nombre_geografico":"Zona Industrial San Martín","autoridad_de_fuente":"IGN","fuente_de_captura":"IDE Pcial."},"bbox":[-68.45598215,-33.11927627,-68.35271042,-33.07424373]},{"type":"Feature","id":"areas_de_fabricacion_y_procesamiento_AC070.263","geometry":{"type":"MultiPolygon","coordinates":[[[[-68.26348291,-34.62065546],[-68.26535371,-34.62445223],[-68.26655958,-34.62689907],[-68.27205157,-34.62687004],[-68.27160242,-34.62562034],[-68.2713517,-34.62417577],[-68.27119306,-34.62337599],[-68.27111389,-34.62266476],[-68.27104955,-34.6220424],[-68.27092785,-34.62039758],[-68.27016842,-34.62045767],[-68.2701332,-34.62018343],[-68.26348291,-34.62065546]]]]},"geometry_name":"geom","properties":{"gid":263,"nombre_geografico":"Parque Industrial Municipal de San Rafael","autoridad_de_fuente":"IGN","fuente_de_captura":"IDE Pcial./RENPI"},"bbox":[-68.27205157,-34.62689907,-68.26348291,-34.62018343]},{"type":"Feature","id":"areas_de_fabricacion_y_procesamiento_AC070.264","geometry":{"type":"MultiPolygon","coordinates":[[[[-68.77267219,-32.96298689],[-68.77274376,-32.96205756],[-68.77290006,-32.95981138],[-68.77284149,-32.95976415],[-68.77151887,-32.96004211],[-68.7713154,-32.96007173],[-68.76978684,-32.96034546],[-68.76977942,-32.96100754],[-68.76977435,-32.96146005],[-68.76983788,-32.96298278],[-68.76984106,-32.96377421],[-68.76995078,-32.9638163],[-68.77005263,-32.9638716],[-68.77011262,-32.96393344],[-68.77071991,-32.96370749],[-68.77082989,-32.96365037],[-68.77147081,-32.96344417],[-68.77267219,-32.96298689]]]]},"geometry_name":"geom","properties":{"gid":264,"nombre_geografico":"Zona Industrial Alcoholrea","autoridad_de_fuente":"IGN","fuente_de_captura":"IDE Pcial."},"bbox":[-68.77290006,-32.96393344,-68.76977435,-32.95976415]},{"type":"Feature","id":"areas_de_fabricacion_y_procesamiento_AC070.265","geometry":{"type":"MultiPolygon","coordinates":[[[[-67.6476183,-34.9783574],[-67.64766827,-34.98122703],[-67.65604009,-34.98117936],[-67.65602582,-34.97829546],[-67.6476183,-34.9783574]]]]},"geometry_name":"geom","properties":{"gid":265,"nombre_geografico":"Parque Industrial del Departamento de General Alvear","autoridad_de_fuente":"IGN","fuente_de_captura":"IDE Pcial./RENPI"},"bbox":[-67.65604009,-34.98122703,-67.6476183,-34.97829546]},{"type":"Feature","id":"areas_de_fabricacion_y_procesamiento_AC070.266","geometry":{"type":"MultiPolygon","coordinates":[[[[-68.99075748,-33.07542293],[-68.99157516,-33.06888683],[-68.99500003,-33.06928476],[-68.99524789,-33.06730281],[-68.99608242,-33.0673821],[-68.99696188,-33.06318714],[-69.00686627,-33.06397674],[-69.0081574,-33.05418664],[-69.00814667,-33.0539477],[-69.00807973,-33.05370425],[-69.0079432,-33.05354196],[-69.00740246,-33.05304608],[-69.0057535,-33.05166211],[-69.00420899,-33.05029164],[-69.00317042,-33.04929532],[-69.00298037,-33.04896171],[-69.00290006,-33.04868671],[-69.00284385,-33.04858752],[-68.98735892,-33.05873974],[-68.98722603,-33.05877024],[-68.98688776,-33.05876003],[-68.9867307,-33.05883123],[-68.9865253,-33.05899398],[-68.98648901,-33.05927882],[-68.98377045,-33.06110965],[-68.98535446,-33.07484064],[-68.98532384,-33.07499194],[-68.98642424,-33.0750642],[-68.9870561,-33.07509583],[-68.99075748,-33.07542293]]]]},"geometry_name":"geom","properties":{"gid":266,"nombre_geografico":"Parque Industrial Provincial de Mendoza","autoridad_de_fuente":"IGN","fuente_de_captura":"IDE Pcial./RENPI"},"bbox":[-69.0081574,-33.07542293,-68.98377045,-33.04858752]},{"type":"Feature","id":"areas_de_fabricacion_y_procesamiento_AC070.416","geometry":{"type":"MultiPolygon","coordinates":[[[[-69.54728295,-38.96594212],[-69.54843937,-38.96608489],[-69.54865352,-38.96492133],[-69.54754707,-38.9647857],[-69.54728295,-38.96594212]]]]},"geometry_name":"geom","properties":{"gid":416,"nombre_geografico":null,"autoridad_de_fuente":"IGN","fuente_de_captura":"Esri-World_imagery"},"bbox":[-69.54865352,-38.96608489,-69.54728295,-38.9647857]},{"type":"Feature","id":"areas_de_fabricacion_y_procesamiento_AC070.267","geometry":{"type":"MultiPolygon","coordinates":[[[[-68.96686256,-33.09050709],[-68.97100021,-33.09002915],[-68.97163224,-33.08983544],[-68.97218124,-33.08970933],[-68.97299541,-33.08934434],[-68.97339452,-33.08897925],[-68.97372941,-33.08842029],[-68.97401076,-33.08780722],[-68.97408409,-33.08745472],[-68.9747135,-33.08236882],[-68.97563705,-33.07435558],[-68.96501492,-33.07365471],[-68.96627783,-33.0848802],[-68.96686256,-33.09050709]]]]},"geometry_name":"geom","properties":{"gid":267,"nombre_geografico":"Parque Industrial Municipal de Luján de Cuyo","autoridad_de_fuente":"IGN","fuente_de_captura":"IDE Pcial./RENPI"},"bbox":[-68.97563705,-33.09050709,-68.96501492,-33.07365471]},{"type":"Feature","id":"areas_de_fabricacion_y_procesamiento_AC070.268","geometry":{"type":"MultiPolygon","coordinates":[[[[-68.82660645,-32.80053363],[-68.82676191,-32.80050568],[-68.83105627,-32.79962412],[-68.83147916,-32.79825217],[-68.8315383,-32.79378432],[-68.83156641,-32.79303144],[-68.83172914,-32.79165205],[-68.83182087,-32.79112468],[-68.83222263,-32.7889431],[-68.83229822,-32.78847882],[-68.83239811,-32.78787031],[-68.83478916,-32.78216317],[-68.83600424,-32.77748693],[-68.86236444,-32.7514673],[-68.83103094,-32.75297248],[-68.8047506,-32.75290953],[-68.80602226,-32.75417893],[-68.80721998,-32.7553158],[-68.81115159,-32.75927932],[-68.81482143,-32.76290482],[-68.81561257,-32.76368481],[-68.81615015,-32.76426468],[-68.81652213,-32.76470794],[-68.81688519,-32.76520678],[-68.81722546,-32.76575902],[-68.81744248,-32.7661981],[-68.81763205,-32.76665796],[-68.8180225,-32.76777918],[-68.81883368,-32.77090341],[-68.81954112,-32.77358045],[-68.82071343,-32.77800457],[-68.82137758,-32.78050829],[-68.82197341,-32.78284901],[-68.82279496,-32.78596031],[-68.82349041,-32.78877849],[-68.82415784,-32.79127134],[-68.82484974,-32.79391652],[-68.82606305,-32.798478],[-68.82659147,-32.80053632],[-68.82660645,-32.80053363]]]]},"geometry_name":"geom","properties":{"gid":268,"nombre_geografico":"Parque Industrial Cementera","autoridad_de_fuente":"IGN","fuente_de_captura":"IDE Pcial."},"bbox":[-68.86236444,-32.80053632,-68.8047506,-32.7514673]},{"type":"Feature","id":"areas_de_fabricacion_y_procesamiento_AC070.269","geometry":{"type":"MultiPolygon","coordinates":[[[[-68.79657643,-32.81770925],[-68.80044543,-32.81992215],[-68.80367198,-32.82156683],[-68.80622324,-32.8239137],[-68.80651306,-32.82402244],[-68.81151944,-32.82414141],[-68.82371448,-32.81555542],[-68.824673,-32.81508817],[-68.8265675,-32.81370903],[-68.82680009,-32.81352053],[-68.8270608,-32.8133086],[-68.82725528,-32.81314009],[-68.82748669,-32.8128936],[-68.82775717,-32.81254476],[-68.82777199,-32.81253992],[-68.827944,-32.81229022],[-68.82819182,-32.81186929],[-68.82833631,-32.81157635],[-68.82841808,-32.81135398],[-68.82846718,-32.81120393],[-68.82856308,-32.81090653],[-68.82863718,-32.81055331],[-68.82868295,-32.81021639],[-68.82871612,-32.8099034],[-68.82872405,-32.80975186],[-68.82870407,-32.80941463],[-68.82866131,-32.80903776],[-68.82849946,-32.80769121],[-68.82802408,-32.80586423],[-68.82698806,-32.80197723],[-68.82660645,-32.80053363],[-68.82606305,-32.798478],[-68.82484974,-32.79391652],[-68.82415784,-32.79127134],[-68.82349041,-32.78877849],[-68.82279496,-32.78596031],[-68.82197341,-32.78284901],[-68.82137758,-32.78050829],[-68.82071343,-32.77800457],[-68.81954112,-32.77358045],[-68.81883368,-32.77090341],[-68.8180225,-32.76777918],[-68.81763205,-32.76665796],[-68.81744248,-32.7661981],[-68.81722546,-32.76575902],[-68.81688519,-32.76520678],[-68.81652213,-32.76470794],[-68.81615015,-32.76426468],[-68.81561257,-32.76368481],[-68.81482143,-32.76290482],[-68.81115159,-32.75927932],[-68.80721998,-32.7553158],[-68.80602226,-32.75417893],[-68.80427108,-32.75243122],[-68.79915621,-32.74742076],[-68.7936001,-32.74187947],[-68.7870147,-32.73533843],[-68.78100362,-32.72938179],[-68.77567334,-32.72408539],[-68.7715779,-32.71999364],[-68.76810917,-32.71659264],[-68.76394946,-32.71248172],[-68.76015433,-32.70870265],[-68.75828273,-32.70683158],[-68.75344349,-32.70200103],[-68.75307374,-32.70164245],[-68.7526176,-32.70198355],[-68.75231486,-32.70225159],[-68.74900134,-32.70297408],[-68.74536948,-32.70381976],[-68.74001684,-32.70511471],[-68.73459976,-32.70627225],[-68.72921667,-32.70740464],[-68.72904814,-32.70743235],[-68.72890679,-32.70743255],[-68.7287978,-32.70746931],[-68.72859993,-32.70757379],[-68.72837349,-32.70756449],[-68.72801412,-32.70772018],[-68.72476286,-32.70834578],[-68.72344467,-32.70860272],[-68.72293492,-32.70875483],[-68.7207738,-32.70923454],[-68.71581495,-32.71027928],[-68.71057029,-32.71134399],[-68.70666539,-32.71220944],[-68.70645214,-32.71224701],[-68.70640779,-32.71217184],[-68.70632945,-32.71214834],[-68.70610519,-32.71214833],[-68.70592665,-32.71210178],[-68.70125555,-32.71179986],[-68.69649454,-32.71150544],[-68.69432334,-32.71151534],[-68.69095139,-32.71129216],[-68.68731727,-32.71105205],[-68.6808407,-32.71064703],[-68.67721896,-32.71049953],[-68.68036851,-32.71671135],[-68.68288614,-32.7216675],[-68.6864189,-32.72865322],[-68.68952297,-32.73468019],[-68.69099386,-32.73764113],[-68.69233592,-32.74034388],[-68.69291393,-32.74113121],[-68.69345538,-32.74165403],[-68.69393421,-32.7420166],[-68.69464001,-32.74250296],[-68.69645988,-32.74372537],[-68.7041626,-32.74875969],[-68.71251006,-32.75421957],[-68.71852998,-32.75816515],[-68.72260234,-32.76088895],[-68.72369345,-32.76162001],[-68.72494202,-32.76292216],[-68.7262628,-32.76384682],[-68.73300324,-32.76818303],[-68.73460552,-32.76918588],[-68.7349917,-32.76951433],[-68.73534816,-32.76985941],[-68.7362667,-32.7709118],[-68.73716425,-32.77194394],[-68.73879418,-32.77383483],[-68.74022888,-32.77551945],[-68.74177443,-32.7773379],[-68.74255269,-32.77815454],[-68.74328837,-32.7787544],[-68.74401106,-32.77925196],[-68.74543509,-32.77995595],[-68.74756137,-32.78077611],[-68.74940069,-32.7815363],[-68.75009782,-32.78185475],[-68.75047003,-32.78204273],[-68.75079695,-32.78224393],[-68.75099738,-32.78239442],[-68.75128323,-32.78261851],[-68.75157619,-32.78286736],[-68.75190023,-32.7831513],[-68.75387793,-32.78496167],[-68.75572015,-32.78665186],[-68.75785931,-32.7886196],[-68.75926866,-32.78992776],[-68.76017193,-32.7908026],[-68.76058584,-32.79128537],[-68.76097018,-32.79183721],[-68.76131544,-32.79248253],[-68.76157344,-32.79322061],[-68.7619057,-32.79423842],[-68.76248351,-32.79578728],[-68.76291895,-32.79708646],[-68.76339009,-32.79811439],[-68.76381125,-32.79874257],[-68.76444657,-32.79935647],[-68.76526034,-32.79989185],[-68.76591707,-32.80033443],[-68.76899372,-32.80214758],[-68.77088233,-32.80339268],[-68.77557531,-32.80597375],[-68.78049453,-32.80876812],[-68.78505508,-32.81115622],[-68.79046597,-32.81432566],[-68.79100849,-32.81462547],[-68.7917366,-32.81505377],[-68.79657643,-32.81770925]]]]},"geometry_name":"geom","properties":{"gid":269,"nombre_geografico":"Parque Industrial y Minero Eje Norte (PIMEN)","autoridad_de_fuente":"IGN","fuente_de_captura":"IDE Pcial./RENPI"},"bbox":[-68.82872405,-32.82414141,-68.67721896,-32.70164245]},{"type":"Feature","id":"areas_de_fabricacion_y_procesamiento_AC070.270","geometry":{"type":"MultiPolygon","coordinates":[[[[-68.5569342,-32.72140444],[-68.56323947,-32.72158148],[-68.56306792,-32.71895971],[-68.56882904,-32.7189433],[-68.56837428,-32.71392988],[-68.56272973,-32.71379075],[-68.56242261,-32.70909623],[-68.55615899,-32.70898504],[-68.5569342,-32.72140444]]]]},"geometry_name":"geom","properties":{"gid":270,"nombre_geografico":"Zona Industrial Lavalle","autoridad_de_fuente":"IGN","fuente_de_captura":"IDE Pcial."},"bbox":[-68.56882904,-32.72158148,-68.55615899,-32.70898504]},{"type":"Feature","id":"areas_de_fabricacion_y_procesamiento_AC070.271","geometry":{"type":"MultiPolygon","coordinates":[[[[-68.99075748,-33.07542293],[-68.99931053,-33.0760207],[-69.00513663,-33.07638577],[-69.00626325,-33.06831583],[-69.00686627,-33.06397674],[-68.99696188,-33.06318714],[-68.99608242,-33.0673821],[-68.99524789,-33.06730281],[-68.99500003,-33.06928476],[-68.99157516,-33.06888683],[-68.99075748,-33.07542293]]]]},"geometry_name":"geom","properties":{"gid":271,"nombre_geografico":"Zona Franca Mendoza","autoridad_de_fuente":"IGN","fuente_de_captura":"IDE Pcial."},"bbox":[-69.00686627,-33.07638577,-68.99075748,-33.06318714]},{"type":"Feature","id":"areas_de_fabricacion_y_procesamiento_AC070.280","geometry":{"type":"MultiPolygon","coordinates":[[[[-68.86880172,-33.00521414],[-68.86903056,-33.00528924],[-68.87412819,-33.00531463],[-68.87303551,-33.00003729],[-68.87234413,-33.00006649],[-68.87213037,-33.00007552],[-68.87191661,-33.00008455],[-68.87167613,-33.0000947],[-68.87148909,-33.0001026],[-68.87127533,-33.00011162],[-68.87106156,-33.00012065],[-68.8708478,-33.00012967],[-68.87063404,-33.0001387],[-68.87036684,-33.00014998],[-68.87007826,-33.00016216],[-68.869779,-33.00017479],[-68.86905455,-33.00020537],[-68.86896107,-33.00020823],[-68.86891606,-33.00063376],[-68.8685058,-33.00063316],[-68.8685439,-33.0003812],[-68.86800161,-33.00037172],[-68.86818725,-33.00171227],[-68.86801681,-33.00173744],[-68.86820831,-33.00369148],[-68.86834453,-33.00412812],[-68.86847391,-33.0044705],[-68.86858543,-33.00472396],[-68.86879363,-33.00513829],[-68.86880172,-33.00521414]]]]},"geometry_name":"geom","properties":{"gid":280,"nombre_geografico":"Parque Biotecnológico y de Energías Renovables","autoridad_de_fuente":"IGN","fuente_de_captura":"IDE Pcial."},"bbox":[-68.87412819,-33.00531463,-68.86800161,-33.00003729]},{"type":"Feature","id":"areas_de_fabricacion_y_procesamiento_AC070.282","geometry":{"type":"MultiPolygon","coordinates":[[[[-68.1086357,-33.25129832],[-68.09785674,-33.25497459],[-68.09753552,-33.25518874],[-68.09962944,-33.25748492],[-68.1090997,-33.25434403],[-68.1086357,-33.25129832]]]]},"geometry_name":"geom","properties":{"gid":282,"nombre_geografico":"Parque Industrial Santa Rosa","autoridad_de_fuente":"IGN","fuente_de_captura":"IDE Pcial."},"bbox":[-68.1090997,-33.25748492,-68.09753552,-33.25129832]},{"type":"Feature","id":"areas_de_fabricacion_y_procesamiento_AC070.283","geometry":{"type":"MultiPolygon","coordinates":[[[[-55.06543474,-26.93430215],[-55.06654821,-26.93426308],[-55.06655535,-26.93367059],[-55.06754044,-26.93360635],[-55.06764038,-26.93281399],[-55.06537751,-26.93274974],[-55.06543474,-26.93430215]]]]},"geometry_name":"geom","properties":{"gid":283,"nombre_geografico":"Parque Industrial del Municipio de Capioví","autoridad_de_fuente":"IGN","fuente_de_captura":"IGN/RENPI"},"bbox":[-55.06764038,-26.93430215,-55.06537751,-26.93274974]},{"type":"Feature","id":"areas_de_fabricacion_y_procesamiento_AC070.281","geometry":{"type":"MultiPolygon","coordinates":[[[[-68.32596048,-33.21492561],[-68.32983205,-33.21450617],[-68.33000045,-33.21446452],[-68.33235097,-33.21418143],[-68.33114737,-33.2086255],[-68.3291115,-33.20913223],[-68.32884859,-33.20912018],[-68.32583467,-33.20976459],[-68.32583655,-33.20998081],[-68.32490083,-33.21002253],[-68.32485146,-33.21020763],[-68.32591852,-33.21474709],[-68.32596048,-33.21492561]]]]},"geometry_name":"geom","properties":{"gid":281,"nombre_geografico":"Parque Industrial Los Otoyanes","autoridad_de_fuente":"IGN","fuente_de_captura":"IDE Pcial."},"bbox":[-68.33235097,-33.21492561,-68.32485146,-33.2086255]},{"type":"Feature","id":"areas_de_fabricacion_y_procesamiento_AC070.284","geometry":{"type":"MultiPolygon","coordinates":[[[[-54.64397681,-26.45748354],[-54.6438626,-26.461462],[-54.64569954,-26.46147152],[-54.64580424,-26.45950132],[-54.64821225,-26.45952036],[-54.64824081,-26.4575692],[-54.64397681,-26.45748354]]]]},"geometry_name":"geom","properties":{"gid":284,"nombre_geografico":"Parque Industrial de la Ciudad de Eldorado Presidente Néstor Carlos Kirchner","autoridad_de_fuente":"IGN","fuente_de_captura":"IGN/RENPI"},"bbox":[-54.64824081,-26.46147152,-54.6438626,-26.45748354]},{"type":"Feature","id":"areas_de_fabricacion_y_procesamiento_AC070.272","geometry":{"type":"MultiPolygon","coordinates":[[[[-68.54881721,-33.05428506],[-68.55441743,-33.05161449],[-68.5582393,-33.04959068],[-68.55831888,-33.04947734],[-68.55981493,-33.04862976],[-68.56008386,-33.04895495],[-68.56244024,-33.04774257],[-68.56251547,-33.04782391],[-68.56443646,-33.04681635],[-68.56457135,-33.04634913],[-68.56470771,-33.04607086],[-68.56501501,-33.04584738],[-68.56604401,-33.04531872],[-68.56801847,-33.04427807],[-68.56806095,-33.04426028],[-68.56808219,-33.04425138],[-68.56810344,-33.04424248],[-68.56812468,-33.04423359],[-68.56814592,-33.04422469],[-68.56815651,-33.04421574],[-68.56817775,-33.04420685],[-68.56819892,-33.04418895],[-68.56820951,-33.04418],[-68.56823068,-33.04416211],[-68.5682412,-33.04414416],[-68.56826244,-33.04413527],[-68.56827295,-33.04411732],[-68.56828347,-33.04409938],[-68.56830464,-33.04408148],[-68.56831523,-33.04407253],[-68.5683364,-33.04405464],[-68.56834692,-33.04403669],[-68.56835743,-33.04401875],[-68.56836795,-33.0440008],[-68.56837846,-33.04398286],[-68.56838898,-33.04396491],[-68.5683889,-33.04395526],[-68.56839216,-33.04394802],[-68.5683975,-33.04393616],[-68.5684025,-33.04392995],[-68.5684075,-33.04391806],[-68.56841232,-33.04391159],[-68.568416,-33.04389964],[-68.56841948,-33.04389315],[-68.56841768,-33.04387776],[-68.56841626,-33.04386967],[-68.56841869,-33.04386172],[-68.56841156,-33.04383783],[-68.56840923,-33.04383005],[-68.56840916,-33.04382035],[-68.56840574,-33.04381316],[-68.56840008,-33.04380124],[-68.56839496,-33.04379511],[-68.56838929,-33.04378315],[-68.56838421,-33.04377704],[-68.56837861,-33.0437651],[-68.56837353,-33.04375889],[-68.5683682,-33.04374687],[-68.5683633,-33.0437405],[-68.56835902,-33.04372838],[-68.5683551,-33.04372182],[-68.56835503,-33.04371205],[-68.56835157,-33.04370499],[-68.56834571,-33.04369306],[-68.5683406,-33.04368711],[-68.56833715,-33.04368062],[-68.56833074,-33.04367146],[-68.56832919,-33.0436698],[-68.56831778,-33.04365349],[-68.56830714,-33.04364389],[-68.56829227,-33.04362854],[-68.5682749,-33.04360936],[-68.56826,-33.043599],[-68.56824278,-33.04358043],[-68.56822831,-33.04356489],[-68.56821297,-33.04354537],[-68.56818903,-33.04353615],[-68.56817832,-33.0435271],[-68.56816166,-33.04351309],[-68.56813555,-33.04350064],[-68.56812072,-33.04349021],[-68.56810382,-33.04347091],[-68.56809261,-33.04345556],[-68.56807754,-33.04344526],[-68.56806035,-33.04342749],[-68.56803888,-33.04340918],[-68.56802824,-33.04339958],[-68.56801335,-33.04338415],[-68.5679959,-33.04336413],[-68.5679852,-33.04335479],[-68.56796428,-33.04333523],[-68.56795304,-33.04331961],[-68.56793845,-33.043309],[-68.56792657,-33.04329522],[-68.56792157,-33.04328967],[-68.56791043,-33.04327216],[-68.56789795,-33.04325578],[-68.56789313,-33.04324171],[-68.56788982,-33.04323488],[-68.56788392,-33.0432227],[-68.56787907,-33.04321681],[-68.56787324,-33.04320464],[-68.56786838,-33.04319867],[-68.56786282,-33.04318641],[-68.56785812,-33.04318028],[-68.56785369,-33.04316797],[-68.56784988,-33.0431616],[-68.5678498,-33.0431515],[-68.56784645,-33.04314474],[-68.56784042,-33.04313257],[-68.56783555,-33.0431268],[-68.56782927,-33.04311474],[-68.56782432,-33.0431092],[-68.56781328,-33.04309151],[-68.56780197,-33.04307559],[-68.56778107,-33.04305915],[-68.56775911,-33.04304813],[-68.56775305,-33.043043],[-68.56773166,-33.04303389],[-68.56771028,-33.04302476],[-68.56767831,-33.04302461],[-68.567657,-33.04302451],[-68.56763561,-33.04301548],[-68.5676143,-33.04301538],[-68.56759292,-33.04300626],[-68.5675716,-33.04300616],[-68.56753956,-33.04299699],[-68.56751825,-33.04299689],[-68.56749687,-33.04298777],[-68.56747549,-33.04297865],[-68.5674541,-33.04296962],[-68.56743279,-33.04296952],[-68.56741141,-33.0429604],[-68.56739002,-33.04295128],[-68.56736864,-33.04294216],[-68.56734726,-33.04293304],[-68.56732587,-33.04292392],[-68.56730449,-33.04291489],[-68.56728311,-33.04290578],[-68.56725778,-33.04289475],[-68.56723578,-33.04288413],[-68.56722132,-33.04287333],[-68.5672081,-33.04285266],[-68.56718678,-33.0428513],[-68.56716139,-33.04284018],[-68.56713943,-33.0428292],[-68.56711795,-33.04281111],[-68.56710724,-33.04280204],[-68.56708581,-33.04278382],[-68.56707511,-33.04277449],[-68.56705419,-33.04275491],[-68.56704284,-33.04273859],[-68.56703216,-33.04272918],[-68.56701153,-33.04270931],[-68.56700075,-33.04269126],[-68.56698994,-33.04267324],[-68.56697905,-33.04265529],[-68.56696798,-33.04263766],[-68.56695698,-33.04262256],[-68.56693619,-33.04260997],[-68.56692541,-33.04259192],[-68.56691461,-33.04257389],[-68.56690374,-33.04255591],[-68.56689276,-33.04253813],[-68.56688141,-33.04252157],[-68.56686053,-33.04250195],[-68.5668492,-33.04248516],[-68.56683901,-33.04247488],[-68.56682763,-33.04245825],[-68.56680702,-33.04243841],[-68.56679618,-33.04242043],[-68.56678514,-33.04240269],[-68.5667738,-33.04238634],[-68.56676311,-33.04237696],[-68.56674239,-33.04235719],[-68.56673139,-33.04233944],[-68.56672006,-33.04232308],[-68.56669867,-33.04230436],[-68.56668865,-33.04229393],[-68.56667768,-33.04227615],[-68.5666663,-33.0422595],[-68.5666457,-33.04223965],[-68.56663494,-33.04222158],[-68.56662422,-33.04220343],[-68.56661384,-33.04218502],[-68.56660787,-33.04217235],[-68.56659873,-33.04215387],[-68.5665916,-33.04213142],[-68.56658082,-33.04211337],[-68.56657001,-33.04209533],[-68.56655922,-33.04207728],[-68.56654842,-33.04205923],[-68.56653766,-33.04204115],[-68.56652697,-33.04202301],[-68.56651654,-33.04200461],[-68.56651053,-33.04199189],[-68.56650134,-33.04197334],[-68.56649473,-33.0419506],[-68.56584817,-33.04064186],[-68.56583738,-33.04062382],[-68.56582658,-33.04060577],[-68.56581578,-33.04058773],[-68.56580499,-33.04056968],[-68.56579419,-33.04055163],[-68.56578339,-33.04053359],[-68.5657726,-33.04051554],[-68.5657618,-33.0404975],[-68.56576171,-33.04048592],[-68.56574021,-33.0404614],[-68.56572941,-33.04044336],[-68.56571861,-33.04042531],[-68.56570782,-33.04040727],[-68.56569702,-33.04038922],[-68.56568629,-33.04038017],[-68.5656755,-33.04036213],[-68.56565405,-33.04034403],[-68.56564325,-33.04032598],[-68.56563245,-33.04030794],[-68.56562166,-33.04028989],[-68.56560027,-33.04028079],[-68.56558948,-33.04026275],[-68.56557868,-33.0402447],[-68.56555723,-33.04022661],[-68.5655465,-33.04021756],[-68.56552505,-33.04019946],[-68.56551432,-33.04019041],[-68.56549287,-33.04017232],[-68.56547149,-33.04016322],[-68.5654501,-33.04015412],[-68.56542872,-33.04014502],[-68.56540727,-33.04012692],[-68.56539654,-33.04011787],[-68.56537509,-33.04009978],[-68.56536436,-33.04009073],[-68.56534291,-33.04007263],[-68.56532153,-33.04006353],[-68.5653108,-33.04005449],[-68.56528942,-33.04004539],[-68.56526804,-33.04003629],[-68.56524666,-33.04002719],[-68.56521469,-33.04002704],[-68.56519331,-33.04001794],[-68.56517199,-33.04001784],[-68.56515061,-33.04000874],[-68.5651293,-33.04000864],[-68.56509733,-33.04000849],[-68.56507595,-33.03999939],[-68.56505464,-33.03999929],[-68.56503332,-33.03999919],[-68.56501201,-33.03999908],[-68.5649907,-33.03999898],[-68.56495873,-33.03999883],[-68.56493742,-33.03999873],[-68.56491611,-33.03999863],[-68.5648948,-33.03999853],[-68.56487348,-33.03999843],[-68.56484151,-33.03999828],[-68.56482013,-33.03998917],[-68.56479882,-33.03998907],[-68.56477751,-33.03998897],[-68.5647562,-33.03998887],[-68.56473502,-33.04000677],[-68.56471378,-33.04001566],[-68.5647032,-33.04002461],[-68.56468202,-33.0400425],[-68.5636188,-33.04034336],[-68.56326791,-33.0404385],[-68.56319537,-33.04045882],[-68.55224154,-33.04342768],[-68.55214524,-33.04313095],[-68.55198944,-33.04148587],[-68.55222511,-33.04143136],[-68.55307319,-33.04122109],[-68.55365435,-33.04107697],[-68.55369253,-33.04106754],[-68.55371938,-33.04106086],[-68.55406313,-33.04071498],[-68.55441318,-33.04006145],[-68.55426827,-33.03961249],[-68.55353489,-33.03734191],[-68.55258995,-33.03441982],[-68.55257381,-33.03395781],[-68.55253779,-33.03256023],[-68.55346094,-33.03169001],[-68.5526044,-33.03060586],[-68.55343968,-33.03031525],[-68.55265429,-33.02866402],[-68.55094085,-33.02923482],[-68.55047695,-33.02878017],[-68.55029928,-33.02843577],[-68.54922439,-33.02643993],[-68.54877795,-33.02560953],[-68.5479408,-33.02577309],[-68.54165848,-33.01842516],[-68.54017074,-33.01924166],[-68.54018242,-33.01925548],[-68.53737161,-33.01613163],[-68.53490374,-33.01917961],[-68.53220139,-33.01515213],[-68.53018394,-33.01261846],[-68.52326488,-33.01650645],[-68.52499582,-33.01870655],[-68.53119942,-33.0242798],[-68.53137958,-33.02440856],[-68.53728975,-33.03490428],[-68.53925175,-33.03812026],[-68.54492818,-33.04763472],[-68.54694656,-33.04647108],[-68.5482256,-33.04572237],[-68.54877052,-33.04669593],[-68.54910013,-33.04659857],[-68.549175,-33.04663492],[-68.55273105,-33.04590539],[-68.55249661,-33.04467853],[-68.55497884,-33.04335205],[-68.55573228,-33.04571299],[-68.5561889,-33.04673437],[-68.55353435,-33.04818201],[-68.55353734,-33.04819217],[-68.55374371,-33.04889375],[-68.55374655,-33.04890339],[-68.54757975,-33.05227365],[-68.54881721,-33.05428506]]]]},"geometry_name":"geom","properties":{"gid":272,"nombre_geografico":"Parque de Servicios e Industrias Palmira (P.A.S.I.P.)","autoridad_de_fuente":"IGN","fuente_de_captura":"IDE Pcial./RENPI"},"bbox":[-68.56841948,-33.05428506,-68.52326488,-33.01261846]},{"type":"Feature","id":"areas_de_fabricacion_y_procesamiento_AC070.273","geometry":{"type":"MultiPolygon","coordinates":[[[[-68.7221858,-32.981982],[-68.72232033,-32.9819531],[-68.72322499,-32.98175869],[-68.7242947,-32.9815288],[-68.72540129,-32.98114949],[-68.72562121,-32.98107357],[-68.72691061,-32.98062169],[-68.7287827,-32.97988284],[-68.73055641,-32.97917338],[-68.73080192,-32.97913513],[-68.73425626,-32.97782375],[-68.73792674,-32.97642515],[-68.74302941,-32.97448058],[-68.74533098,-32.97360876],[-68.745501,-32.97353921],[-68.75009194,-32.97181935],[-68.75145091,-32.97130179],[-68.7522014,-32.9710263],[-68.75506173,-32.96996372],[-68.7549993,-32.96925452],[-68.7549809,-32.96903821],[-68.75471442,-32.96601558],[-68.75457994,-32.96448045],[-68.75447624,-32.96330142],[-68.75374047,-32.96344379],[-68.7515316,-32.96387132],[-68.74769739,-32.96461709],[-68.7473836,-32.96467784],[-68.74663128,-32.9648201],[-68.74341362,-32.96542701],[-68.74312942,-32.96546332],[-68.74256575,-32.96558961],[-68.74214445,-32.965684],[-68.73873287,-32.96644828],[-68.73610891,-32.96702261],[-68.73594791,-32.96705733],[-68.73533982,-32.96718847],[-68.73340837,-32.96760941],[-68.73325821,-32.96760871],[-68.7306248,-32.96818627],[-68.72783159,-32.96879883],[-68.72764818,-32.96885332],[-68.72507203,-32.96939701],[-68.72430429,-32.96955903],[-68.7237672,-32.96967237],[-68.7239146,-32.97037217],[-68.72398939,-32.9708258],[-68.72399479,-32.97085859],[-68.72403456,-32.97109981],[-68.72403311,-32.97118097],[-68.72401768,-32.97127347],[-68.72401166,-32.97130958],[-68.72397242,-32.97147228],[-68.72389418,-32.97178991],[-68.72379966,-32.97217364],[-68.72377749,-32.97226362],[-68.72376909,-32.97229773],[-68.72373185,-32.97244893],[-68.72369692,-32.97259071],[-68.72366915,-32.97270345],[-68.72365086,-32.97279052],[-68.72352479,-32.97335568],[-68.72306892,-32.97524775],[-68.72297999,-32.97569245],[-68.72294376,-32.97584807],[-68.72291319,-32.97589245],[-68.72278464,-32.97641895],[-68.72271641,-32.97669839],[-68.72211233,-32.9791724],[-68.72178443,-32.98051523],[-68.721787,-32.98052626],[-68.72187721,-32.98091392],[-68.72198559,-32.98137963],[-68.722068,-32.98173377],[-68.7221244,-32.98197613],[-68.7221858,-32.981982]]]]},"geometry_name":"geom","properties":{"gid":273,"nombre_geografico":"Zona Industrial Carril Gómez","autoridad_de_fuente":"IGN","fuente_de_captura":"IDE Pcial."},"bbox":[-68.75506173,-32.981982,-68.72178443,-32.96330142]},{"type":"Feature","id":"areas_de_fabricacion_y_procesamiento_AC070.274","geometry":{"type":"MultiPolygon","coordinates":[[[[-68.71788317,-32.96692975],[-68.72297145,-32.96628629],[-68.72271851,-32.96484886],[-68.72256264,-32.9638534],[-68.72246096,-32.96327996],[-68.72205276,-32.96099872],[-68.72167598,-32.95881745],[-68.72152663,-32.95793736],[-68.7213308,-32.95682776],[-68.72088754,-32.95436606],[-68.72064656,-32.95476143],[-68.72056326,-32.95494618],[-68.72045033,-32.95519663],[-68.72034163,-32.95542857],[-68.72006562,-32.95595636],[-68.71979196,-32.95647966],[-68.71962094,-32.95680666],[-68.71951127,-32.95701638],[-68.71938274,-32.95726216],[-68.71927952,-32.95745951],[-68.71908439,-32.95782661],[-68.71883855,-32.95828856],[-68.71835343,-32.9592001],[-68.71704482,-32.96163714],[-68.71665711,-32.96235914],[-68.71732817,-32.96499399],[-68.71788317,-32.96692975]]]]},"geometry_name":"geom","properties":{"gid":274,"nombre_geografico":"Parque Empresarial Industrial de Maipú","autoridad_de_fuente":"IGN","fuente_de_captura":"IDE Pcial."},"bbox":[-68.72297145,-32.96692975,-68.71665711,-32.95436606]},{"type":"Feature","id":"areas_de_fabricacion_y_procesamiento_AC070.300","geometry":{"type":"MultiPolygon","coordinates":[[[[-65.11746128,-28.58550408],[-65.12017633,-28.58512168],[-65.1177467,-28.57321131],[-65.11744224,-28.57335931],[-65.11582421,-28.57600527],[-65.11540542,-28.57613852],[-65.11746128,-28.58550408]]]]},"geometry_name":"geom","properties":{"gid":300,"nombre_geografico":"Parque Industrial Frías","autoridad_de_fuente":"IGN","fuente_de_captura":"IGN/RENPI"},"bbox":[-65.12017633,-28.58550408,-65.11540542,-28.57321131]},{"type":"Feature","id":"areas_de_fabricacion_y_procesamiento_AC070.275","geometry":{"type":"MultiPolygon","coordinates":[[[[-68.60491412,-32.99783029],[-68.60533847,-32.9983729],[-68.6081366,-33.00193747],[-68.60886845,-33.00286563],[-68.60964084,-33.00384517],[-68.60959943,-33.00407056],[-68.61139575,-33.00665606],[-68.61266544,-33.00854681],[-68.61290649,-33.00880181],[-68.61308974,-33.00896443],[-68.6132686,-33.00907612],[-68.6135085,-33.00920066],[-68.61366119,-33.00924757],[-68.6148692,-33.00927493],[-68.61540475,-33.00928484],[-68.61547005,-33.00928605],[-68.61586698,-33.00929339],[-68.61633724,-33.00930208],[-68.61674928,-33.0093097],[-68.61846347,-33.00932662],[-68.62130319,-33.00935461],[-68.62672988,-33.00939107],[-68.63579472,-33.00619537],[-68.63694863,-33.00577116],[-68.63741403,-33.00559234],[-68.6376345,-33.00550662],[-68.63799275,-33.00537379],[-68.63846418,-33.00519899],[-68.63926315,-33.00490536],[-68.63984185,-33.00471924],[-68.64019575,-33.00458801],[-68.64041423,-33.00450354],[-68.64073098,-33.00434491],[-68.64079657,-33.00431512],[-68.6409564,-33.00424252],[-68.6418561,-33.00371496],[-68.64225563,-33.00359197],[-68.64254169,-33.00343636],[-68.64299607,-33.00318918],[-68.64313527,-33.00311345],[-68.64341499,-33.0030121],[-68.6439328,-33.00281946],[-68.64401921,-33.00261421],[-68.64393888,-33.00241056],[-68.64387655,-33.0022544],[-68.6437922,-33.0020434],[-68.64376117,-33.00196511],[-68.64295335,-33.00036679],[-68.64261317,-32.99963822],[-68.64250604,-32.9994264],[-68.64240402,-32.9992245],[-68.64208318,-32.99861877],[-68.64142734,-32.99884117],[-68.64126407,-32.99882591],[-68.63881225,-32.99880982],[-68.63785051,-32.99879558],[-68.63715789,-32.99877621],[-68.63500063,-32.99867988],[-68.63346387,-32.99862096],[-68.6331803,-32.99861043],[-68.6326562,-32.99859096],[-68.63111779,-32.99853381],[-68.62986891,-32.9984874],[-68.6294193,-32.99758261],[-68.62779935,-32.99763062],[-68.6268848,-32.99765771],[-68.62505347,-32.99771195],[-68.62476324,-32.99759256],[-68.62419948,-32.99760613],[-68.61852127,-32.99769354],[-68.6103821,-32.99779119],[-68.60885454,-32.99780214],[-68.60736849,-32.99781277],[-68.60491412,-32.99783029]]]]},"geometry_name":"geom","properties":{"gid":275,"nombre_geografico":"Zona Industrial Fray Luis Beltrán","autoridad_de_fuente":"IGN","fuente_de_captura":"IDE Pcial."},"bbox":[-68.64401921,-33.00939107,-68.60491412,-32.99758261]},{"type":"Feature","id":"areas_de_fabricacion_y_procesamiento_AC070.276","geometry":{"type":"MultiPolygon","coordinates":[[[[-69.55252011,-35.54810009],[-69.56065681,-35.54785026],[-69.57452679,-35.54655871],[-69.59407118,-35.53910644],[-69.59449843,-35.53884122],[-69.5939509,-35.53648857],[-69.59017446,-35.52064629],[-69.58661605,-35.52123007],[-69.58198704,-35.52196687],[-69.58104433,-35.51824692],[-69.56783257,-35.5192155],[-69.56935648,-35.52452493],[-69.56703367,-35.5245704],[-69.55219654,-35.52485981],[-69.55201169,-35.53553438],[-69.55195685,-35.54191245],[-69.55252011,-35.54810009]]]]},"geometry_name":"geom","properties":{"gid":276,"nombre_geografico":"Parque Industrial Malargüe","autoridad_de_fuente":"IGN","fuente_de_captura":"IDE Pcial."},"bbox":[-69.59449843,-35.54810009,-69.55195685,-35.51824692]},{"type":"Feature","id":"areas_de_fabricacion_y_procesamiento_AC070.277","geometry":{"type":"MultiPolygon","coordinates":[[[[-68.56934164,-33.02630671],[-68.56936365,-33.02630935],[-68.56941813,-33.02630174],[-68.57002504,-33.02614917],[-68.57020006,-33.02610517],[-68.5707287,-33.02591835],[-68.57102404,-33.02581398],[-68.57209781,-33.02546546],[-68.57217201,-33.02545259],[-68.57228034,-33.02543032],[-68.5723475,-33.02542248],[-68.5725235,-33.02541376],[-68.57263398,-33.02541851],[-68.57343397,-33.02545583],[-68.57368095,-33.02546715],[-68.57380414,-33.02546689],[-68.57390366,-33.02546315],[-68.57399655,-33.02545121],[-68.57407441,-33.02544118],[-68.57415906,-33.02541541],[-68.57434537,-33.02536397],[-68.5744661,-33.02531889],[-68.57670471,-33.02464001],[-68.57796158,-33.02429627],[-68.58306054,-33.02296882],[-68.58452469,-33.02261563],[-68.58558063,-33.02239493],[-68.58814735,-33.02178047],[-68.59035269,-33.02123176],[-68.59274719,-33.02065039],[-68.5951914,-33.0200586],[-68.59406927,-33.01881326],[-68.58976909,-33.01381699],[-68.59057983,-33.01335532],[-68.59148791,-33.01282252],[-68.59242534,-33.01231968],[-68.59175827,-33.01006671],[-68.59064545,-33.01054001],[-68.58985235,-33.01085576],[-68.58533195,-33.01262072],[-68.58154602,-33.00665417],[-68.57297421,-33.00846996],[-68.56315462,-33.01155144],[-68.56629685,-33.01834775],[-68.56632742,-33.01846012],[-68.5663739,-33.01870979],[-68.56649111,-33.01972261],[-68.56666456,-33.02081533],[-68.56666986,-33.02085084],[-68.56666978,-33.02090936],[-68.56666233,-33.02097179],[-68.5666437,-33.02105921],[-68.56609988,-33.0220594],[-68.56606228,-33.02218415],[-68.56606166,-33.02222607],[-68.56606403,-33.02226857],[-68.56607328,-33.02232995],[-68.56612541,-33.02256779],[-68.56614866,-33.02267388],[-68.56616695,-33.02273221],[-68.56617398,-33.02277614],[-68.56617825,-33.02283497],[-68.5661951,-33.02290793],[-68.56622436,-33.02306789],[-68.56629767,-33.02327731],[-68.56632929,-33.02338664],[-68.56638006,-33.02347889],[-68.56651375,-33.02364724],[-68.56851054,-33.02556906],[-68.56927572,-33.02627966],[-68.56929933,-33.02629272],[-68.56934164,-33.02630671]]]]},"geometry_name":"geom","properties":{"gid":277,"nombre_geografico":"Zona Industrial San Roque","autoridad_de_fuente":"IGN","fuente_de_captura":"IDE Pcial."},"bbox":[-68.5951914,-33.02630935,-68.56315462,-33.00665417]},{"type":"Feature","id":"areas_de_fabricacion_y_procesamiento_AC070.278","geometry":{"type":"MultiPolygon","coordinates":[[[[-68.72153457,-32.956634],[-68.72625562,-32.9555643],[-68.72777398,-32.95518415],[-68.73056482,-32.95453941],[-68.73795402,-32.95282037],[-68.74444635,-32.95131607],[-68.74817786,-32.95043558],[-68.75051812,-32.94989234],[-68.75075794,-32.94984307],[-68.75164067,-32.94963886],[-68.75279296,-32.94937228],[-68.75469024,-32.94893332],[-68.75693265,-32.94840541],[-68.76001394,-32.94770145],[-68.7656814,-32.94638974],[-68.76962614,-32.94547343],[-68.77001032,-32.9453854],[-68.77030902,-32.94530945],[-68.77157855,-32.94498961],[-68.77188896,-32.94490642],[-68.77222098,-32.94857219],[-68.7748954,-32.94795648],[-68.77508324,-32.94834775],[-68.77640957,-32.95110763],[-68.77709637,-32.95253647],[-68.78099465,-32.95158828],[-68.78183824,-32.95143666],[-68.78449246,-32.95085375],[-68.78725045,-32.95024578],[-68.78663814,-32.94897625],[-68.78614181,-32.94795326],[-68.7857284,-32.94710118],[-68.78564093,-32.94692069],[-68.78421382,-32.94440299],[-68.78378571,-32.94353844],[-68.78312469,-32.94226139],[-68.78347282,-32.94222018],[-68.78515962,-32.94182139],[-68.79570061,-32.93931548],[-68.79379174,-32.93633486],[-68.79423132,-32.93620006],[-68.79537894,-32.93591711],[-68.79596903,-32.93577271],[-68.79670275,-32.93559348],[-68.79830015,-32.9352097],[-68.79982498,-32.93485563],[-68.80005325,-32.93486248],[-68.80430645,-32.93378483],[-68.80464713,-32.9337018],[-68.80466629,-32.93373898],[-68.80590991,-32.93343512],[-68.80659634,-32.93327956],[-68.8067922,-32.93329365],[-68.80705498,-32.93379651],[-68.80843081,-32.93635281],[-68.81030246,-32.9359262],[-68.81193768,-32.93555345],[-68.81202886,-32.93575466],[-68.81259702,-32.93699374],[-68.81267409,-32.93716181],[-68.81281857,-32.93747706],[-68.81286487,-32.93757792],[-68.81305073,-32.93798358],[-68.81375192,-32.93951304],[-68.81390613,-32.9398492],[-68.81461055,-32.94138555],[-68.81484056,-32.9413253],[-68.81626666,-32.94095177],[-68.8171001,-32.94027977],[-68.8172038,-32.94019616],[-68.81768651,-32.93980694],[-68.81843431,-32.93920519],[-68.81850027,-32.93915079],[-68.82550685,-32.93341796],[-68.82804142,-32.93801928],[-68.82824422,-32.93796375],[-68.82879953,-32.93886512],[-68.82919413,-32.93956686],[-68.82930289,-32.93976029],[-68.82945613,-32.94002996],[-68.82960297,-32.94028826],[-68.82962748,-32.94032913],[-68.8296435,-32.94033745],[-68.82967237,-32.94033875],[-68.82970445,-32.94033474],[-68.82973442,-32.9403227],[-68.82976653,-32.94030435],[-68.82978689,-32.94027787],[-68.82979989,-32.94024832],[-68.82980303,-32.94022858],[-68.829802,-32.94020586],[-68.82974097,-32.93997157],[-68.8296948,-32.93979454],[-68.8296822,-32.93967237],[-68.82965688,-32.93948401],[-68.8296317,-32.93929961],[-68.82958102,-32.93896328],[-68.82955977,-32.93883965],[-68.82949741,-32.93857678],[-68.82942367,-32.93828008],[-68.8293394,-32.93795353],[-68.82923726,-32.93752824],[-68.82919962,-32.93736528],[-68.82909801,-32.93698619],[-68.82902883,-32.93674056],[-68.82862754,-32.93573384],[-68.82851107,-32.93542384],[-68.82845286,-32.93534644],[-68.82828345,-32.93497368],[-68.82808946,-32.93456114],[-68.82800693,-32.93439389],[-68.82783653,-32.93405342],[-68.82773151,-32.93384683],[-68.82654326,-32.93198629],[-68.82753012,-32.93137012],[-68.82793079,-32.93104739],[-68.8285163,-32.93054678],[-68.82876383,-32.93035699],[-68.82937419,-32.92988912],[-68.82952753,-32.92974104],[-68.8305078,-32.92893829],[-68.83239089,-32.92739538],[-68.83280787,-32.92705176],[-68.83306611,-32.92683886],[-68.83061291,-32.92494073],[-68.82930216,-32.92413531],[-68.82818332,-32.92346491],[-68.82742744,-32.92302712],[-68.82697799,-32.92274606],[-68.82577765,-32.92203066],[-68.82539696,-32.92201009],[-68.82460543,-32.92220735],[-68.82365892,-32.92238185],[-68.82333363,-32.92236349],[-68.82330728,-32.92185291],[-68.82326268,-32.92153933],[-68.82309084,-32.9208025],[-68.82134008,-32.92043402],[-68.82116831,-32.92041691],[-68.81936391,-32.92009377],[-68.81935158,-32.92011034],[-68.81906005,-32.92005203],[-68.81905008,-32.92001189],[-68.81881882,-32.9199708],[-68.81851354,-32.91994222],[-68.81851824,-32.91999985],[-68.81823082,-32.92002134],[-68.81881199,-32.92164906],[-68.81911515,-32.92240241],[-68.81953517,-32.92352561],[-68.81884788,-32.92370946],[-68.81665511,-32.92422022],[-68.81230341,-32.92526372],[-68.80852282,-32.92616919],[-68.80384003,-32.9273251],[-68.80218743,-32.92765161],[-68.79955585,-32.92827408],[-68.79880968,-32.92845773],[-68.79648821,-32.92904457],[-68.796087,-32.92915663],[-68.7931773,-32.92980106],[-68.79024611,-32.93046792],[-68.78028054,-32.93284927],[-68.77907419,-32.93316724],[-68.77567981,-32.93404033],[-68.77079847,-32.93515858],[-68.77064501,-32.93505749],[-68.77051066,-32.93431546],[-68.7704856,-32.9337006],[-68.77047841,-32.93360138],[-68.77046306,-32.93338984],[-68.770429,-32.93316202],[-68.77037457,-32.93283079],[-68.77034556,-32.93216345],[-68.77031141,-32.93157445],[-68.77030723,-32.93143369],[-68.77030253,-32.93127495],[-68.77026516,-32.93094316],[-68.77021942,-32.93082595],[-68.76993299,-32.93023014],[-68.76969419,-32.92973342],[-68.76926303,-32.92903831],[-68.768475,-32.9276462],[-68.76838846,-32.92749186],[-68.76784051,-32.92649066],[-68.76778269,-32.92638475],[-68.76716181,-32.92529865],[-68.76705147,-32.92511404],[-68.76666336,-32.9244402],[-68.76638288,-32.92395323],[-68.76623683,-32.92375798],[-68.76544183,-32.92259145],[-68.76475547,-32.92158362],[-68.76452962,-32.92125199],[-68.76408504,-32.92123978],[-68.76371751,-32.9213344],[-68.763447,-32.92154808],[-68.76291581,-32.92168829],[-68.7612256,-32.92302337],[-68.76078183,-32.92337388],[-68.75949919,-32.92437833],[-68.75934645,-32.92449793],[-68.75890022,-32.92484737],[-68.75661781,-32.92646855],[-68.75635144,-32.92665775],[-68.75614461,-32.92680465],[-68.75595993,-32.92693582],[-68.75575374,-32.92708227],[-68.74679131,-32.93515089],[-68.74514719,-32.93591806],[-68.7449899,-32.93603101],[-68.74479909,-32.93616803],[-68.74461806,-32.93629803],[-68.74160133,-32.93821013],[-68.74133552,-32.93840099],[-68.73648677,-32.94213647],[-68.73635373,-32.94223199],[-68.73619643,-32.94234493],[-68.73606981,-32.94243583],[-68.73603247,-32.94262186],[-68.73596554,-32.94295532],[-68.73593929,-32.94308609],[-68.73589299,-32.94331679],[-68.72499282,-32.94616264],[-68.72215483,-32.94692901],[-68.71986303,-32.94745696],[-68.72040069,-32.95020882],[-68.72056978,-32.95123126],[-68.72074823,-32.95233932],[-68.72105801,-32.95407835],[-68.72132317,-32.95541468],[-68.72153457,-32.956634]]]]},"geometry_name":"geom","properties":{"gid":278,"nombre_geografico":"Área Industrial Rodríguez Peña","autoridad_de_fuente":"IGN","fuente_de_captura":"IDE Pcial."},"bbox":[-68.83306611,-32.956634,-68.71986303,-32.91994222]},{"type":"Feature","id":"areas_de_fabricacion_y_procesamiento_AC070.279","geometry":{"type":"MultiPolygon","coordinates":[[[[-68.81900828,-32.94013657],[-68.81994386,-32.93991056],[-68.82143393,-32.93951269],[-68.82285428,-32.93919057],[-68.82537025,-32.93862346],[-68.82800246,-32.93802995],[-68.82804142,-32.93801928],[-68.82550685,-32.93341796],[-68.81850027,-32.93915079],[-68.81843431,-32.93920519],[-68.81900828,-32.94013657]]]]},"geometry_name":"geom","properties":{"gid":279,"nombre_geografico":"Mendoza TIC Parque Tecnológico","autoridad_de_fuente":"IGN","fuente_de_captura":"IDE Pcial."},"bbox":[-68.82804142,-32.94013657,-68.81843431,-32.93341796]},{"type":"Feature","id":"areas_de_fabricacion_y_procesamiento_AC070.285","geometry":{"type":"MultiPolygon","coordinates":[[[[-55.99375338,-27.37104509],[-55.99422451,-27.36551998],[-55.99423879,-27.36437784],[-55.99238281,-27.3642208],[-55.99158331,-27.3644635],[-55.99101224,-27.36447778],[-55.990484,-27.36439212],[-55.99031268,-27.36437784],[-55.98962739,-27.36439212],[-55.98909915,-27.37060251],[-55.99375338,-27.37104509]]]]},"geometry_name":"geom","properties":{"gid":285,"nombre_geografico":"Parque Industrial Posadas","autoridad_de_fuente":"IGN","fuente_de_captura":"IGN/RENPI"},"bbox":[-55.99423879,-27.37104509,-55.98909915,-27.3642208]},{"type":"Feature","id":"areas_de_fabricacion_y_procesamiento_AC070.286","geometry":{"type":"MultiPolygon","coordinates":[[[[-55.02788174,-26.83272948],[-55.02396039,-26.83438558],[-55.02479796,-26.84285646],[-55.02835763,-26.84268514],[-55.02788174,-26.83272948]]]]},"geometry_name":"geom","properties":{"gid":286,"nombre_geografico":"Parque Industrial de la Ciudad de Puerto Rico","autoridad_de_fuente":"IGN","fuente_de_captura":"IGN/RENPI"},"bbox":[-55.02835763,-26.84285646,-55.02396039,-26.83272948]},{"type":"Feature","id":"areas_de_fabricacion_y_procesamiento_AC070.287","geometry":{"type":"MultiPolygon","coordinates":[[[[-65.60898694,-39.27034512],[-65.60681687,-39.27143015],[-65.60691681,-39.2716443],[-65.60650279,-39.27277217],[-65.60441838,-39.27251518],[-65.60393297,-39.27449965],[-65.60948663,-39.27554186],[-65.61192796,-39.27445682],[-65.60898694,-39.27034512]]]]},"geometry_name":"geom","properties":{"gid":287,"nombre_geografico":"Parque Industrial de la localidad de Choele Choel","autoridad_de_fuente":"IGN","fuente_de_captura":"IGN/RENPI"},"bbox":[-65.61192796,-39.27554186,-65.60393297,-39.27034512]},{"type":"Feature","id":"areas_de_fabricacion_y_procesamiento_AC070.288","geometry":{"type":"MultiPolygon","coordinates":[[[[-67.53101324,-39.01874384],[-67.53112448,-39.01948153],[-67.53182226,-39.01939819],[-67.53192194,-39.01988411],[-67.53199292,-39.02023016],[-67.53230924,-39.02019991],[-67.53294085,-39.0201395],[-67.53323883,-39.02011101],[-67.53369876,-39.02006702],[-67.53563754,-39.0198816],[-67.53568238,-39.02081824],[-67.53637946,-39.02073152],[-67.53664656,-39.02069828],[-67.54666503,-39.01945183],[-67.54683183,-39.01943108],[-67.54701136,-39.01940874],[-67.54614895,-39.01564617],[-67.54586393,-39.01437839],[-67.54586419,-39.01437822],[-67.54584299,-39.01428525],[-67.54564236,-39.01430608],[-67.54387078,-39.01449008],[-67.53939623,-39.01495482],[-67.53690811,-39.01521324],[-67.53636692,-39.01527197],[-67.53481898,-39.01543994],[-67.53488461,-39.01549573],[-67.5349111,-39.01558313],[-67.53512256,-39.01628095],[-67.53516424,-39.01653102],[-67.53500579,-39.01654643],[-67.53377011,-39.01666667],[-67.53073341,-39.01696214],[-67.53072152,-39.01716439],[-67.53081669,-39.01778305],[-67.53089794,-39.01780857],[-67.53101324,-39.01874384]]]]},"geometry_name":"geom","properties":{"gid":288,"nombre_geografico":"Parque Industrial I","autoridad_de_fuente":"IGN","fuente_de_captura":"RENPI/IGN04"},"bbox":[-67.54701136,-39.02081824,-67.53072152,-39.01428525]},{"type":"Feature","id":"areas_de_fabricacion_y_procesamiento_AC070.289","geometry":{"type":"MultiPolygon","coordinates":[[[[-65.73560167,-39.32113951],[-65.73773129,-39.32274564],[-65.74412014,-39.31796293],[-65.74202621,-39.31628541],[-65.73560167,-39.32113951]]]]},"geometry_name":"geom","properties":{"gid":289,"nombre_geografico":"Parque Industrial Luis Beltrán","autoridad_de_fuente":"IGN","fuente_de_captura":"IGN/RENPI"},"bbox":[-65.74412014,-39.32274564,-65.73560167,-39.31628541]},{"type":"Feature","id":"areas_de_fabricacion_y_procesamiento_AC070.290","geometry":{"type":"MultiPolygon","coordinates":[[[[-65.00450524,-40.73271351],[-65.00404838,-40.73869071],[-65.01015884,-40.7391666],[-65.01052052,-40.73410311],[-65.01097737,-40.73339879],[-65.01071087,-40.73301808],[-65.00450524,-40.73271351]]]]},"geometry_name":"geom","properties":{"gid":290,"nombre_geografico":"Parque Industrial San Antonio Oeste","autoridad_de_fuente":"IGN","fuente_de_captura":"IGN/RENPI"},"bbox":[-65.01097737,-40.7391666,-65.00404838,-40.73271351]},{"type":"Feature","id":"areas_de_fabricacion_y_procesamiento_AC070.291","geometry":{"type":"MultiPolygon","coordinates":[[[[-62.9656179,-40.83360747],[-62.96019273,-40.83784767],[-62.96606048,-40.84224491],[-62.96972961,-40.83931818],[-62.96674577,-40.83703389],[-62.96837332,-40.83572043],[-62.9656179,-40.83360747]]]]},"geometry_name":"geom","properties":{"gid":291,"nombre_geografico":"Parque Industrial Viedma","autoridad_de_fuente":"IGN","fuente_de_captura":"IGN/RENPI"},"bbox":[-62.96972961,-40.84224491,-62.96019273,-40.83360747]},{"type":"Feature","id":"areas_de_fabricacion_y_procesamiento_AC070.292","geometry":{"type":"MultiPolygon","coordinates":[[[[-65.37326636,-24.84154076],[-65.37419911,-24.83904709],[-65.37480825,-24.83704834],[-65.37530318,-24.83602041],[-65.37560775,-24.83562066],[-65.37589329,-24.83512573],[-65.37614075,-24.83461177],[-65.37640725,-24.83402166],[-65.37705447,-24.83247977],[-65.37764457,-24.83251785],[-65.377873,-24.83208002],[-65.37777782,-24.83057621],[-65.37855828,-24.83048103],[-65.37878671,-24.8302526],[-65.37905321,-24.82239086],[-65.38023343,-24.82242893],[-65.38046185,-24.82231472],[-65.37876768,-24.82122968],[-65.38048089,-24.82006851],[-65.38040475,-24.8186789],[-65.3808045,-24.81808879],[-65.38175628,-24.81770808],[-65.38211796,-24.81730833],[-65.38217507,-24.81641365],[-65.37857732,-24.81639462],[-65.377873,-24.81776519],[-65.37793011,-24.81824108],[-65.37791107,-24.81862179],[-65.37770168,-24.81883119],[-65.37739711,-24.81881215],[-65.37730193,-24.81848854],[-65.37718772,-24.81833626],[-65.37629304,-24.81805072],[-65.37570293,-24.81812687],[-65.37518897,-24.81831722],[-65.37473211,-24.81843144],[-65.37406586,-24.81888829],[-65.37341865,-24.81976393],[-65.3730189,-24.82039211],[-65.3727524,-24.82143907],[-65.37246686,-24.82250507],[-65.37218133,-24.82305711],[-65.37199097,-24.82387564],[-65.37199097,-24.82463707],[-65.37216229,-24.82600764],[-65.37235265,-24.82682617],[-65.37263819,-24.82783507],[-65.37299986,-24.82920564],[-65.37305697,-24.82987188],[-65.37315215,-24.83095692],[-65.37307601,-24.8316422],[-65.37288565,-24.83272724],[-65.37260011,-24.83358384],[-65.37227651,-24.83499248],[-65.37170544,-24.83647727],[-65.37136279,-24.83794302],[-65.37111533,-24.83883769],[-65.3708869,-24.83954201],[-65.37094401,-24.84015116],[-65.37107726,-24.84062705],[-65.37121051,-24.84079837],[-65.37161026,-24.84100776],[-65.37326636,-24.84154076]]]]},"geometry_name":"geom","properties":{"gid":292,"nombre_geografico":"Parque Industrial Ciudad de Salta","autoridad_de_fuente":"IGN","fuente_de_captura":"IGN/RENPI"},"bbox":[-65.38217507,-24.84154076,-65.3708869,-24.81639462]},{"type":"Feature","id":"areas_de_fabricacion_y_procesamiento_AC070.293","geometry":{"type":"MultiPolygon","coordinates":[[[[-65.04211114,-24.69165078],[-65.03515121,-24.69008033],[-65.02672792,-24.70574908],[-65.03500844,-24.70849736],[-65.04211114,-24.69165078]]]]},"geometry_name":"geom","properties":{"gid":293,"nombre_geografico":"Parque Industrial de la Ciudad de General Güemes","autoridad_de_fuente":"IGN","fuente_de_captura":"IGN/RENPI"},"bbox":[-65.04211114,-24.70849736,-65.02672792,-24.69008033]},{"type":"Feature","id":"areas_de_fabricacion_y_procesamiento_AC070.294","geometry":{"type":"MultiPolygon","coordinates":[[[[-68.55717061,-31.41062112],[-68.55781783,-31.41096376],[-68.56366178,-31.40327334],[-68.55665665,-31.39925681],[-68.55517187,-31.39878092],[-68.54636259,-31.40713037],[-68.55039815,-31.40844383],[-68.55376323,-31.40957415],[-68.55717061,-31.41062112]]]]},"geometry_name":"geom","properties":{"gid":294,"nombre_geografico":"Parque Tecno-Industrial Albardón","autoridad_de_fuente":"IGN","fuente_de_captura":"IGN/RENPI"},"bbox":[-68.56366178,-31.41096376,-68.54636259,-31.39878092]},{"type":"Feature","id":"areas_de_fabricacion_y_procesamiento_AC070.295","geometry":{"type":"MultiPolygon","coordinates":[[[[-68.57941063,-31.49439586],[-68.57928264,-31.49460651],[-68.5791369,-31.49460651],[-68.57891945,-31.49448399],[-68.57469856,-31.4952413],[-68.57410846,-31.49872483],[-68.57365002,-31.50251596],[-68.57661959,-31.50273011],[-68.57884815,-31.50281772],[-68.57897902,-31.50272254],[-68.57934784,-31.50268447],[-68.57954772,-31.50276537],[-68.58476687,-31.50215666],[-68.58479542,-31.50081465],[-68.58396894,-31.49531744],[-68.58128491,-31.49421337],[-68.58044799,-31.49420974],[-68.57941063,-31.49439586]]]]},"geometry_name":"geom","properties":{"gid":295,"nombre_geografico":"Parque Industrial San Juan","autoridad_de_fuente":"IGN","fuente_de_captura":"IGN/RENPI"},"bbox":[-68.58479542,-31.50281772,-68.57365002,-31.49420974]},{"type":"Feature","id":"areas_de_fabricacion_y_procesamiento_AC070.296","geometry":{"type":"MultiPolygon","coordinates":[[[[-68.5336253,-31.60903099],[-68.53150282,-31.6097258],[-68.53291146,-31.61315222],[-68.53515767,-31.61243838],[-68.5336253,-31.60903099]]]]},"geometry_name":"geom","properties":{"gid":296,"nombre_geografico":"Parque Industrial de Pocito","autoridad_de_fuente":"IGN","fuente_de_captura":"IGN/RENPI"},"bbox":[-68.53515767,-31.61315222,-68.53150282,-31.60903099]},{"type":"Feature","id":"areas_de_fabricacion_y_procesamiento_AC070.297","geometry":{"type":"MultiPolygon","coordinates":[[[[-68.36447645,-31.51900489],[-68.36331051,-31.51990909],[-68.36050275,-31.52961729],[-68.36321534,-31.52995042],[-68.36366743,-31.52971247],[-68.36411953,-31.52885586],[-68.3659993,-31.52890345],[-68.36638002,-31.52723783],[-68.36871189,-31.52747578],[-68.37047745,-31.51956169],[-68.36447645,-31.51900489]]]]},"geometry_name":"geom","properties":{"gid":297,"nombre_geografico":"Parque Industrial San Martín","autoridad_de_fuente":"IGN","fuente_de_captura":"IGN/RENPI"},"bbox":[-68.37047745,-31.52995042,-68.36050275,-31.51900489]},{"type":"Feature","id":"areas_de_fabricacion_y_procesamiento_AC070.298","geometry":{"type":"MultiPolygon","coordinates":[[[[-70.91228683,-46.5827232],[-70.91087343,-46.58240911],[-70.90963136,-46.58190942],[-70.90694732,-46.58069589],[-70.89455509,-46.57482814],[-70.89358427,-46.576884],[-70.91065928,-46.58726321],[-70.91228683,-46.5827232]]]]},"geometry_name":"geom","properties":{"gid":298,"nombre_geografico":"Parque Industrial de Perito Moreno","autoridad_de_fuente":"IGN","fuente_de_captura":"IGN/RENPI"},"bbox":[-70.91228683,-46.58726321,-70.89358427,-46.57482814]},{"type":"Feature","id":"areas_de_fabricacion_y_procesamiento_AC070.299","geometry":{"type":"MultiPolygon","coordinates":[[[[-67.7534577,-49.29593604],[-67.75335777,-49.2974351],[-67.75327432,-49.30317517],[-67.76158118,-49.30328857],[-67.76168621,-49.30094937],[-67.76184082,-49.30093932],[-67.76190269,-49.29970676],[-67.76115288,-49.29963372],[-67.76078169,-49.29939101],[-67.76063892,-49.29916258],[-67.7604676,-49.29886277],[-67.76020851,-49.29845516],[-67.7599087,-49.29819342],[-67.75958895,-49.29812533],[-67.75945185,-49.29603287],[-67.7534577,-49.29593604]]]]},"geometry_name":"geom","properties":{"gid":299,"nombre_geografico":"Parque Industrial Puerto San Julián","autoridad_de_fuente":"IGN","fuente_de_captura":"IGN/RENPI"},"bbox":[-67.76190269,-49.30328857,-67.75327432,-49.29593604]},{"type":"Feature","id":"areas_de_fabricacion_y_procesamiento_AC070.301","geometry":{"type":"MultiPolygon","coordinates":[[[[-64.25960063,-27.75150241],[-64.25514628,-27.7522448],[-64.25335693,-27.75340598],[-64.25107264,-27.75494787],[-64.24817922,-27.75668012],[-64.24757008,-27.75732733],[-64.25573639,-27.7621624],[-64.25581253,-27.76416115],[-64.25725924,-27.76724493],[-64.26224659,-27.7634949],[-64.25960063,-27.75150241]]]]},"geometry_name":"geom","properties":{"gid":301,"nombre_geografico":"Parque Industrial La Isla","autoridad_de_fuente":"IGN","fuente_de_captura":"IGN/RENPI"},"bbox":[-64.26224659,-27.76724493,-64.24757008,-27.75150241]},{"type":"Feature","id":"areas_de_fabricacion_y_procesamiento_AC070.302","geometry":{"type":"MultiPolygon","coordinates":[[[[-65.17037856,-26.81311578],[-65.16983604,-26.81100282],[-65.16955051,-26.80981784],[-65.1692507,-26.80896124],[-65.16896516,-26.80797614],[-65.16880812,-26.80691966],[-65.16601701,-26.80756212],[-65.16154124,-26.80819743],[-65.16134137,-26.81132404],[-65.16112722,-26.81305867],[-65.1610487,-26.81377251],[-65.16122002,-26.81480757],[-65.16856541,-26.81348697],[-65.17037142,-26.81312292],[-65.17037856,-26.81311578]]]]},"geometry_name":"geom","properties":{"gid":302,"nombre_geografico":"Parque Industrial Tucumán","autoridad_de_fuente":"IGN","fuente_de_captura":"IGN/RENPI"},"bbox":[-65.17037856,-26.81480757,-65.1610487,-26.80691966]},{"type":"Feature","id":"areas_de_fabricacion_y_procesamiento_AC070.303","geometry":{"type":"MultiPolygon","coordinates":[[[[-67.74437865,-53.80682039],[-67.74924058,-53.80425854],[-67.74118849,-53.79864301],[-67.73415639,-53.79380794],[-67.72373435,-53.79900707],[-67.72385332,-53.79976849],[-67.73002099,-53.80353673],[-67.73770189,-53.80529753],[-67.73908197,-53.80564493],[-67.7410141,-53.80609227],[-67.74437865,-53.80682039]]]]},"geometry_name":"geom","properties":{"gid":303,"nombre_geografico":"Parque Industrial de Río Grande","autoridad_de_fuente":"IGN","fuente_de_captura":"IGN/RENPI"},"bbox":[-67.74924058,-53.80682039,-67.72373435,-53.79380794]},{"type":"Feature","id":"areas_de_fabricacion_y_procesamiento_AC070.304","geometry":{"type":"MultiPolygon","coordinates":[[[[-60.59401308,-33.06219036],[-60.58902573,-33.06816757],[-60.59361333,-33.07296456],[-60.6004281,-33.07328817],[-60.60983173,-33.06253301],[-60.59401308,-33.06219036]]]]},"geometry_name":"geom","properties":{"gid":304,"nombre_geografico":"Parque Industrial Oficial de Desarrollo y Descongestión de Alvear","autoridad_de_fuente":"IGN","fuente_de_captura":"IGN/RENPI"},"bbox":[-60.60983173,-33.07328817,-60.58902573,-33.06219036]},{"type":"Feature","id":"areas_de_fabricacion_y_procesamiento_AC070.305","geometry":{"type":"MultiPolygon","coordinates":[[[[-61.61508225,-32.77411241],[-61.61603404,-32.77810991],[-61.6178805,-32.78364929],[-61.62383867,-32.78262136],[-61.62117367,-32.77156163],[-61.61645282,-32.77236113],[-61.61508225,-32.77411241]]]]},"geometry_name":"geom","properties":{"gid":305,"nombre_geografico":"Área Industrial Mixta de Armstrong","autoridad_de_fuente":"IGN","fuente_de_captura":"IGN/RENPI"},"bbox":[-61.62383867,-32.78364929,-61.61508225,-32.77156163]},{"type":"Feature","id":"areas_de_fabricacion_y_procesamiento_AC070.306","geometry":{"type":"MultiPolygon","coordinates":[[[[-59.64060582,-29.12500758],[-59.63989199,-29.11988222],[-59.6309119,-29.12091015],[-59.63144762,-29.12444447],[-59.63321046,-29.1241938],[-59.63348172,-29.12610689],[-59.63687959,-29.12573569],[-59.63696084,-29.12554854],[-59.63735548,-29.12551678],[-59.64060582,-29.12500758]]]]},"geometry_name":"geom","properties":{"gid":306,"nombre_geografico":"Parque Industrial Oficial de Promoción de Avellaneda","autoridad_de_fuente":"IGN","fuente_de_captura":"IGN/RENPI"},"bbox":[-59.64060582,-29.12610689,-59.6309119,-29.11988222]},{"type":"Feature","id":"areas_de_fabricacion_y_procesamiento_AC070.307","geometry":{"type":"MultiPolygon","coordinates":[[[[-61.50415924,-33.1457981],[-61.49540282,-33.14611933],[-61.49451052,-33.14820136],[-61.50323125,-33.1506641],[-61.50581296,-33.14726147],[-61.50423062,-33.14727337],[-61.50415924,-33.1457981]]]]},"geometry_name":"geom","properties":{"gid":307,"nombre_geografico":"Área Industrial Oficial de Promoción de Arequito","autoridad_de_fuente":"IGN","fuente_de_captura":"IGN/RENPI"},"bbox":[-61.50581296,-33.1506641,-61.49451052,-33.1457981]},{"type":"Feature","id":"areas_de_fabricacion_y_procesamiento_AC070.308","geometry":{"type":"MultiPolygon","coordinates":[[[[-61.33623821,-32.82047741],[-61.33604785,-32.82076294],[-61.33604785,-32.82129594],[-61.33734228,-32.82645461],[-61.34276745,-32.82548379],[-61.34312913,-32.82514115],[-61.34337659,-32.82472236],[-61.3434337,-32.82432261],[-61.34225349,-32.81963984],[-61.34194892,-32.81944948],[-61.34160628,-32.81954466],[-61.33623821,-32.82047741]]]]},"geometry_name":"geom","properties":{"gid":308,"nombre_geografico":"Parque Industrial Cañada de Gómez","autoridad_de_fuente":"IGN","fuente_de_captura":"IGN/RENPI"},"bbox":[-61.3434337,-32.82645461,-61.33604785,-32.81944948]},{"type":"Feature","id":"areas_de_fabricacion_y_procesamiento_AC070.309","geometry":{"type":"MultiPolygon","coordinates":[[[[-61.12328181,-32.86718377],[-61.12195407,-32.86173005],[-61.11654317,-32.86271514],[-61.11784236,-32.86806893],[-61.12328181,-32.86718377]]]]},"geometry_name":"geom","properties":{"gid":309,"nombre_geografico":"Área Industrial Carcarañá","autoridad_de_fuente":"IGN","fuente_de_captura":"IGN/RENPI"},"bbox":[-61.12328181,-32.86806893,-61.11654317,-32.86173005]},{"type":"Feature","id":"areas_de_fabricacion_y_procesamiento_AC070.310","geometry":{"type":"MultiPolygon","coordinates":[[[[-61.20478601,-33.06611639],[-61.20544274,-33.06507419],[-61.20561406,-33.06437463],[-61.20572828,-33.0639606],[-61.20581394,-33.06346092],[-61.20922608,-33.0590494],[-61.20791262,-33.05829273],[-61.2053428,-33.06161921],[-61.20298714,-33.0603343],[-61.20153091,-33.06227832],[-61.20073299,-33.061806],[-61.1996328,-33.06324538],[-61.20478601,-33.06611639]]]]},"geometry_name":"geom","properties":{"gid":310,"nombre_geografico":"Área Industrial Oficial de Desarrollo de Casilda","autoridad_de_fuente":"IGN","fuente_de_captura":"IGN/RENPI"},"bbox":[-61.20922608,-33.06611639,-61.1996328,-33.05829273]},{"type":"Feature","id":"areas_de_fabricacion_y_procesamiento_AC070.311","geometry":{"type":"MultiPolygon","coordinates":[[[[-61.24056718,-32.8540343],[-61.24126912,-32.85825784],[-61.24586148,-32.85773436],[-61.24514764,-32.85374876],[-61.24056718,-32.8540343]]]]},"geometry_name":"geom","properties":{"gid":311,"nombre_geografico":"Área Industrial Oficial de Desarrollo de Correa","autoridad_de_fuente":"IGN","fuente_de_captura":"IGN/RENPI"},"bbox":[-61.24586148,-32.85825784,-61.24056718,-32.85374876]},{"type":"Feature","id":"areas_de_fabricacion_y_procesamiento_AC070.312","geometry":{"type":"MultiPolygon","coordinates":[[[[-61.74577968,-32.19391503],[-61.74539896,-32.1923208],[-61.7398631,-32.19328756],[-61.74023553,-32.19500959],[-61.74577968,-32.19391503]]]]},"geometry_name":"geom","properties":{"gid":312,"nombre_geografico":"Área Industrial Oficial de Desarrollo de El Trébol","autoridad_de_fuente":"IGN","fuente_de_captura":"IGN/RENPI"},"bbox":[-61.74577968,-32.19500959,-61.7398631,-32.1923208]},{"type":"Feature","id":"areas_de_fabricacion_y_procesamiento_AC070.313","geometry":{"type":"MultiPolygon","coordinates":[[[[-60.92083562,-31.48267157],[-60.90992817,-31.48501296],[-60.91149861,-31.4910092],[-60.92259166,-31.48846794],[-60.92083562,-31.48267157]]]]},"geometry_name":"geom","properties":{"gid":313,"nombre_geografico":"Área Industrial Mixta de Desarrollo de Esperanza","autoridad_de_fuente":"IGN","fuente_de_captura":"IGN/RENPI"},"bbox":[-60.92259166,-31.4910092,-60.90992817,-31.48267157]},{"type":"Feature","id":"areas_de_fabricacion_y_procesamiento_AC070.314","geometry":{"type":"MultiPolygon","coordinates":[[[[-61.48848,-33.47904213],[-61.48720699,-33.48064826],[-61.48745684,-33.48361069],[-61.48789704,-33.48383674],[-61.48833724,-33.48411038],[-61.491145,-33.48038652],[-61.48848,-33.47904213]]]]},"geometry_name":"geom","properties":{"gid":314,"nombre_geografico":"Área Industrial Firmat","autoridad_de_fuente":"IGN","fuente_de_captura":"IGN/RENPI"},"bbox":[-61.491145,-33.48411038,-61.48720699,-33.47904213]},{"type":"Feature","id":"areas_de_fabricacion_y_procesamiento_AC070.315","geometry":{"type":"MultiPolygon","coordinates":[[[[-61.22880523,-32.01857272],[-61.22907649,-32.02209908],[-61.2308825,-32.02199914],[-61.23166772,-32.02103546],[-61.23141788,-32.01839426],[-61.22880523,-32.01857272]]]]},"geometry_name":"geom","properties":{"gid":315,"nombre_geografico":"Área Industrial Oficial de Promoción Gálvez","autoridad_de_fuente":"IGN","fuente_de_captura":"IGN/RENPI"},"bbox":[-61.23166772,-32.02209908,-61.22880523,-32.01839426]},{"type":"Feature","id":"areas_de_fabricacion_y_procesamiento_AC070.316","geometry":{"type":"MultiPolygon","coordinates":[[[[-61.52505001,-32.69144524],[-61.52515709,-32.6922376],[-61.52430048,-32.69240892],[-61.52512139,-32.69574968],[-61.52576385,-32.69569258],[-61.52680605,-32.69963296],[-61.53149597,-32.69871925],[-61.52949722,-32.69064574],[-61.52962571,-32.69044586],[-61.52875483,-32.6901175],[-61.52821945,-32.69083848],[-61.52505001,-32.69144524]]]]},"geometry_name":"geom","properties":{"gid":316,"nombre_geografico":"Área Industrial de la Ciudad de Las Parejas","autoridad_de_fuente":"IGN","fuente_de_captura":"IGN/RENPI"},"bbox":[-61.53149597,-32.69963296,-61.52430048,-32.6901175]},{"type":"Feature","id":"areas_de_fabricacion_y_procesamiento_AC070.317","geometry":{"type":"MultiPolygon","coordinates":[[[[-61.50092804,-31.23170444],[-61.50755959,-31.23055516],[-61.5065745,-31.22599373],[-61.50019278,-31.2270859],[-61.50047118,-31.22829943],[-61.50026417,-31.22836367],[-61.50017851,-31.22852072],[-61.50092804,-31.23170444]]]]},"geometry_name":"geom","properties":{"gid":317,"nombre_geografico":"Parque Industrial Oficial de Desarrollo de Rafaela Ingeniero Víctor Santiago Monti","autoridad_de_fuente":"IGN","fuente_de_captura":"IGN/RENPI"},"bbox":[-61.50755959,-31.23170444,-61.50017851,-31.22599373]},{"type":"Feature","id":"areas_de_fabricacion_y_procesamiento_AC070.318","geometry":{"type":"MultiPolygon","coordinates":[[[[-61.50667348,-31.22574627],[-61.51301475,-31.2246993],[-61.51206296,-31.22020212],[-61.50563842,-31.22136806],[-61.50667348,-31.22574627]]]]},"geometry_name":"geom","properties":{"gid":318,"nombre_geografico":"Parque de Actividades Económicas de Rafaela","autoridad_de_fuente":"IGN","fuente_de_captura":"IGN/RENPI"},"bbox":[-61.51301475,-31.22574627,-61.50563842,-31.22020212]},{"type":"Feature","id":"areas_de_fabricacion_y_procesamiento_AC070.319","geometry":{"type":"MultiPolygon","coordinates":[[[[-60.87856448,-32.85682386],[-60.88090587,-32.86556124],[-60.88437037,-32.86504728],[-60.88216223,-32.85613858],[-60.87856448,-32.85682386]]]]},"geometry_name":"geom","properties":{"gid":319,"nombre_geografico":"Área Industrial Oficial de Desarrollo de Roldán","autoridad_de_fuente":"IGN","fuente_de_captura":"IGN/RENPI"},"bbox":[-60.88437037,-32.86556124,-60.87856448,-32.85613858]},{"type":"Feature","id":"areas_de_fabricacion_y_procesamiento_AC070.320","geometry":{"type":"MultiPolygon","coordinates":[[[[-60.59883725,-30.81364429],[-60.59919893,-30.81533846],[-60.60949724,-30.81367284],[-60.60896424,-30.81140759],[-60.60223512,-30.81251166],[-60.60234933,-30.81304466],[-60.59883725,-30.81364429]]]]},"geometry_name":"geom","properties":{"gid":320,"nombre_geografico":"Área Industrial Oficial de San Justo","autoridad_de_fuente":"IGN","fuente_de_captura":"IGN/RENPI"},"bbox":[-60.60949724,-30.81533846,-60.59883725,-30.81140759]},{"type":"Feature","id":"areas_de_fabricacion_y_procesamiento_AC070.321","geometry":{"type":"MultiPolygon","coordinates":[[[[-60.66596232,-31.6391184],[-60.66741379,-31.63914219],[-60.67174441,-31.63553731],[-60.67319216,-31.63434832],[-60.67175631,-31.63432378],[-60.66602181,-31.63432378],[-60.66596232,-31.6391184]]]]},"geometry_name":"geom","properties":{"gid":321,"nombre_geografico":"Parque Tecnológico del Litoral Centro S.A.P.E.M.","autoridad_de_fuente":"IGN","fuente_de_captura":"IGN/RENPI"},"bbox":[-60.67319216,-31.63914219,-60.66596232,-31.63432378]},{"type":"Feature","id":"areas_de_fabricacion_y_procesamiento_AC070.322","geometry":{"type":"MultiPolygon","coordinates":[[[[-60.7502813,-31.56299522],[-60.75170897,-31.56323793],[-60.7523657,-31.5633807],[-60.75352212,-31.56349491],[-60.75553515,-31.56296667],[-60.7553781,-31.56260975],[-60.75432162,-31.56126774],[-60.75329369,-31.5603683],[-60.75105224,-31.55865509],[-60.75050972,-31.55841238],[-60.74999576,-31.55804119],[-60.74962457,-31.55769854],[-60.74909632,-31.5571132],[-60.74861091,-31.55721313],[-60.7502813,-31.56299522]]]]},"geometry_name":"geom","properties":{"gid":322,"nombre_geografico":"Área Industrial Oficial de Desarrollo y Descongestión de Santa Fe","autoridad_de_fuente":"IGN","fuente_de_captura":"IGN/RENPI"},"bbox":[-60.75553515,-31.56349491,-60.74861091,-31.5571132]},{"type":"Feature","id":"areas_de_fabricacion_y_procesamiento_AC070.323","geometry":{"type":"MultiPolygon","coordinates":[[[[-60.80396331,-31.70892884],[-60.80190575,-31.70928227],[-60.80202881,-31.70982828],[-60.80155597,-31.70989974],[-60.78035986,-31.71337547],[-60.77817076,-31.71383233],[-60.78052599,-31.71686301],[-60.80414721,-31.71296925],[-60.80596444,-31.7127336],[-60.80526488,-31.71150104],[-60.80460815,-31.71065871],[-60.80425428,-31.7106457],[-60.8041275,-31.71036366],[-60.80437972,-31.71008288],[-60.80396331,-31.70892884]]]]},"geometry_name":"geom","properties":{"gid":323,"nombre_geografico":"Parque Industrial Oficial de Desarrollo Sauce Viejo","autoridad_de_fuente":"IGN","fuente_de_captura":"IGN/RENPI"},"bbox":[-60.80596444,-31.71686301,-60.77817076,-31.70892884]},{"type":"Feature","id":"areas_de_fabricacion_y_procesamiento_AC070.324","geometry":{"type":"MultiPolygon","coordinates":[[[[-60.31141512,-33.25541984],[-60.31130091,-33.25604802],[-60.31144367,-33.25634783],[-60.31385645,-33.25860356],[-60.31698306,-33.25606229],[-60.31391356,-33.25326405],[-60.312286,-33.25410638],[-60.31160072,-33.25463462],[-60.31141512,-33.25541984]]]]},"geometry_name":"geom","properties":{"gid":324,"nombre_geografico":"Área Industrial Oficial de Desarrollo de Villa Constitución","autoridad_de_fuente":"IGN","fuente_de_captura":"IGN/RENPI"},"bbox":[-60.31698306,-33.25860356,-60.31130091,-33.25326405]},{"type":"Feature","id":"areas_de_fabricacion_y_procesamiento_AC070.325","geometry":{"type":"MultiPolygon","coordinates":[[[[-60.66185846,-33.03315546],[-60.66205871,-33.0287711],[-60.65711547,-33.02864283],[-60.65665147,-33.02857145],[-60.65568779,-33.02826212],[-60.65553313,-33.02830971],[-60.65555692,-33.02848817],[-60.65581628,-33.02869994],[-60.65602329,-33.02890695],[-60.656266,-33.02990633],[-60.65644446,-33.03072724],[-60.65582342,-33.03204784],[-60.65580676,-33.0323072],[-60.65597333,-33.03297345],[-60.66185846,-33.03315546]]]]},"geometry_name":"geom","properties":{"gid":325,"nombre_geografico":"Área Industrial Oficial de Desarrollo de Villa Gobernador Gálvez","autoridad_de_fuente":"IGN","fuente_de_captura":"IGN/RENPI"},"bbox":[-60.66205871,-33.03315546,-60.65553313,-33.02826212]},{"type":"Feature","id":"areas_de_fabricacion_y_procesamiento_AC070.326","geometry":{"type":"MultiPolygon","coordinates":[[[[-61.0399821,-33.30138192],[-61.03779775,-33.30029689],[-61.03501379,-33.30379469],[-61.03721241,-33.30493684],[-61.0399821,-33.30138192]]]]},"geometry_name":"geom","properties":{"gid":326,"nombre_geografico":"Área Industrial Oficial de Desarrollo de Villa Mugueta","autoridad_de_fuente":"IGN","fuente_de_captura":"IGN/RENPI"},"bbox":[-61.0399821,-33.30493684,-61.03501379,-33.30029689]},{"type":"Feature","id":"areas_de_fabricacion_y_procesamiento_AC070.327","geometry":{"type":"MultiPolygon","coordinates":[[[[-61.95657123,-33.77706208],[-61.94767205,-33.77249352],[-61.94152135,-33.78044594],[-61.95021807,-33.78522363],[-61.95657123,-33.77706208]]]]},"geometry_name":"geom","properties":{"gid":327,"nombre_geografico":"Parque Industrial La Victoria","autoridad_de_fuente":"IGN","fuente_de_captura":"IGN/RENPI"},"bbox":[-61.95657123,-33.78522363,-61.94152135,-33.77249352]},{"type":"Feature","id":"areas_de_fabricacion_y_procesamiento_AC070.328","geometry":{"type":"MultiPolygon","coordinates":[[[[-59.79234103,-37.69891054],[-59.78803693,-37.69538401],[-59.7864189,-37.69664512],[-59.790723,-37.70011217],[-59.79234103,-37.69891054]]]]},"geometry_name":"geom","properties":{"gid":328,"nombre_geografico":"Zona Industrial Planificada Benito Juárez","autoridad_de_fuente":"IGN","fuente_de_captura":"IGN/RENPI/Street View"},"bbox":[-59.79234103,-37.70011217,-59.7864189,-37.69538401]},{"type":"Feature","id":"areas_de_fabricacion_y_procesamiento_AC070.329","geometry":{"type":"MultiPolygon","coordinates":[[[[-68.67246356,-38.50279398],[-68.67245643,-38.5027226],[-68.67175686,-38.50276543],[-68.67179256,-38.5033936],[-68.67209951,-38.5033936],[-68.67251353,-38.50332936],[-68.67246356,-38.50279398]]]]},"geometry_name":"geom","properties":{"gid":329,"nombre_geografico":"Unidad Separadora Primaria Nº 5","autoridad_de_fuente":"IGN","fuente_de_captura":"Esri-World_Imagery/IGN04/Subsecretaría de Energía, Minería e Hidrocarburos Pcial."},"bbox":[-68.67251353,-38.5033936,-68.67175686,-38.5027226]},{"type":"Feature","id":"areas_de_fabricacion_y_procesamiento_AC070.330","geometry":{"type":"MultiPolygon","coordinates":[[[[-68.61892645,-38.50193842],[-68.61760347,-38.50193842],[-68.61760347,-38.50307104],[-68.61892645,-38.50305201],[-68.61892645,-38.50193842]]]]},"geometry_name":"geom","properties":{"gid":330,"nombre_geografico":null,"autoridad_de_fuente":"IGN","fuente_de_captura":"Esri-World_Imagery"},"bbox":[-68.61892645,-38.50307104,-68.61760347,-38.50193842]},{"type":"Feature","id":"areas_de_fabricacion_y_procesamiento_AC070.331","geometry":{"type":"MultiPolygon","coordinates":[[[[-68.62346199,-38.48440081],[-68.62268362,-38.48420208],[-68.6226505,-38.48420208],[-68.62251801,-38.484318],[-68.62238552,-38.48441737],[-68.62218679,-38.48458298],[-68.62200462,-38.48476515],[-68.62188869,-38.48488108],[-68.62172308,-38.48504669],[-68.62160715,-38.48527854],[-68.62149122,-38.48554352],[-68.62149122,-38.4858085],[-68.62342887,-38.48585818],[-68.62351167,-38.48565945],[-68.62351167,-38.48539447],[-68.62347855,-38.48514605],[-68.6233295,-38.48498044],[-68.62331294,-38.48474859],[-68.62346199,-38.48440081]]]]},"geometry_name":"geom","properties":{"gid":331,"nombre_geografico":"Unidad Separadora Primaria Nº 1","autoridad_de_fuente":"IGN","fuente_de_captura":"Esri-World_Imagery/IGN04/Subsecretaría de Energía, Minería e Hidrocarburos Pcial."},"bbox":[-68.62351167,-38.48585818,-68.62149122,-38.48420208]},{"type":"Feature","id":"areas_de_fabricacion_y_procesamiento_AC070.332","geometry":{"type":"MultiPolygon","coordinates":[[[[-68.69726978,-38.48441086],[-68.69803359,-38.48430379],[-68.6980499,-38.48430771],[-68.69841906,-38.48439659],[-68.69898299,-38.48431093],[-68.69892573,-38.48419066],[-68.69891161,-38.48416102],[-68.69893027,-38.48413614],[-68.69894376,-38.48411816],[-68.69897586,-38.48407536],[-68.69919715,-38.48401111],[-68.6991329,-38.48371844],[-68.6987545,-38.48274442],[-68.69874743,-38.48272621],[-68.697384,-38.48313309],[-68.69734536,-38.48317677],[-68.69733118,-38.48319279],[-68.69721981,-38.48331869],[-68.69723409,-38.48354712],[-68.69736258,-38.48400398],[-68.69718412,-38.48409677],[-68.69726978,-38.48441086]]]]},"geometry_name":"geom","properties":{"gid":332,"nombre_geografico":"Unidad Separadora Primaria Nº 9","autoridad_de_fuente":"IGN","fuente_de_captura":"Esri-World_Imagery/IGN04/Subsecretaría de Energía, Minería e Hidrocarburos Pcial."},"bbox":[-68.69919715,-38.48441086,-68.69718412,-38.48272621]},{"type":"Feature","id":"areas_de_fabricacion_y_procesamiento_AC070.333","geometry":{"type":"MultiPolygon","coordinates":[[[[-68.60650466,-38.47267219],[-68.6062097,-38.47206552],[-68.60601454,-38.4718336],[-68.60574956,-38.47125397],[-68.60536866,-38.47132021],[-68.6052459,-38.47105014],[-68.60520081,-38.47111374],[-68.60394446,-38.47147541],[-68.60425854,-38.47207504],[-68.60507708,-38.47193227],[-68.60555297,-38.47290309],[-68.60650466,-38.47267219]]]]},"geometry_name":"geom","properties":{"gid":333,"nombre_geografico":null,"autoridad_de_fuente":"IGN","fuente_de_captura":"Esri-World_Imagery"},"bbox":[-68.60650466,-38.47290309,-68.60394446,-38.47105014]},{"type":"Feature","id":"areas_de_fabricacion_y_procesamiento_AC070.334","geometry":{"type":"MultiPolygon","coordinates":[[[[-68.60278328,-38.47095193],[-68.60185053,-38.47117084],[-68.60232642,-38.47243672],[-68.60288797,-38.4723225],[-68.60262148,-38.47156107],[-68.60297364,-38.47142783],[-68.60278328,-38.47095193]]]]},"geometry_name":"geom","properties":{"gid":334,"nombre_geografico":null,"autoridad_de_fuente":"IGN","fuente_de_captura":"Esri-World_Imagery"},"bbox":[-68.60297364,-38.47243672,-68.60185053,-38.47095193]},{"type":"Feature","id":"areas_de_fabricacion_y_procesamiento_AC070.353","geometry":{"type":"MultiPolygon","coordinates":[[[[-68.62714697,-38.37209094],[-68.61674587,-38.3740249],[-68.61770473,-38.37847787],[-68.62779704,-38.37659267],[-68.62714697,-38.37209094]]]]},"geometry_name":"geom","properties":{"gid":353,"nombre_geografico":null,"autoridad_de_fuente":"IGN","fuente_de_captura":"Esri-World_Imagery"},"bbox":[-68.62779704,-38.37847787,-68.61674587,-38.37209094]},{"type":"Feature","id":"areas_de_fabricacion_y_procesamiento_AC070.335","geometry":{"type":"MultiPolygon","coordinates":[[[[-68.78738996,-38.44183784],[-68.78604107,-38.44172408],[-68.78600856,-38.44208161],[-68.78597606,-38.44240665],[-68.78607357,-38.44255291],[-68.78615483,-38.44268293],[-68.78613858,-38.44294296],[-68.78618733,-38.44312172],[-68.78708118,-38.44310547],[-68.78712993,-38.4429267],[-68.78717869,-38.44269918],[-68.78732495,-38.4424554],[-68.78742246,-38.44227663],[-68.78742246,-38.44203286],[-68.78738996,-38.44183784]]]]},"geometry_name":"geom","properties":{"gid":335,"nombre_geografico":"Unidad Separadora Primaria Nº 10","autoridad_de_fuente":"IGN","fuente_de_captura":"Esri-World_Imagery/IGN04/Subsecretaría de Energía, Minería e Hidrocarburos Pcial."},"bbox":[-68.78742246,-38.44312172,-68.78597606,-38.44172408]},{"type":"Feature","id":"areas_de_fabricacion_y_procesamiento_AC070.336","geometry":{"type":"MultiPolygon","coordinates":[[[[-68.68957559,-38.44835478],[-68.6868778,-38.4485823],[-68.68708908,-38.45009371],[-68.68973811,-38.44976868],[-68.68957559,-38.44835478]]]]},"geometry_name":"geom","properties":{"gid":336,"nombre_geografico":"Unidad Separadora Primaria Nº 7","autoridad_de_fuente":"IGN","fuente_de_captura":"Esri-World_Imagery/IGN04/Subsecretaría de Energía, Minería e Hidrocarburos Pcial."},"bbox":[-68.68973811,-38.45009371,-68.6868778,-38.44835478]},{"type":"Feature","id":"areas_de_fabricacion_y_procesamiento_AC070.337","geometry":{"type":"MultiPolygon","coordinates":[[[[-68.63625463,-38.45380289],[-68.63472701,-38.4550878],[-68.63555507,-38.4557017],[-68.63708982,-38.45441679],[-68.63625463,-38.45380289]]]]},"geometry_name":"geom","properties":{"gid":337,"nombre_geografico":"Unidad Separadora Primaria Nº 2","autoridad_de_fuente":"IGN","fuente_de_captura":"Esri-World_Imagery/IGN04/Subsecretaría de Energía, Minería e Hidrocarburos Pcial."},"bbox":[-68.63708982,-38.4557017,-68.63472701,-38.45380289]},{"type":"Feature","id":"areas_de_fabricacion_y_procesamiento_AC070.338","geometry":{"type":"MultiPolygon","coordinates":[[[[-68.50370364,-38.4523852],[-68.50025828,-38.45319779],[-68.50090835,-38.45505049],[-68.50438622,-38.45422165],[-68.50370364,-38.4523852]]]]},"geometry_name":"geom","properties":{"gid":338,"nombre_geografico":null,"autoridad_de_fuente":"IGN","fuente_de_captura":"Esri-World_Imagery"},"bbox":[-68.50438622,-38.45505049,-68.50025828,-38.4523852]},{"type":"Feature","id":"areas_de_fabricacion_y_procesamiento_AC070.339","geometry":{"type":"MultiPolygon","coordinates":[[[[-68.50305357,-38.45610685],[-68.50137965,-38.45742324],[-68.50222474,-38.45812206],[-68.50386616,-38.45675692],[-68.50305357,-38.45610685]]]]},"geometry_name":"geom","properties":{"gid":339,"nombre_geografico":null,"autoridad_de_fuente":"IGN","fuente_de_captura":"Esri-World_Imagery"},"bbox":[-68.50386616,-38.45812206,-68.50137965,-38.45610685]},{"type":"Feature","id":"areas_de_fabricacion_y_procesamiento_AC070.340","geometry":{"type":"MultiPolygon","coordinates":[[[[-68.7374977,-38.44033387],[-68.73569169,-38.44072648],[-68.73579163,-38.44134752],[-68.73642695,-38.44121903],[-68.73646264,-38.44134752],[-68.73701229,-38.44124044],[-68.73699088,-38.44106912],[-68.73761906,-38.4408978],[-68.7374977,-38.44033387]]]]},"geometry_name":"geom","properties":{"gid":340,"nombre_geografico":"Unidad Separadora Primaria Nº 12","autoridad_de_fuente":"IGN","fuente_de_captura":"Esri-World_Imagery/IGN04/Subsecretaría de Energía, Minería e Hidrocarburos Pcial."},"bbox":[-68.73761906,-38.44134752,-68.73569169,-38.44033387]},{"type":"Feature","id":"areas_de_fabricacion_y_procesamiento_AC070.341","geometry":{"type":"MultiPolygon","coordinates":[[[[-68.57646486,-38.44227588],[-68.5759123,-38.44235714],[-68.5759123,-38.44256841],[-68.57602606,-38.44303971],[-68.57659487,-38.44295845],[-68.57646486,-38.44227588]]]]},"geometry_name":"geom","properties":{"gid":341,"nombre_geografico":null,"autoridad_de_fuente":"IGN","fuente_de_captura":"Esri-World_Imagery"},"bbox":[-68.57659487,-38.44303971,-68.5759123,-38.44227588]},{"type":"Feature","id":"areas_de_fabricacion_y_procesamiento_AC070.342","geometry":{"type":"MultiPolygon","coordinates":[[[[-68.98664283,-38.41147037],[-68.98611015,-38.41163635],[-68.98546293,-38.41232845],[-68.98645163,-38.41288918],[-68.98740667,-38.41200667],[-68.98664283,-38.41147037]]]]},"geometry_name":"geom","properties":{"gid":342,"nombre_geografico":null,"autoridad_de_fuente":"IGN","fuente_de_captura":"Esri-World_Imagery"},"bbox":[-68.98740667,-38.41288918,-68.98546293,-38.41147037]},{"type":"Feature","id":"areas_de_fabricacion_y_procesamiento_AC070.343","geometry":{"type":"MultiPolygon","coordinates":[[[[-68.77039066,-38.41798731],[-68.76922054,-38.41758101],[-68.76857047,-38.41892991],[-68.7702769,-38.41946621],[-68.77094322,-38.41823108],[-68.77039066,-38.41798731]]]]},"geometry_name":"geom","properties":{"gid":343,"nombre_geografico":"Unidad Separadora Primaria Nº 6","autoridad_de_fuente":"IGN","fuente_de_captura":"Esri-World_Imagery/IGN04/Subsecretaría de Energía, Minería e Hidrocarburos Pcial."},"bbox":[-68.77094322,-38.41946621,-68.76857047,-38.41758101]},{"type":"Feature","id":"areas_de_fabricacion_y_procesamiento_AC070.344","geometry":{"type":"MultiPolygon","coordinates":[[[[-68.74363107,-38.41967749],[-68.74237969,-38.41940121],[-68.74096579,-38.41901117],[-68.73940563,-38.41948247],[-68.73934586,-38.41957809],[-68.73932437,-38.41961248],[-68.73933302,-38.41969038],[-68.73934062,-38.41975874],[-68.73953564,-38.41993751],[-68.73987693,-38.42023004],[-68.7400882,-38.42040881],[-68.7400882,-38.42068509],[-68.74003845,-38.42110524],[-68.74002319,-38.42131891],[-68.7405595,-38.42190397],[-68.74148585,-38.42211524],[-68.74184338,-38.42281407],[-68.74275348,-38.42253779],[-68.74252596,-38.42182271],[-68.74304601,-38.42156269],[-68.74353959,-38.42124809],[-68.74376109,-38.42018129],[-68.74478495,-38.42019754],[-68.74493121,-38.41943371],[-68.7438911,-38.41931995],[-68.74363107,-38.41967749]]]]},"geometry_name":"geom","properties":{"gid":344,"nombre_geografico":"Cabecera de Bombeo","autoridad_de_fuente":"IGN","fuente_de_captura":"Esri-World_Imagery/IGN04/Subsecretaría de Energía, Minería e Hidrocarburos Pcial."},"bbox":[-68.74493121,-38.42281407,-68.73932437,-38.41901117]},{"type":"Feature","id":"areas_de_fabricacion_y_procesamiento_AC070.345","geometry":{"type":"MultiPolygon","coordinates":[[[[-68.71270755,-38.42312285],[-68.71095236,-38.42374042],[-68.71171619,-38.42492679],[-68.71335762,-38.42427672],[-68.71270755,-38.42312285]]]]},"geometry_name":"geom","properties":{"gid":345,"nombre_geografico":null,"autoridad_de_fuente":"IGN","fuente_de_captura":"Esri-World_Imagery"},"bbox":[-68.71335762,-38.42492679,-68.71095236,-38.42312285]},{"type":"Feature","id":"areas_de_fabricacion_y_procesamiento_AC070.346","geometry":{"type":"MultiPolygon","coordinates":[[[[-68.72535139,-38.42148143],[-68.72478258,-38.42133516],[-68.72434378,-38.42161144],[-68.72396999,-38.42247278],[-68.72497047,-38.42267847],[-68.72535139,-38.42148143]]]]},"geometry_name":"geom","properties":{"gid":346,"nombre_geografico":null,"autoridad_de_fuente":"IGN","fuente_de_captura":"Esri-World_Imagery"},"bbox":[-68.72535139,-38.42267847,-68.72396999,-38.42133516]},{"type":"Feature","id":"areas_de_fabricacion_y_procesamiento_AC070.347","geometry":{"type":"MultiPolygon","coordinates":[[[[-68.63569874,-38.41693468],[-68.63653002,-38.41652122],[-68.63645384,-38.41645241],[-68.63626944,-38.41628587],[-68.63637381,-38.41620259],[-68.63659795,-38.41602374],[-68.63642571,-38.41588018],[-68.6362125,-38.41570246],[-68.63560599,-38.41519691],[-68.63471616,-38.41574903],[-68.63508533,-38.41607625],[-68.63512235,-38.4163901],[-68.63512718,-38.41643105],[-68.63569874,-38.41693468]]]]},"geometry_name":"geom","properties":{"gid":347,"nombre_geografico":null,"autoridad_de_fuente":"IGN","fuente_de_captura":"Esri-World_Imagery"},"bbox":[-68.63659795,-38.41693468,-68.63471616,-38.41519691]},{"type":"Feature","id":"areas_de_fabricacion_y_procesamiento_AC070.348","geometry":{"type":"MultiPolygon","coordinates":[[[[-68.6315439,-38.41760398],[-68.6329457,-38.41818219],[-68.63321516,-38.41782088],[-68.63352057,-38.41781611],[-68.63406167,-38.41800068],[-68.63445339,-38.41739571],[-68.63429368,-38.41734373],[-68.63455728,-38.41697844],[-68.63344019,-38.41645439],[-68.6315439,-38.41760398]]]]},"geometry_name":"geom","properties":{"gid":348,"nombre_geografico":"Unidad Separadora Primaria N° 4","autoridad_de_fuente":"IGN","fuente_de_captura":"Esri-World_Imagery/IGN04/Subsecretaría de Energía, Minería e Hidrocarburos Pcial."},"bbox":[-68.63455728,-38.41818219,-68.6315439,-38.41645439]},{"type":"Feature","id":"areas_de_fabricacion_y_procesamiento_AC070.349","geometry":{"type":"MultiPolygon","coordinates":[[[[-68.71586038,-38.41311954],[-68.71395893,-38.41324955],[-68.71412145,-38.41477721],[-68.71612041,-38.41446843],[-68.71586038,-38.41311954]]]]},"geometry_name":"geom","properties":{"gid":349,"nombre_geografico":null,"autoridad_de_fuente":"IGN","fuente_de_captura":"Esri-World_Imagery"},"bbox":[-68.71612041,-38.41477721,-68.71395893,-38.41311954]},{"type":"Feature","id":"areas_de_fabricacion_y_procesamiento_AC070.350","geometry":{"type":"MultiPolygon","coordinates":[[[[-68.71395768,-38.40987976],[-68.71369435,-38.40833389],[-68.71355363,-38.4075078],[-68.71019712,-38.4081555],[-68.71036673,-38.40937629],[-68.70988104,-38.40962679],[-68.71028666,-38.41243465],[-68.71338941,-38.41227445],[-68.71322405,-38.409963],[-68.71395768,-38.40987976]]]]},"geometry_name":"geom","properties":{"gid":350,"nombre_geografico":"Planta de Tratamiento de Gas LTS 1","autoridad_de_fuente":"IGN","fuente_de_captura":"Esri-World_Imagery/IGN04/Subsecretaría de Energía, Minería e Hidrocarburos Pcial."},"bbox":[-68.71395768,-38.41243465,-68.70988104,-38.4075078]},{"type":"Feature","id":"areas_de_fabricacion_y_procesamiento_AC070.351","geometry":{"type":"MultiPolygon","coordinates":[[[[-68.53392485,-38.39832197],[-68.53301475,-38.39765565],[-68.53130832,-38.3990208],[-68.53226717,-38.39968712],[-68.53392485,-38.39832197]]]]},"geometry_name":"geom","properties":{"gid":351,"nombre_geografico":null,"autoridad_de_fuente":"IGN","fuente_de_captura":"Esri-World_Imagery"},"bbox":[-68.53392485,-38.39968712,-68.53130832,-38.39765565]},{"type":"Feature","id":"areas_de_fabricacion_y_procesamiento_AC070.352","geometry":{"type":"MultiPolygon","coordinates":[[[[-68.97902234,-38.36998599],[-68.97993794,-38.36982979],[-68.97998634,-38.36998616],[-68.98029639,-38.36991376],[-68.98020935,-38.3693455],[-68.98028689,-38.36921966],[-68.98039351,-38.3690595],[-68.98032088,-38.36894127],[-68.98008838,-38.36886114],[-68.98003286,-38.36873798],[-68.98001767,-38.36874086],[-68.97879207,-38.36897371],[-68.97878505,-38.36897504],[-68.97902234,-38.36998599]]]]},"geometry_name":"geom","properties":{"gid":352,"nombre_geografico":null,"autoridad_de_fuente":"IGN","fuente_de_captura":"Esri-World_Imagery"},"bbox":[-68.98039351,-38.36998616,-68.97878505,-38.36873798]},{"type":"Feature","id":"areas_de_fabricacion_y_procesamiento_AC070.355","geometry":{"type":"MultiPolygon","coordinates":[[[[-68.74682805,-38.3611101],[-68.74623794,-38.35965387],[-68.74385848,-38.36001555],[-68.74361101,-38.36062469],[-68.74433428,-38.36181751],[-68.74437337,-38.36188196],[-68.74477515,-38.36178026],[-68.74520237,-38.36167211],[-68.74542892,-38.36194767],[-68.74627601,-38.36175731],[-68.74621355,-38.36130819],[-68.74682805,-38.3611101]]]]},"geometry_name":"geom","properties":{"gid":355,"nombre_geografico":"Unidad Separadora Primaria Nº 14","autoridad_de_fuente":"IGN","fuente_de_captura":"Esri-World_Imagery/IGN04/Subsecretaría de Energía, Minería e Hidrocarburos Pcial."},"bbox":[-68.74682805,-38.36194767,-68.74361101,-38.35965387]},{"type":"Feature","id":"areas_de_fabricacion_y_procesamiento_AC070.356","geometry":{"type":"MultiPolygon","coordinates":[[[[-68.7155841,-38.35851225],[-68.71540533,-38.35427055],[-68.71321135,-38.35427055],[-68.71288632,-38.35358798],[-68.7108711,-38.35366924],[-68.71085485,-38.3585285],[-68.71321948,-38.3585204],[-68.71326727,-38.36118112],[-68.71601579,-38.36118781],[-68.71599804,-38.35939409],[-68.7173109,-38.35926079],[-68.71731424,-38.35840295],[-68.7155841,-38.35851225]]]]},"geometry_name":"geom","properties":{"gid":356,"nombre_geografico":null,"autoridad_de_fuente":"IGN","fuente_de_captura":"Esri-World_Imagery"},"bbox":[-68.71731424,-38.36118781,-68.71085485,-38.35358798]},{"type":"Feature","id":"areas_de_fabricacion_y_procesamiento_AC070.357","geometry":{"type":"MultiPolygon","coordinates":[[[[-68.70369134,-38.36003991],[-68.69719065,-38.35587947],[-68.69642857,-38.35545693],[-68.68885352,-38.35724462],[-68.69610179,-38.36187636],[-68.70364259,-38.36012117],[-68.70369134,-38.36003991]]]]},"geometry_name":"geom","properties":{"gid":357,"nombre_geografico":null,"autoridad_de_fuente":"IGN","fuente_de_captura":"Esri-World_Imagery"},"bbox":[-68.70369134,-38.36187636,-68.68885352,-38.35545693]},{"type":"Feature","id":"areas_de_fabricacion_y_procesamiento_AC070.358","geometry":{"type":"MultiPolygon","coordinates":[[[[-68.61746095,-38.3528079],[-68.61637208,-38.35279165],[-68.61638834,-38.35363674],[-68.6174772,-38.35365299],[-68.61746095,-38.3528079]]]]},"geometry_name":"geom","properties":{"gid":358,"nombre_geografico":null,"autoridad_de_fuente":"IGN","fuente_de_captura":"Esri-World_Imagery"},"bbox":[-68.6174772,-38.35365299,-68.61637208,-38.35279165]},{"type":"Feature","id":"areas_de_fabricacion_y_procesamiento_AC070.359","geometry":{"type":"MultiPolygon","coordinates":[[[[-68.90369529,-38.34564864],[-68.90229764,-38.34490106],[-68.90213513,-38.34494982],[-68.90124128,-38.34592492],[-68.90130629,-38.34600618],[-68.90260643,-38.346705],[-68.90280145,-38.3466725],[-68.90369529,-38.34564864]]]]},"geometry_name":"geom","properties":{"gid":359,"nombre_geografico":null,"autoridad_de_fuente":"IGN","fuente_de_captura":"Esri-World_Imagery"},"bbox":[-68.90369529,-38.346705,-68.90124128,-38.34490106]},{"type":"Feature","id":"areas_de_fabricacion_y_procesamiento_AC070.360","geometry":{"type":"MultiPolygon","coordinates":[[[[-68.97476632,-38.35728487],[-68.97527013,-38.3566673],[-68.97346619,-38.35557844],[-68.97281612,-38.35617975],[-68.97476632,-38.35728487]]]]},"geometry_name":"geom","properties":{"gid":360,"nombre_geografico":null,"autoridad_de_fuente":"IGN","fuente_de_captura":"Esri-World_Imagery"},"bbox":[-68.97527013,-38.35728487,-68.97281612,-38.35557844]},{"type":"Feature","id":"areas_de_fabricacion_y_procesamiento_AC070.361","geometry":{"type":"MultiPolygon","coordinates":[[[[-68.74317603,-38.35284815],[-68.74324103,-38.35361198],[-68.74429739,-38.35361198],[-68.7443299,-38.3528319],[-68.74317603,-38.35284815]]]]},"geometry_name":"geom","properties":{"gid":361,"nombre_geografico":null,"autoridad_de_fuente":"IGN","fuente_de_captura":"Esri-World_Imagery"},"bbox":[-68.7443299,-38.35361198,-68.74317603,-38.3528319]},{"type":"Feature","id":"areas_de_fabricacion_y_procesamiento_AC070.362","geometry":{"type":"MultiPolygon","coordinates":[[[[-68.63793279,-38.34749475],[-68.63748553,-38.34726636],[-68.63625297,-38.3483828],[-68.63552395,-38.34806713],[-68.63499526,-38.34847546],[-68.63738011,-38.34973184],[-68.63877971,-38.34836268],[-68.63772199,-38.34773964],[-68.63793279,-38.34749475]]]]},"geometry_name":"geom","properties":{"gid":362,"nombre_geografico":null,"autoridad_de_fuente":"IGN","fuente_de_captura":"Esri-World_Imagery"},"bbox":[-68.63877971,-38.34973184,-68.63499526,-38.34726636]},{"type":"Feature","id":"areas_de_fabricacion_y_procesamiento_AC070.363","geometry":{"type":"MultiPolygon","coordinates":[[[[-68.73217405,-38.33935418],[-68.73084274,-38.3380063],[-68.73240523,-38.33705486],[-68.73265161,-38.33734777],[-68.73394001,-38.33690243],[-68.73416058,-38.33748763],[-68.7346562,-38.33729385],[-68.73426161,-38.33590616],[-68.7346983,-38.33565545],[-68.73366899,-38.33510394],[-68.72857973,-38.33500838],[-68.72544437,-38.33675667],[-68.71674663,-38.33508717],[-68.71608007,-38.33467368],[-68.71358169,-38.3346676],[-68.71355853,-38.33904885],[-68.71920946,-38.34261347],[-68.72102036,-38.34183624],[-68.72171686,-38.34204384],[-68.72331782,-38.34125819],[-68.72437015,-38.34046617],[-68.72738542,-38.34271496],[-68.73217405,-38.33935418]]]]},"geometry_name":"geom","properties":{"gid":363,"nombre_geografico":null,"autoridad_de_fuente":"IGN","fuente_de_captura":"Esri-World_Imagery"},"bbox":[-68.7346983,-38.34271496,-68.71355853,-38.3346676]},{"type":"Feature","id":"areas_de_fabricacion_y_procesamiento_AC070.364","geometry":{"type":"MultiPolygon","coordinates":[[[[-68.44553375,-38.50615783],[-68.44497323,-38.50574227],[-68.44441384,-38.50620352],[-68.44503391,-38.50659053],[-68.44553375,-38.50615783]]]]},"geometry_name":"geom","properties":{"gid":364,"nombre_geografico":"Planta de Captación de Agua","autoridad_de_fuente":"IGN","fuente_de_captura":"Esri-world_imagery/Secretaría de Energía de la Nación"},"bbox":[-68.44553375,-38.50659053,-68.44441384,-38.50574227]},{"type":"Feature","id":"areas_de_fabricacion_y_procesamiento_AC070.365","geometry":{"type":"MultiPolygon","coordinates":[[[[-68.49841132,-38.46000224],[-68.49936311,-38.46064469],[-68.5,-38.4600339],[-68.5,-38.45868163],[-68.49993418,-38.45864594],[-68.49841132,-38.46000224]]]]},"geometry_name":"geom","properties":{"gid":365,"nombre_geografico":null,"autoridad_de_fuente":"IGN","fuente_de_captura":"Esri-world_imagery"},"bbox":[-68.5,-38.46064469,-68.49841132,-38.45864594]},{"type":"Feature","id":"areas_de_fabricacion_y_procesamiento_AC070.367","geometry":{"type":"MultiPolygon","coordinates":[[[[-69.0159896,-38.74542599],[-69.0157903,-38.74491961],[-69.01484973,-38.74512096],[-69.01497681,-38.74562572],[-69.0159896,-38.74542599]]]]},"geometry_name":"geom","properties":{"gid":367,"nombre_geografico":null,"autoridad_de_fuente":"IGN","fuente_de_captura":"Esri-World_Imagery"},"bbox":[-69.0159896,-38.74562572,-69.01484973,-38.74491961]},{"type":"Feature","id":"areas_de_fabricacion_y_procesamiento_AC070.368","geometry":{"type":"MultiPolygon","coordinates":[[[[-69.14556522,-38.857914],[-69.14605896,-38.85775339],[-69.14579127,-38.85714662],[-69.14693341,-38.85656366],[-69.14598162,-38.85508839],[-69.14435169,-38.85589146],[-69.14556522,-38.857914]]]]},"geometry_name":"geom","properties":{"gid":368,"nombre_geografico":null,"autoridad_de_fuente":"IGN","fuente_de_captura":"Esri-World_Imagery"},"bbox":[-69.14693341,-38.857914,-69.14435169,-38.85508839]},{"type":"Feature","id":"areas_de_fabricacion_y_procesamiento_AC070.369","geometry":{"type":"MultiPolygon","coordinates":[[[[-69.28039616,-38.91884951],[-69.28023474,-38.91890546],[-69.2800915,-38.91895511],[-69.27980811,-38.91904159],[-69.27965258,-38.91905626],[-69.27936874,-38.91902834],[-69.27917643,-38.9190002],[-69.27904829,-38.9190005],[-69.2789568,-38.91900787],[-69.27872846,-38.91912997],[-69.27843648,-38.91935946],[-69.27825402,-38.91951005],[-69.27811712,-38.91961048],[-69.27793424,-38.91965381],[-69.27812936,-38.91998915],[-69.27832449,-38.9203245],[-69.27851961,-38.92065984],[-69.27852011,-38.92066138],[-69.27863202,-38.92100199],[-69.27860393,-38.92136103],[-69.2785547,-38.92148521],[-69.27853543,-38.92153382],[-69.27898138,-38.92158858],[-69.27942734,-38.92164334],[-69.27987329,-38.9216981],[-69.28031925,-38.92175285],[-69.2807652,-38.92180761],[-69.28121116,-38.92186237],[-69.28165711,-38.92191713],[-69.28210307,-38.92197189],[-69.28238276,-38.92200623],[-69.28254902,-38.92202665],[-69.2828845,-38.92205687],[-69.28291154,-38.92204806],[-69.28329093,-38.92189369],[-69.2834456,-38.92114416],[-69.28351698,-38.92042437],[-69.28345985,-38.92025943],[-69.28328173,-38.91974517],[-69.28314816,-38.91935956],[-69.28264253,-38.91862788],[-69.28228191,-38.91805921],[-69.28219321,-38.91810634],[-69.2817973,-38.91828367],[-69.2814014,-38.91846099],[-69.2810055,-38.91863831],[-69.28070083,-38.91874391],[-69.28039616,-38.91884951]]]]},"geometry_name":"geom","properties":{"gid":369,"nombre_geografico":"Planta de Tratamiento de Gas Loma Negra","autoridad_de_fuente":"IGN","fuente_de_captura":"IGN01"},"bbox":[-69.28351698,-38.92205687,-69.27793424,-38.91805921]},{"type":"Feature","id":"areas_de_fabricacion_y_procesamiento_AC070.372","geometry":{"type":"MultiPolygon","coordinates":[[[[-60.2755574,-36.90055988],[-60.2774418,-36.90207829],[-60.27763453,-36.90216395],[-60.27989978,-36.90394379],[-60.28576515,-36.89911943],[-60.28138932,-36.89563927],[-60.28113473,-36.89584657],[-60.2755574,-36.90055988]]]]},"geometry_name":"geom","properties":{"gid":372,"nombre_geografico":"Parque Industrial de Olavarría","autoridad_de_fuente":"IGN","fuente_de_captura":"GEOBASIG/RENPI"},"bbox":[-60.28576515,-36.90394379,-60.2755574,-36.89563927]},{"type":"Feature","id":"areas_de_fabricacion_y_procesamiento_AC070.391","geometry":{"type":"MultiPolygon","coordinates":[[[[-69.1618315,-38.38745499],[-69.15908322,-38.38756207],[-69.15901183,-38.38934666],[-69.15737001,-38.38927528],[-69.15554972,-38.39073865],[-69.15312267,-38.39098849],[-69.1529799,-38.39462906],[-69.16404439,-38.39577121],[-69.16775635,-38.39594967],[-69.1675422,-38.39302293],[-69.16504377,-38.39038173],[-69.16379455,-38.3891682],[-69.16393732,-38.3878476],[-69.16279518,-38.38749068],[-69.1618315,-38.38745499]]]]},"geometry_name":"geom","properties":{"gid":391,"nombre_geografico":null,"autoridad_de_fuente":"IGN","fuente_de_captura":"Esri-World_Imagery"},"bbox":[-69.16775635,-38.39594967,-69.1529799,-38.38745499]},{"type":"Feature","id":"areas_de_fabricacion_y_procesamiento_AC070.373","geometry":{"type":"MultiPolygon","coordinates":[[[[-58.7363899,-34.61618217],[-58.73627925,-34.616225],[-58.73606867,-34.61623214],[-58.73594375,-34.61619645],[-58.73585095,-34.61611079],[-58.73576529,-34.61597159],[-58.73568677,-34.61577528],[-58.73559397,-34.61560753],[-58.73536554,-34.61532199],[-58.73508714,-34.61500077],[-58.73488727,-34.61475806],[-58.73466598,-34.6146724],[-58.73430192,-34.614626],[-58.73392359,-34.61460102],[-58.73348101,-34.61458317],[-58.7316393,-34.61597516],[-58.73190342,-34.61619645],[-58.73155364,-34.616457],[-58.73256373,-34.61738142],[-58.73456247,-34.61921598],[-58.73464456,-34.61919457],[-58.7373857,-34.61709588],[-58.7363899,-34.61618217]]]]},"geometry_name":"geom","properties":{"gid":373,"nombre_geografico":"Parque Industrial Buen Ayre 2","autoridad_de_fuente":"IGN","fuente_de_captura":"IGN/Open Street View"},"bbox":[-58.7373857,-34.61921598,-58.73155364,-34.61458317]},{"type":"Feature","id":"areas_de_fabricacion_y_procesamiento_AC070.374","geometry":{"type":"MultiPolygon","coordinates":[[[[-58.60946762,-34.63794695],[-58.60880563,-34.6392254],[-58.60823575,-34.64016767],[-58.60828334,-34.64021228],[-58.60782827,-34.6406049],[-58.60726909,-34.64109863],[-58.60639583,-34.64150909],[-58.60485096,-34.64208076],[-58.60493663,-34.64226635],[-58.60349467,-34.64363692],[-58.60464395,-34.64349416],[-58.60499373,-34.6434085],[-58.60579323,-34.64327287],[-58.60629292,-34.64317293],[-58.60689254,-34.64303016],[-58.61000488,-34.64277318],[-58.61146825,-34.64263041],[-58.61162428,-34.64282828],[-58.61388518,-34.64088156],[-58.60973465,-34.63789665],[-58.60970566,-34.63794347],[-58.60946762,-34.63794695]]]]},"geometry_name":"geom","properties":{"gid":374,"nombre_geografico":"Parque Industrial La Cantábrica","autoridad_de_fuente":"IGN","fuente_de_captura":"GEOBASIG/RENPI"},"bbox":[-58.61388518,-34.64363692,-58.60349467,-34.63789665]},{"type":"Feature","id":"areas_de_fabricacion_y_procesamiento_AC070.375","geometry":{"type":"MultiPolygon","coordinates":[[[[-58.17592413,-34.87384471],[-58.17121472,-34.8696992],[-58.17089061,-34.86991883],[-58.17075379,-34.87001104],[-58.17053667,-34.87016273],[-58.1700578,-34.87053452],[-58.16960868,-34.87089441],[-58.16881453,-34.87149225],[-58.16763372,-34.87241132],[-58.16717865,-34.87279203],[-58.16731547,-34.87291101],[-58.16758911,-34.873143],[-58.1679609,-34.8734672],[-58.16843977,-34.87389551],[-58.16886807,-34.8742435],[-58.16898407,-34.87422268],[-58.1690733,-34.87422268],[-58.16912684,-34.8742673],[-58.16909412,-34.87445171],[-58.16969791,-34.87493057],[-58.16992098,-34.87511796],[-58.17083707,-34.8758199],[-58.17100958,-34.87597456],[-58.17175531,-34.87660393],[-58.17240014,-34.87714883],[-58.17264047,-34.87735584],[-58.17280703,-34.87731301],[-58.17318536,-34.87722973],[-58.17401818,-34.87703223],[-58.17419901,-34.87699178],[-58.17445838,-34.87693467],[-58.17464873,-34.87688708],[-58.17493665,-34.8762018],[-58.17489858,-34.8761328],[-58.17494141,-34.87600668],[-58.17500327,-34.87597575],[-58.17509607,-34.87578539],[-58.17501636,-34.87568248],[-58.17486169,-34.87561705],[-58.17467729,-34.87555756],[-58.17473201,-34.87540944],[-58.17506395,-34.87549807],[-58.17523051,-34.87543264],[-58.17534948,-34.8751709],[-58.1754982,-34.87480208],[-58.17572188,-34.87426825],[-58.17592413,-34.87384471]]]]},"geometry_name":"geom","properties":{"gid":375,"nombre_geografico":"Parque Industrial PIBERA","autoridad_de_fuente":"IGN","fuente_de_captura":"IGN/RENPI"},"bbox":[-58.17592413,-34.87735584,-58.16717865,-34.8696992]},{"type":"Feature","id":"areas_de_fabricacion_y_procesamiento_AC070.376","geometry":{"type":"MultiPolygon","coordinates":[[[[-68.73753333,-38.34256293],[-68.73509295,-38.34251168],[-68.73514131,-38.3457543],[-68.73800746,-38.34537088],[-68.73753333,-38.34256293]]]]},"geometry_name":"geom","properties":{"gid":376,"nombre_geografico":null,"autoridad_de_fuente":"IGN","fuente_de_captura":"Esri-World_Imagery"},"bbox":[-68.73800746,-38.3457543,-68.73509295,-38.34251168]},{"type":"Feature","id":"areas_de_fabricacion_y_procesamiento_AC070.377","geometry":{"type":"MultiPolygon","coordinates":[[[[-69.50739821,-38.27268708],[-69.50468562,-38.27265139],[-69.50461424,-38.27378639],[-69.50739821,-38.2737507],[-69.50739821,-38.27268708]]]]},"geometry_name":"geom","properties":{"gid":377,"nombre_geografico":"Puente de Medición de Gas Aguada de Castro","autoridad_de_fuente":"IGN","fuente_de_captura":"ESRI-World_Imagery 2010/Visualizador de la Secretaría de Energía de la Nación"},"bbox":[-69.50739821,-38.27378639,-69.50461424,-38.27265139]},{"type":"Feature","id":"areas_de_fabricacion_y_procesamiento_AC070.403","geometry":{"type":"MultiPolygon","coordinates":[[[[-69.10313397,-38.55719004],[-69.10134938,-38.5573685],[-69.10140886,-38.55915309],[-69.10355038,-38.55909361],[-69.10313397,-38.55719004]]]]},"geometry_name":"geom","properties":{"gid":403,"nombre_geografico":null,"autoridad_de_fuente":"IGN","fuente_de_captura":"Esri-World_Imagery"},"bbox":[-69.10355038,-38.55915309,-69.10134938,-38.55719004]},{"type":"Feature","id":"areas_de_fabricacion_y_procesamiento_AC070.378","geometry":{"type":"MultiPolygon","coordinates":[[[[-69.01469214,-38.12493057],[-69.01476353,-38.12364566],[-69.01437092,-38.12328874],[-69.01404969,-38.12314597],[-69.01390692,-38.12175398],[-69.01387123,-38.12100445],[-69.01355,-38.12086169],[-69.01201525,-38.12075461],[-69.01183679,-38.12107584],[-69.01162264,-38.12153983],[-69.01140849,-38.12200383],[-69.01155125,-38.12246782],[-69.01208663,-38.12271767],[-69.01233648,-38.12307459],[-69.01251494,-38.12339581],[-69.01297893,-38.1238955],[-69.01319308,-38.12418104],[-69.01326447,-38.12450226],[-69.01330016,-38.12496626],[-69.01469214,-38.12493057]]]]},"geometry_name":"geom","properties":{"gid":378,"nombre_geografico":null,"autoridad_de_fuente":"IGN","fuente_de_captura":"ESRI-World_Imagery"},"bbox":[-69.01476353,-38.12496626,-69.01140849,-38.12075461]},{"type":"Feature","id":"areas_de_fabricacion_y_procesamiento_AC070.381","geometry":{"type":"MultiPolygon","coordinates":[[[[-69.02596107,-38.23131349],[-69.02346264,-38.2312659],[-69.02326038,-38.23139677],[-69.02304623,-38.23182507],[-69.02307003,-38.23190836],[-69.02331987,-38.23197974],[-69.02339125,-38.23228907],[-69.02358161,-38.23249132],[-69.02395043,-38.23247943],[-69.02590158,-38.23247943],[-69.02596107,-38.23131349]]]]},"geometry_name":"geom","properties":{"gid":381,"nombre_geografico":null,"autoridad_de_fuente":"IGN","fuente_de_captura":"ESRI-World_Imagery"},"bbox":[-69.02596107,-38.23249132,-69.02304623,-38.2312659]},{"type":"Feature","id":"areas_de_fabricacion_y_procesamiento_AC070.382","geometry":{"type":"MultiPolygon","coordinates":[[[[-69.02212122,-38.23191252],[-69.02293975,-38.23107495],[-69.021474,-38.23037063],[-69.02057933,-38.23141759],[-69.02172147,-38.23208384],[-69.02212122,-38.23191252]]]]},"geometry_name":"geom","properties":{"gid":382,"nombre_geografico":null,"autoridad_de_fuente":"IGN","fuente_de_captura":"ESRI-World_Imagery"},"bbox":[-69.02293975,-38.23208384,-69.02057933,-38.23037063]},{"type":"Feature","id":"areas_de_fabricacion_y_procesamiento_AC070.383","geometry":{"type":"MultiPolygon","coordinates":[[[[-69.44093366,-38.53153863],[-69.4409527,-38.53304245],[-69.44245652,-38.53319473],[-69.44238037,-38.53268077],[-69.44405552,-38.53268077],[-69.44403648,-38.53153863],[-69.44266591,-38.53148152],[-69.44093366,-38.53153863]]]]},"geometry_name":"geom","properties":{"gid":383,"nombre_geografico":null,"autoridad_de_fuente":"IGN","fuente_de_captura":"Esri-World_Imagery"},"bbox":[-69.44405552,-38.53319473,-69.44093366,-38.53148152]},{"type":"Feature","id":"areas_de_fabricacion_y_procesamiento_AC070.384","geometry":{"type":"MultiPolygon","coordinates":[[[[-69.43280007,-38.56334131],[-69.43207433,-38.56317475],[-69.43182449,-38.56374582],[-69.43149137,-38.56436448],[-69.43195536,-38.56466191],[-69.43282386,-38.56425741],[-69.43280007,-38.56334131]]]]},"geometry_name":"geom","properties":{"gid":384,"nombre_geografico":null,"autoridad_de_fuente":"IGN","fuente_de_captura":"Esri-World_Imagery"},"bbox":[-69.43282386,-38.56466191,-69.43149137,-38.56317475]},{"type":"Feature","id":"areas_de_fabricacion_y_procesamiento_AC070.386","geometry":{"type":"MultiPolygon","coordinates":[[[[-69.33603968,-38.56481935],[-69.33866661,-38.5648955],[-69.33870468,-38.56394371],[-69.34014386,-38.56388561],[-69.34063462,-38.56400459],[-69.34121739,-38.56417214],[-69.34156003,-38.56415311],[-69.34192171,-38.56384853],[-69.34243568,-38.56354396],[-69.3429306,-38.56318229],[-69.34296867,-38.56266832],[-69.34209303,-38.56268736],[-69.34085571,-38.56268736],[-69.34079861,-38.56006043],[-69.33731508,-38.5600985],[-69.33725797,-38.56139293],[-69.33584933,-38.56139293],[-69.33603968,-38.56481935]]]]},"geometry_name":"geom","properties":{"gid":386,"nombre_geografico":null,"autoridad_de_fuente":"IGN","fuente_de_captura":"Esri-World_Imagery"},"bbox":[-69.34296867,-38.5648955,-69.33584933,-38.56006043]},{"type":"Feature","id":"areas_de_fabricacion_y_procesamiento_AC070.387","geometry":{"type":"MultiPolygon","coordinates":[[[[-69.23734787,-38.53742581],[-69.23541456,-38.53736632],[-69.23538482,-38.53852631],[-69.23719915,-38.53861554],[-69.23734787,-38.53742581]]]]},"geometry_name":"geom","properties":{"gid":387,"nombre_geografico":null,"autoridad_de_fuente":"IGN","fuente_de_captura":"Esri-World_Imagery"},"bbox":[-69.23734787,-38.53861554,-69.23538482,-38.53736632]},{"type":"Feature","id":"areas_de_fabricacion_y_procesamiento_AC070.388","geometry":{"type":"MultiPolygon","coordinates":[[[[-69.23556328,-38.54483188],[-69.23371919,-38.5447724],[-69.23365971,-38.54575392],[-69.23556328,-38.54572418],[-69.23556328,-38.54483188]]]]},"geometry_name":"geom","properties":{"gid":388,"nombre_geografico":null,"autoridad_de_fuente":"IGN","fuente_de_captura":"Esri-World_Imagery"},"bbox":[-69.23556328,-38.54575392,-69.23365971,-38.5447724]},{"type":"Feature","id":"areas_de_fabricacion_y_procesamiento_AC070.394","geometry":{"type":"MultiPolygon","coordinates":[[[[-69.22395446,-38.39807928],[-69.22189147,-38.39801504],[-69.2202782,-38.39795793],[-69.22012829,-38.3991429],[-69.22015684,-38.39964259],[-69.22043524,-38.3996069],[-69.22069222,-38.39955693],[-69.22085641,-38.39949982],[-69.22101345,-38.39934991],[-69.22136323,-38.39924284],[-69.22397588,-38.39905724],[-69.22395446,-38.39807928]]]]},"geometry_name":"geom","properties":{"gid":394,"nombre_geografico":null,"autoridad_de_fuente":"IGN","fuente_de_captura":"Esri-World_Imagery"},"bbox":[-69.22397588,-38.39964259,-69.22012829,-38.39795793]},{"type":"Feature","id":"areas_de_fabricacion_y_procesamiento_AC070.395","geometry":{"type":"MultiPolygon","coordinates":[[[[-69.21108396,-38.39767953],[-69.21018452,-38.39722268],[-69.20971339,-38.39722982],[-69.20896386,-38.39749394],[-69.20922798,-38.39912149],[-69.21099116,-38.39900727],[-69.21108396,-38.39767953]]]]},"geometry_name":"geom","properties":{"gid":395,"nombre_geografico":null,"autoridad_de_fuente":"IGN","fuente_de_captura":"Esri-World_Imagery"},"bbox":[-69.21108396,-38.39912149,-69.20896386,-38.39722268]},{"type":"Feature","id":"areas_de_fabricacion_y_procesamiento_AC070.396","geometry":{"type":"MultiPolygon","coordinates":[[[[-69.19581496,-38.39865035],[-69.19396612,-38.39865035],[-69.19398039,-38.40001378],[-69.19579354,-38.39997095],[-69.19581496,-38.39865035]]]]},"geometry_name":"geom","properties":{"gid":396,"nombre_geografico":null,"autoridad_de_fuente":"IGN","fuente_de_captura":"Esri-World_Imagery"},"bbox":[-69.19581496,-38.40001378,-69.19396612,-38.39865035]},{"type":"Feature","id":"areas_de_fabricacion_y_procesamiento_AC070.397","geometry":{"type":"MultiPolygon","coordinates":[[[[-69.18806981,-38.3974868],[-69.18735597,-38.39697997],[-69.18665641,-38.39700853],[-69.18629236,-38.39750107],[-69.18627094,-38.39896444],[-69.18812692,-38.39897872],[-69.18806981,-38.3974868]]]]},"geometry_name":"geom","properties":{"gid":397,"nombre_geografico":null,"autoridad_de_fuente":"IGN","fuente_de_captura":"Esri-World_Imagery"},"bbox":[-69.18812692,-38.39897872,-69.18627094,-38.39697997]},{"type":"Feature","id":"areas_de_fabricacion_y_procesamiento_AC070.398","geometry":{"type":"MultiPolygon","coordinates":[[[[-69.17191922,-38.39984683],[-69.17012273,-38.39985872],[-69.17009893,-38.40139348],[-69.17182404,-38.40150055],[-69.17191922,-38.39984683]]]]},"geometry_name":"geom","properties":{"gid":398,"nombre_geografico":null,"autoridad_de_fuente":"IGN","fuente_de_captura":"Esri-World_Imagery"},"bbox":[-69.17191922,-38.40150055,-69.17009893,-38.39984683]},{"type":"Feature","id":"areas_de_fabricacion_y_procesamiento_AC070.399","geometry":{"type":"MultiPolygon","coordinates":[[[[-69.16368629,-38.39928765],[-69.16343644,-38.3990973],[-69.16303193,-38.39903781],[-69.16265122,-38.3986571],[-69.16227051,-38.3986571],[-69.16154477,-38.39897832],[-69.16152098,-38.40064395],[-69.16381716,-38.40052497],[-69.16368629,-38.39928765]]]]},"geometry_name":"geom","properties":{"gid":399,"nombre_geografico":null,"autoridad_de_fuente":"IGN","fuente_de_captura":"Esri-World_Imagery"},"bbox":[-69.16381716,-38.40064395,-69.16152098,-38.3986571]},{"type":"Feature","id":"areas_de_fabricacion_y_procesamiento_AC070.400","geometry":{"type":"MultiPolygon","coordinates":[[[[-69.05380641,-38.44511671],[-69.05175056,-38.44505961],[-69.051722,-38.44615416],[-69.05379689,-38.44614464],[-69.05380641,-38.44511671]]]]},"geometry_name":"geom","properties":{"gid":400,"nombre_geografico":null,"autoridad_de_fuente":"IGN","fuente_de_captura":"Esri-World_Imagery"},"bbox":[-69.05380641,-38.44615416,-69.051722,-38.44505961]},{"type":"Feature","id":"areas_de_fabricacion_y_procesamiento_AC070.401","geometry":{"type":"MultiPolygon","coordinates":[[[[-69.04980892,-38.44294664],[-69.0480386,-38.44289905],[-69.04800053,-38.44419348],[-69.04978036,-38.44423155],[-69.04980892,-38.44294664]]]]},"geometry_name":"geom","properties":{"gid":401,"nombre_geografico":null,"autoridad_de_fuente":"IGN","fuente_de_captura":"Esri-World_Imagery"},"bbox":[-69.04980892,-38.44423155,-69.04800053,-38.44289905]},{"type":"Feature","id":"areas_de_fabricacion_y_procesamiento_AC070.402","geometry":{"type":"MultiPolygon","coordinates":[[[[-69.04741923,-38.4986089],[-69.04551566,-38.49843044],[-69.04560489,-38.49947145],[-69.04735974,-38.49962017],[-69.04741923,-38.4986089]]]]},"geometry_name":"geom","properties":{"gid":402,"nombre_geografico":null,"autoridad_de_fuente":"IGN","fuente_de_captura":"Esri-World_Imagery"},"bbox":[-69.04741923,-38.49962017,-69.04551566,-38.49843044]},{"type":"Feature","id":"areas_de_fabricacion_y_procesamiento_AC070.405","geometry":{"type":"MultiPolygon","coordinates":[[[[-69.17330947,-38.37902419],[-69.17161762,-38.37900101],[-69.17157127,-38.38053062],[-69.17328629,-38.38041474],[-69.17330947,-38.37902419]]]]},"geometry_name":"geom","properties":{"gid":405,"nombre_geografico":null,"autoridad_de_fuente":"IGN","fuente_de_captura":"Esri-World_Imagery"},"bbox":[-69.17330947,-38.38053062,-69.17157127,-38.37900101]},{"type":"Feature","id":"areas_de_fabricacion_y_procesamiento_AC070.407","geometry":{"type":"MultiPolygon","coordinates":[[[[-70.57651367,-37.27665218],[-70.57512882,-37.27676639],[-70.57522876,-37.27758731],[-70.57557854,-37.27784429],[-70.57567197,-37.27783868],[-70.5766493,-37.27778004],[-70.57651367,-37.27665218]]]]},"geometry_name":"geom","properties":{"gid":407,"nombre_geografico":"Planta Compresora Oleoducto Trasandino - La Primavera","autoridad_de_fuente":"IGN","fuente_de_captura":"Esri-World Imagery 2010/IGN01/IGN04/Street View"},"bbox":[-70.5766493,-37.27784429,-70.57512882,-37.27665218]},{"type":"Feature","id":"areas_de_fabricacion_y_procesamiento_AC070.408","geometry":{"type":"MultiPolygon","coordinates":[[[[-69.03733777,-38.49506194],[-69.03543734,-38.49501559],[-69.03539099,-38.49612804],[-69.0356691,-38.49633662],[-69.03736094,-38.49617439],[-69.03733777,-38.49506194]]]]},"geometry_name":"geom","properties":{"gid":408,"nombre_geografico":null,"autoridad_de_fuente":"IGN","fuente_de_captura":"Esri-World_Imagery"},"bbox":[-69.03736094,-38.49633662,-69.03539099,-38.49501559]},{"type":"Feature","id":"areas_de_fabricacion_y_procesamiento_AC070.409","geometry":{"type":"MultiPolygon","coordinates":[[[[-69.40160454,-38.45899486],[-69.40094781,-38.45905197],[-69.40093353,-38.45932323],[-69.39840654,-38.45910908],[-69.39844937,-38.46056531],[-69.40161882,-38.46053676],[-69.40160454,-38.45899486]]]]},"geometry_name":"geom","properties":{"gid":409,"nombre_geografico":null,"autoridad_de_fuente":"IGN","fuente_de_captura":"Esri-World_Imagery"},"bbox":[-69.40161882,-38.46056531,-69.39840654,-38.45899486]},{"type":"Feature","id":"areas_de_fabricacion_y_procesamiento_AC070.410","geometry":{"type":"MultiPolygon","coordinates":[[[[-69.04574379,-38.46759528],[-69.04291312,-38.47102202],[-69.04640795,-38.47320815],[-69.04715752,-38.47294893],[-69.04966052,-38.47464077],[-69.05056439,-38.47401502],[-69.05095838,-38.47408455],[-69.05204765,-38.47477983],[-69.05378584,-38.47315751],[-69.04945194,-38.47000558],[-69.04915065,-38.46958842],[-69.04889572,-38.46924078],[-69.04699529,-38.46817468],[-69.04574379,-38.46759528]]]]},"geometry_name":"geom","properties":{"gid":410,"nombre_geografico":null,"autoridad_de_fuente":"IGN","fuente_de_captura":"Esri-World_Imagery"},"bbox":[-69.05378584,-38.47477983,-69.04291312,-38.46759528]},{"type":"Feature","id":"areas_de_fabricacion_y_procesamiento_AC070.411","geometry":{"type":"MultiPolygon","coordinates":[[[[-69.02922619,-38.47816352],[-69.02588885,-38.47814034],[-69.02586567,-38.47985536],[-69.02912712,-38.47987064],[-69.02922619,-38.47816352]]]]},"geometry_name":"geom","properties":{"gid":411,"nombre_geografico":null,"autoridad_de_fuente":"IGN","fuente_de_captura":"Esri-World_Imagery"},"bbox":[-69.02922619,-38.47987064,-69.02586567,-38.47814034]},{"type":"Feature","id":"areas_de_fabricacion_y_procesamiento_AC070.412","geometry":{"type":"MultiPolygon","coordinates":[[[[-69.02915666,-38.45516982],[-69.0284382,-38.45535522],[-69.02778928,-38.45505394],[-69.02658413,-38.45551745],[-69.02686224,-38.45618956],[-69.02737211,-38.45804363],[-69.02818327,-38.45862303],[-69.02943477,-38.45897067],[-69.03031545,-38.45795093],[-69.03033863,-38.45618956],[-69.02915666,-38.45516982]]]]},"geometry_name":"geom","properties":{"gid":412,"nombre_geografico":null,"autoridad_de_fuente":"IGN","fuente_de_captura":"Esri-World_Imagery"},"bbox":[-69.03033863,-38.45897067,-69.02658413,-38.45505394]},{"type":"Feature","id":"areas_de_fabricacion_y_procesamiento_AC070.413","geometry":{"type":"MultiPolygon","coordinates":[[[[-69.70015279,-38.98731201],[-69.69951477,-38.98721147],[-69.69781814,-38.98694412],[-69.69674417,-38.98772685],[-69.69643472,-38.98856418],[-69.69638011,-38.98912847],[-69.69745408,-38.98961995],[-69.69925616,-38.98969276],[-69.69992163,-38.98822208],[-69.70015279,-38.98731201]]]]},"geometry_name":"geom","properties":{"gid":413,"nombre_geografico":"Planta Tratamiento de Gas Anticlinal","autoridad_de_fuente":"IGN","fuente_de_captura":"Esri-World_imagery/Subsecretaría de Energía, Minería e Hidrocarburos Pcial."},"bbox":[-69.70015279,-38.98969276,-69.69638011,-38.98694412]},{"type":"Feature","id":"areas_de_fabricacion_y_procesamiento_AC070.414","geometry":{"type":"MultiPolygon","coordinates":[[[[-69.80702383,-38.98425947],[-69.80817728,-38.98429998],[-69.80810114,-38.98374795],[-69.80823875,-38.98328597],[-69.80720586,-38.9831491],[-69.80702383,-38.98425947]]]]},"geometry_name":"geom","properties":{"gid":414,"nombre_geografico":"Scrapper","autoridad_de_fuente":"IGN","fuente_de_captura":"Esri-World_imagery/Visualizador de la Secretaría de Energía de la Nación"},"bbox":[-69.80823875,-38.98429998,-69.80702383,-38.9831491]},{"type":"Feature","id":"areas_de_fabricacion_y_procesamiento_AC070.415","geometry":{"type":"MultiPolygon","coordinates":[[[[-69.67709002,-38.97854377],[-69.67750869,-38.97994539],[-69.67914695,-38.98003641],[-69.68,-38.97981564],[-69.67898312,-38.97819791],[-69.67709002,-38.97854377]]]]},"geometry_name":"geom","properties":{"gid":415,"nombre_geografico":null,"autoridad_de_fuente":"IGN","fuente_de_captura":"Esri-World_imagery"},"bbox":[-69.68,-38.98003641,-69.67709002,-38.97819791]},{"type":"Feature","id":"areas_de_fabricacion_y_procesamiento_AC070.417","geometry":{"type":"MultiPolygon","coordinates":[[[[-69.55380743,-38.96258708],[-69.5559775,-38.96233724],[-69.55623448,-38.96222302],[-69.55597036,-38.96095953],[-69.55500668,-38.96103091],[-69.55505665,-38.96144494],[-69.55362897,-38.96170906],[-69.55380743,-38.96258708]]]]},"geometry_name":"geom","properties":{"gid":417,"nombre_geografico":"Planta de Inyeccion de Agua Nº 3 Cerro Bandera","autoridad_de_fuente":"IGN","fuente_de_captura":"Esri-World_imagery/Subsecretaría de Energía, Minería e Hidrocarburos Pcial."},"bbox":[-69.55623448,-38.96258708,-69.55362897,-38.96095953]},{"type":"Feature","id":"areas_de_fabricacion_y_procesamiento_AC070.418","geometry":{"type":"MultiPolygon","coordinates":[[[[-69.5408013,-38.95548677],[-69.54179116,-38.95583893],[-69.54272391,-38.95591507],[-69.54289523,-38.95553436],[-69.54303799,-38.95430656],[-69.54141044,-38.9540115],[-69.5408013,-38.95548677]]]]},"geometry_name":"geom","properties":{"gid":418,"nombre_geografico":"Planta de Inyección de Agua","autoridad_de_fuente":"IGN","fuente_de_captura":"Esri-World_imagery/Visualizador de la Secretaría de Energía de la Nación"},"bbox":[-69.54303799,-38.95591507,-69.5408013,-38.9540115]},{"type":"Feature","id":"areas_de_fabricacion_y_procesamiento_AC070.419","geometry":{"type":"MultiPolygon","coordinates":[[[[-70.10807194,-38.86493617],[-70.11131352,-38.86384642],[-70.11044502,-38.86237116],[-70.10986205,-38.86189526],[-70.10910062,-38.86241875],[-70.10847007,-38.86253772],[-70.10781571,-38.86282325],[-70.10723275,-38.86308499],[-70.10685203,-38.86327535],[-70.10710188,-38.86356089],[-70.1074231,-38.86390591],[-70.1078633,-38.86444129],[-70.10794658,-38.86463164],[-70.10807194,-38.86493617]]]]},"geometry_name":"geom","properties":{"gid":419,"nombre_geografico":"Establecimiento Minero Pirno S.R.L.","autoridad_de_fuente":"IGN","fuente_de_captura":"Esri-World_imagery/IGN01"},"bbox":[-70.11131352,-38.86493617,-70.10685203,-38.86189526]},{"type":"Feature","id":"areas_de_fabricacion_y_procesamiento_AC070.422","geometry":{"type":"MultiPolygon","coordinates":[[[[-68.60685451,-38.49987409],[-68.60667834,-38.49603974],[-68.60667698,-38.4960101],[-68.60630163,-38.49603974],[-68.6056331,-38.49609251],[-68.60125014,-38.49933291],[-68.60098364,-38.49956134],[-68.6009075,-38.49984687],[-68.60121207,-38.50392051],[-68.60606617,-38.50371112],[-68.60597099,-38.49994205],[-68.60685451,-38.49987409]]]]},"geometry_name":"geom","properties":{"gid":422,"nombre_geografico":"Planta Turbo Expander (Y.P.F.)","autoridad_de_fuente":"IGN","fuente_de_captura":"IGN01/IGN04"},"bbox":[-68.60685451,-38.50392051,-68.6009075,-38.4960101]},{"type":"Feature","id":"areas_de_fabricacion_y_procesamiento_AC070.427","geometry":{"type":"MultiPolygon","coordinates":[[[[-68.72674511,-37.61628181],[-68.72768309,-37.61587872],[-68.72840441,-37.6153023],[-68.72813635,-37.61484874],[-68.72839168,-37.61468246],[-68.72778672,-37.61416854],[-68.72747901,-37.61431682],[-68.72658344,-37.61337312],[-68.726179,-37.61334239],[-68.72579566,-37.61368716],[-68.72604223,-37.61386652],[-68.72561347,-37.61433633],[-68.72674511,-37.61628181]]]]},"geometry_name":"geom","properties":{"gid":427,"nombre_geografico":"Planta Yacimiento Señal Cerro Bayo","autoridad_de_fuente":"IGN","fuente_de_captura":"Esri-World Imagery 2010/IGN04/IGN Dirección de Geografía"},"bbox":[-68.72840441,-37.61628181,-68.72561347,-37.61334239]},{"type":"Feature","id":"areas_de_fabricacion_y_procesamiento_AC070.431","geometry":{"type":"MultiPolygon","coordinates":[[[[-68.09723901,-38.91723484],[-68.09742788,-38.91777114],[-68.09767954,-38.91776441],[-68.0979312,-38.91775769],[-68.09823101,-38.91773389],[-68.09853082,-38.9177101],[-68.09883064,-38.91768631],[-68.09915328,-38.91767477],[-68.09947577,-38.91765946],[-68.09979806,-38.91764037],[-68.1001201,-38.9176175],[-68.10044185,-38.91759087],[-68.10077221,-38.91755956],[-68.10110217,-38.91752428],[-68.10143168,-38.91748503],[-68.10176069,-38.91744182],[-68.10208916,-38.91739465],[-68.10241704,-38.91734352],[-68.10274428,-38.91728845],[-68.10307083,-38.91722945],[-68.10340378,-38.91714467],[-68.10373682,-38.91706029],[-68.10406997,-38.91697632],[-68.10440322,-38.91689276],[-68.10458153,-38.91684828],[-68.10473658,-38.9168096],[-68.10507003,-38.91672685],[-68.10540359,-38.9166445],[-68.10573724,-38.91656256],[-68.106071,-38.91648103],[-68.10640485,-38.91639991],[-68.1067388,-38.91631919],[-68.10698184,-38.91626071],[-68.10722493,-38.91620246],[-68.10746808,-38.91614441],[-68.10776135,-38.91607119],[-68.10805253,-38.91599005],[-68.10834141,-38.91590105],[-68.10862777,-38.91580426],[-68.1089114,-38.91569974],[-68.1092292,-38.91557208],[-68.10954293,-38.91543473],[-68.1098523,-38.91528781],[-68.10988134,-38.91527649],[-68.10998126,-38.91523753],[-68.11022681,-38.91511802],[-68.11047235,-38.91499852],[-68.1107179,-38.91487902],[-68.11096344,-38.91475952],[-68.11128246,-38.91462668],[-68.11160149,-38.91449385],[-68.11192052,-38.91436101],[-68.11223954,-38.91422818],[-68.11255857,-38.91409534],[-68.1128012,-38.91401739],[-68.11304384,-38.91393944],[-68.11328648,-38.91386149],[-68.11416926,-38.91357788],[-68.11454842,-38.91345685],[-68.11781534,-38.91241401],[-68.1200453,-38.91170217],[-68.1204165,-38.9113976],[-68.12043677,-38.91116106],[-68.11878895,-38.91104544],[-68.11827007,-38.91101501],[-68.11430338,-38.91076979],[-68.11010406,-38.91051019],[-68.10959901,-38.91047828],[-68.10892752,-38.91043863],[-68.10484149,-38.91019737],[-68.1031065,-38.91009492],[-68.10223028,-38.91003457],[-68.0996618,-38.90991945],[-68.09677852,-38.90980051],[-68.09628528,-38.90978016],[-68.09414345,-38.90969802],[-68.09363287,-38.90967022],[-68.09313769,-38.90963063],[-68.09310736,-38.90988394],[-68.09296288,-38.91109044],[-68.09274873,-38.91271799],[-68.09481893,-38.91285242],[-68.09604667,-38.91293214],[-68.09751312,-38.91437187],[-68.09723901,-38.91723484]]]]},"geometry_name":"geom","properties":{"gid":431,"nombre_geografico":"Parque Industrial Neuquén - Oeste","autoridad_de_fuente":"IGN","fuente_de_captura":"IGN04/IGN Dirección de Geografía"},"bbox":[-68.12043677,-38.91777114,-68.09274873,-38.90963063]},{"type":"Feature","id":"areas_de_fabricacion_y_procesamiento_AC070.432","geometry":{"type":"MultiPolygon","coordinates":[[[[-68.12759062,-38.84139452],[-68.12653383,-38.84210274],[-68.12562517,-38.84129425],[-68.12507544,-38.84080371],[-68.12502601,-38.84089205],[-68.1244631,-38.84189807],[-68.12432458,-38.84215826],[-68.12428486,-38.8422357],[-68.12418097,-38.84243823],[-68.12388502,-38.84301521],[-68.12330139,-38.84411428],[-68.12313734,-38.84445351],[-68.12305616,-38.84462138],[-68.12274545,-38.84518428],[-68.12243473,-38.84574718],[-68.12211025,-38.84637529],[-68.12089383,-38.84843594],[-68.12054167,-38.84925447],[-68.12032888,-38.84981253],[-68.1228455,-38.85041878],[-68.12342145,-38.8505067],[-68.12406105,-38.8505067],[-68.12458644,-38.85046102],[-68.12464354,-38.85040391],[-68.12542726,-38.84944327],[-68.12434072,-38.84846751],[-68.12720948,-38.84595861],[-68.12787938,-38.84550027],[-68.12806903,-38.84537052],[-68.12824616,-38.84525024],[-68.12927717,-38.8445328],[-68.1297842,-38.84498697],[-68.13021213,-38.84469698],[-68.13082948,-38.84427863],[-68.13127315,-38.84406505],[-68.13176364,-38.84410829],[-68.1320749,-38.84422232],[-68.13222547,-38.84391032],[-68.13328042,-38.84318471],[-68.1323811,-38.84242106],[-68.13148128,-38.84159016],[-68.13043898,-38.84229402],[-68.12963559,-38.84158543],[-68.12953309,-38.84149008],[-68.12934817,-38.84132198],[-68.12863885,-38.84067722],[-68.12811908,-38.84103365],[-68.12787802,-38.841203],[-68.12769947,-38.84132198],[-68.12759062,-38.84139452]]]]},"geometry_name":"geom","properties":{"gid":432,"nombre_geografico":"Parque Industrial Zona II","autoridad_de_fuente":"IGN","fuente_de_captura":"IGN04/IGN Dirección de Geografía"},"bbox":[-68.13328042,-38.8505067,-68.12032888,-38.84067722]},{"type":"Feature","id":"areas_de_fabricacion_y_procesamiento_AC070.428","geometry":{"type":"MultiPolygon","coordinates":[[[[-68.08177804,-38.90005153],[-68.08155464,-38.9001952],[-68.08131386,-38.90041399],[-68.08107308,-38.90063278],[-68.0808323,-38.90085158],[-68.08059152,-38.90107037],[-68.08035073,-38.90128916],[-68.08010995,-38.90150795],[-68.07986917,-38.90172674],[-68.07960244,-38.90196222],[-68.0793357,-38.90219769],[-68.07906896,-38.90243316],[-68.07880223,-38.90266864],[-68.07874978,-38.90271326],[-68.07871179,-38.9027535],[-68.07850265,-38.9029365],[-68.0782935,-38.90311951],[-68.07808435,-38.90330251],[-68.07787521,-38.90348552],[-68.07765369,-38.9037326],[-68.07743218,-38.90397969],[-68.07721067,-38.90422677],[-68.07698916,-38.90447386],[-68.07676765,-38.90472094],[-68.07654614,-38.90496803],[-68.07644933,-38.90507601],[-68.07632463,-38.90521511],[-68.07610311,-38.9054622],[-68.07587967,-38.90570263],[-68.07565624,-38.90594307],[-68.0754328,-38.90618351],[-68.07520936,-38.90642394],[-68.07498592,-38.90666438],[-68.07476248,-38.90690481],[-68.07453904,-38.90714525],[-68.0743156,-38.90738568],[-68.07409216,-38.90762612],[-68.07391373,-38.90782737],[-68.07383793,-38.90791288],[-68.07373531,-38.90802863],[-68.07355688,-38.90822989],[-68.07336406,-38.90883942],[-68.07324509,-38.90943428],[-68.07326657,-38.90950622],[-68.07349051,-38.91025602],[-68.07350401,-38.91030123],[-68.07353086,-38.91034211],[-68.073675,-38.91056155],[-68.073846,-38.91082188],[-68.07409777,-38.91107609],[-68.07421323,-38.91119266],[-68.07434955,-38.9113303],[-68.07453018,-38.9114152],[-68.07464845,-38.91147079],[-68.07494734,-38.91161127],[-68.0750036,-38.91163771],[-68.07524624,-38.91175176],[-68.07547467,-38.91184364],[-68.0757031,-38.91193553],[-68.07593153,-38.91202741],[-68.07619888,-38.91208207],[-68.07646623,-38.91213673],[-68.07673357,-38.91219139],[-68.07700935,-38.91218907],[-68.07728512,-38.91218675],[-68.07756089,-38.91218442],[-68.07782618,-38.91210094],[-68.07809147,-38.91201747],[-68.07835676,-38.91193399],[-68.07858831,-38.91180299],[-68.07859431,-38.91179959],[-68.07881985,-38.91167198],[-68.07905139,-38.91154098],[-68.07937743,-38.91149223],[-68.07968432,-38.91156849],[-68.07974261,-38.91184789],[-68.07974095,-38.91212771],[-68.07975602,-38.91243611],[-68.08008914,-38.91179841],[-68.08011992,-38.91174378],[-68.08027311,-38.9115061],[-68.08044627,-38.91123744],[-68.08050576,-38.91114513],[-68.08059733,-38.91102712],[-68.0807333,-38.91085188],[-68.08101821,-38.91048466],[-68.08113564,-38.91031047],[-68.0814497,-38.90984457],[-68.08180375,-38.90929623],[-68.08188477,-38.90918971],[-68.08217948,-38.9088023],[-68.08225123,-38.90878291],[-68.08231238,-38.90877147],[-68.08245733,-38.90876665],[-68.08268177,-38.90879458],[-68.08281517,-38.90881117],[-68.08288846,-38.90881554],[-68.084118,-38.90888879],[-68.08591559,-38.90899589],[-68.08618918,-38.90901219],[-68.08633228,-38.90902969],[-68.08675683,-38.9090816],[-68.08676629,-38.90904658],[-68.08731202,-38.90908136],[-68.08801193,-38.90912596],[-68.08897901,-38.90918851],[-68.08925771,-38.90920653],[-68.08926915,-38.90920727],[-68.08939985,-38.90922159],[-68.09410693,-38.90634827],[-68.09426565,-38.90643373],[-68.09435439,-38.90648152],[-68.09449964,-38.90641064],[-68.09538479,-38.90597867],[-68.09623593,-38.90556976],[-68.09763524,-38.90491006],[-68.10093781,-38.90372429],[-68.10107775,-38.90367405],[-68.10543901,-38.90212151],[-68.10848633,-38.9010587],[-68.10821107,-38.90086548],[-68.10808079,-38.90075917],[-68.10717882,-38.90073707],[-68.1047137,-38.89957589],[-68.10451843,-38.89949501],[-68.10310518,-38.89890964],[-68.10224144,-38.89863838],[-68.10094458,-38.8980652],[-68.10087686,-38.89814898],[-68.09993471,-38.89775187],[-68.09629296,-38.89621688],[-68.09525914,-38.89763838],[-68.09524984,-38.89763561],[-68.09348102,-38.90009681],[-68.08898633,-38.89842942],[-68.08886389,-38.89821837],[-68.08883464,-38.89797614],[-68.08889595,-38.89764988],[-68.08889694,-38.89761409],[-68.08889005,-38.89757871],[-68.08887546,-38.89754478],[-68.08885362,-38.89751331],[-68.08882518,-38.89748526],[-68.08879098,-38.89746144],[-68.08875205,-38.89744258],[-68.08950702,-38.89636916],[-68.0895395,-38.8963132],[-68.08957329,-38.89625498],[-68.08972514,-38.89600592],[-68.0899936,-38.895582],[-68.09012612,-38.89535365],[-68.09032863,-38.89501858],[-68.09050784,-38.89473381],[-68.09036477,-38.89479234],[-68.09003446,-38.89492749],[-68.08979106,-38.8951885],[-68.08960197,-38.89548985],[-68.08941951,-38.89579526],[-68.08924379,-38.89610459],[-68.08902459,-38.89638337],[-68.0889359,-38.89647633],[-68.08877979,-38.89663997],[-68.08853685,-38.89677352],[-68.08827021,-38.8968494],[-68.08807785,-38.89686602],[-68.08776034,-38.89691343],[-68.08744284,-38.89696084],[-68.08712533,-38.89700824],[-68.08680782,-38.89705565],[-68.08677331,-38.89706081],[-68.08562133,-38.89737215],[-68.0855778,-38.89740456],[-68.0853003,-38.89761125],[-68.0850228,-38.89781794],[-68.0847453,-38.89802463],[-68.0844678,-38.89823132],[-68.0841903,-38.89843801],[-68.0839128,-38.8986447],[-68.0836353,-38.89885139],[-68.08336447,-38.89902672],[-68.08309363,-38.89920204],[-68.08282279,-38.89937736],[-68.08255195,-38.89955269],[-68.08228111,-38.89972801],[-68.08203895,-38.89988374],[-68.0817968,-38.90003947],[-68.08177804,-38.90005153]]]]},"geometry_name":"geom","properties":{"gid":428,"nombre_geografico":"Parque Industrial de Neuquén","autoridad_de_fuente":"IGN","fuente_de_captura":"Esri-World Imagery 2010/IGN04/IGN Dirección de Geografía/Catastro Pcial./Sitio Web de la Instituci"},"bbox":[-68.10848633,-38.91243611,-68.07324509,-38.89473381]},{"type":"Feature","id":"areas_de_fabricacion_y_procesamiento_AC070.429","geometry":{"type":"MultiPolygon","coordinates":[[[[-68.03928537,-38.83894485],[-68.03930544,-38.83898575],[-68.03949534,-38.83872614],[-68.03949536,-38.8387261],[-68.03949563,-38.83872573],[-68.03968907,-38.83846892],[-68.0396891,-38.83846888],[-68.03968945,-38.83846842],[-68.03988654,-38.83821427],[-68.03988687,-38.83821384],[-68.04008743,-38.83796258],[-68.04008784,-38.83796207],[-68.04031459,-38.83768649],[-68.04031462,-38.83768646],[-68.04031495,-38.83768606],[-68.04054633,-38.83741361],[-68.04077013,-38.83715779],[-68.04077015,-38.83715776],[-68.04077067,-38.83715717],[-68.04099657,-38.83690344],[-68.04099725,-38.83690269],[-68.04122604,-38.8366502],[-68.0414068,-38.83642812],[-68.04140681,-38.8364281],[-68.04140706,-38.8364278],[-68.04161821,-38.83616631],[-68.04161835,-38.83616615],[-68.0416184,-38.83616608],[-68.0416186,-38.83616583],[-68.0416187,-38.8361657],[-68.04161888,-38.83616549],[-68.04161919,-38.8361651],[-68.0418302,-38.83590151],[-68.04203934,-38.83563799],[-68.04203938,-38.83563794],[-68.0420401,-38.83563703],[-68.04224869,-38.83537191],[-68.04224877,-38.8353718],[-68.04224881,-38.83537175],[-68.04224888,-38.83537167],[-68.04245653,-38.83510543],[-68.04266306,-38.83483831],[-68.04286104,-38.83458005],[-68.0428611,-38.83457997],[-68.04286116,-38.83457989],[-68.04286118,-38.83457986],[-68.0428616,-38.83457931],[-68.04305843,-38.83432037],[-68.0430585,-38.83432027],[-68.04305909,-38.8343195],[-68.04306379,-38.83431329],[-68.04325551,-38.83405889],[-68.04328686,-38.83370379],[-68.04331648,-38.83334855],[-68.04334435,-38.83299316],[-68.04307192,-38.83300019],[-68.04307174,-38.8330002],[-68.04280008,-38.83301945],[-68.04252938,-38.83305089],[-68.0425292,-38.83305092],[-68.04226037,-38.83309446],[-68.04200396,-38.83318063],[-68.04176573,-38.83330876],[-68.04155248,-38.83347517],[-68.04130592,-38.83366748],[-68.04130543,-38.83366786],[-68.04130538,-38.83366789],[-68.0410577,-38.83385763],[-68.04105686,-38.83385827],[-68.04080784,-38.83404562],[-68.04080702,-38.83404624],[-68.04055635,-38.83423144],[-68.04055588,-38.83423179],[-68.04030326,-38.83441506],[-68.04001867,-38.83457744],[-68.0397084,-38.83468275],[-68.03937285,-38.83478845],[-68.03937139,-38.83478891],[-68.03903774,-38.83489553],[-68.03903572,-38.83489618],[-68.0390356,-38.83489622],[-68.0390355,-38.83489625],[-68.03870307,-38.83500398],[-68.03839995,-38.83514134],[-68.03839993,-38.83514136],[-68.03814985,-38.83536089],[-68.03796864,-38.83554651],[-68.03778621,-38.83573092],[-68.03760257,-38.83591412],[-68.03758544,-38.83612533],[-68.03763826,-38.83633052],[-68.03773985,-38.83648528],[-68.0378076,-38.83658843],[-68.03784147,-38.83664001],[-68.03794312,-38.83679472],[-68.03797701,-38.83684629],[-68.0380448,-38.83694942],[-68.03814651,-38.83710409],[-68.03824824,-38.83725875],[-68.03831609,-38.83736184],[-68.03835001,-38.83741338],[-68.0384518,-38.837568],[-68.03848575,-38.83761953],[-68.03855363,-38.8377226],[-68.03865548,-38.83787717],[-68.03882993,-38.83809971],[-68.03898503,-38.83833613],[-68.03911967,-38.83858478],[-68.03920978,-38.83878585],[-68.03928537,-38.83894485]]]]},"geometry_name":"geom","properties":{"gid":429,"nombre_geografico":null,"autoridad_de_fuente":"IGN","fuente_de_captura":"Esri-world_imagery-2010"},"bbox":[-68.04334435,-38.83898575,-68.03758544,-38.83299316]},{"type":"Feature","id":"areas_de_fabricacion_y_procesamiento_AC070.430","geometry":{"type":"MultiPolygon","coordinates":[[[[-68.21561845,-38.92507033],[-68.21561601,-38.92507016],[-68.21526733,-38.92504768],[-68.21491664,-38.92502506],[-68.21456595,-38.92500245],[-68.21421525,-38.92497983],[-68.21386456,-38.92495722],[-68.21351387,-38.9249346],[-68.21316317,-38.92491199],[-68.21281248,-38.92488937],[-68.21246179,-38.92486675],[-68.2121111,-38.92484414],[-68.2117604,-38.92482152],[-68.21140971,-38.92479891],[-68.21105902,-38.92477629],[-68.21070833,-38.92475368],[-68.21035712,-38.92474226],[-68.21000591,-38.92473083],[-68.2096547,-38.92471941],[-68.20930349,-38.92470799],[-68.20895228,-38.92469657],[-68.20895068,-38.92552524],[-68.20893723,-38.92673667],[-68.20894639,-38.92928591],[-68.21563857,-38.93001115],[-68.21564176,-38.93050659],[-68.22024903,-38.93049692],[-68.22049412,-38.93049406],[-68.22566365,-38.93047892],[-68.22567328,-38.93038891],[-68.22567408,-38.9297854],[-68.22566511,-38.92848823],[-68.22567029,-38.92668673],[-68.22046644,-38.92670164],[-68.22045224,-38.92545807],[-68.22010697,-38.92543037],[-68.2197617,-38.92540268],[-68.21941643,-38.92537498],[-68.21907116,-38.92534728],[-68.21872589,-38.92531959],[-68.21838062,-38.92529189],[-68.21803535,-38.9252642],[-68.21769008,-38.9252365],[-68.2173448,-38.92520881],[-68.21699953,-38.92518111],[-68.21665426,-38.92515341],[-68.21630899,-38.92512572],[-68.21596372,-38.92509802],[-68.21561845,-38.92507033]]]]},"geometry_name":"geom","properties":{"gid":430,"nombre_geografico":"Parque Industrial Plottier","autoridad_de_fuente":"IGN","fuente_de_captura":"IGN04/IGN Dirección de Geografía/Catastro Pcial."},"bbox":[-68.22567408,-38.93050659,-68.20893723,-38.92469657]},{"type":"Feature","id":"areas_de_fabricacion_y_procesamiento_AC070.434","geometry":{"type":"MultiPolygon","coordinates":[[[[-68.20304133,-38.75376503],[-68.20035296,-38.7537278],[-68.20033181,-38.75588516],[-68.20033154,-38.75591273],[-68.20305561,-38.75588513],[-68.20304133,-38.75376503]]]]},"geometry_name":"geom","properties":{"gid":434,"nombre_geografico":"Planta de Tratamiento de Crudo Río Neuquén","autoridad_de_fuente":"IGN","fuente_de_captura":"Esri-World Imagery 2010/IGN04/Subsecretaría de Energía, Minería e Hidrocarburos Pcial."},"bbox":[-68.20305561,-38.75591273,-68.20033154,-38.7537278]},{"type":"Feature","id":"areas_de_fabricacion_y_procesamiento_AC070.435","geometry":{"type":"MultiPolygon","coordinates":[[[[-68.20035296,-38.7537278],[-68.20304133,-38.75376503],[-68.20302706,-38.75164493],[-68.20040086,-38.75164311],[-68.20039382,-38.75191639],[-68.20035651,-38.75336614],[-68.20035296,-38.7537278]]]]},"geometry_name":"geom","properties":{"gid":435,"nombre_geografico":"Planta de Inyección de Agua Río Neuquén","autoridad_de_fuente":"IGN","fuente_de_captura":"Esri-World Imagery 2010/IGN04/Subsecretaría de Energía, Minería e Hidrocarburos Pcial."},"bbox":[-68.20304133,-38.75376503,-68.20035296,-38.75164311]},{"type":"Feature","id":"areas_de_fabricacion_y_procesamiento_AC070.436","geometry":{"type":"MultiPolygon","coordinates":[[[[-68.20642238,-38.89584763],[-68.20272946,-38.89702784],[-68.20246296,-38.89787493],[-68.20312921,-38.89964525],[-68.20414762,-38.89941682],[-68.20431894,-38.89992127],[-68.20533735,-38.89961669],[-68.20544611,-38.89923888],[-68.20707912,-38.89872202],[-68.20694585,-38.89813872],[-68.20800235,-38.89627593],[-68.20642238,-38.89584763]]]]},"geometry_name":"geom","properties":{"gid":436,"nombre_geografico":"Planta de Tratamiento de Gas Centenario","autoridad_de_fuente":"IGN","fuente_de_captura":"Esri-World Imagery 2010/IGN04/Subsecretaría de Energía, Minería e Hidrocarburos Pcial."},"bbox":[-68.20800235,-38.89992127,-68.20246296,-38.89584763]},{"type":"Feature","id":"areas_de_fabricacion_y_procesamiento_AC070.437","geometry":{"type":"MultiPolygon","coordinates":[[[[-68.24819637,-38.74991506],[-68.24746164,-38.7498352],[-68.2470567,-38.75003543],[-68.24631703,-38.75040117],[-68.24652642,-38.75108169],[-68.24712615,-38.75148609],[-68.24798503,-38.75143267],[-68.24859814,-38.75148288],[-68.24894828,-38.75146647],[-68.24916279,-38.75060843],[-68.25005582,-38.75080141],[-68.25020358,-38.75020185],[-68.25022803,-38.75010262],[-68.24923728,-38.74984487],[-68.24927535,-38.7496373],[-68.24828431,-38.74951532],[-68.24819637,-38.74991506]]]]},"geometry_name":"geom","properties":{"gid":437,"nombre_geografico":"Planta de Tratamiento de Crudo Lindero Atravesado Oriental","autoridad_de_fuente":"IGN","fuente_de_captura":"Esri-World Imagery 2010/IGN04/Subsecretaría de Energía, Minería e Hidrocarburos Pcial."},"bbox":[-68.25022803,-38.75148609,-68.24631703,-38.74951532]},{"type":"Feature","id":"areas_de_fabricacion_y_procesamiento_AC070.438","geometry":{"type":"MultiPolygon","coordinates":[[[[-68.35857345,-38.9336876],[-68.35613688,-38.93492492],[-68.3555087,-38.93391603],[-68.35404296,-38.93442999],[-68.35116857,-38.93597188],[-68.35223457,-38.93713306],[-68.3530531,-38.9380087],[-68.35229167,-38.93819906],[-68.35263431,-38.93953156],[-68.35421428,-38.93930313],[-68.35446174,-38.94101634],[-68.3571077,-38.94059756],[-68.35687927,-38.93760895],[-68.35918259,-38.93705692],[-68.35857345,-38.9336876]]]]},"geometry_name":"geom","properties":{"gid":438,"nombre_geografico":"Planta de Separación de Gas Licuado","autoridad_de_fuente":"IGN","fuente_de_captura":"Esri-World Imagery 2010/IGN04/Subsecretaría de Energía, Minería e Hidrocarburos Pcial."},"bbox":[-68.35918259,-38.94101634,-68.35116857,-38.9336876]},{"type":"Feature","id":"areas_de_fabricacion_y_procesamiento_AC070.439","geometry":{"type":"MultiPolygon","coordinates":[[[[-68.19678005,-38.74473507],[-68.19606655,-38.74528258],[-68.19576732,-38.74504795],[-68.19506776,-38.74449941],[-68.19342593,-38.74568438],[-68.19429061,-38.74662939],[-68.19710073,-38.74880599],[-68.2,-38.7480024],[-68.2,-38.74779209],[-68.2,-38.74732768],[-68.20000142,-38.74731946],[-68.20009051,-38.74667803],[-68.20011979,-38.74645265],[-68.19720474,-38.74441344],[-68.19705957,-38.74452338],[-68.19678005,-38.74473507]]]]},"geometry_name":"geom","properties":{"gid":439,"nombre_geografico":"Planta Compresora de Gas Río Neuquén","autoridad_de_fuente":"IGN","fuente_de_captura":"Esri-World Imagery 2010/IGN01/IGN04/Secretaría de Energía de la Nación/IGN Dirección de Geograf"},"bbox":[-68.20011979,-38.74880599,-68.19342593,-38.74441344]},{"type":"Feature","id":"areas_de_fabricacion_y_procesamiento_AC070.441","geometry":{"type":"MultiPolygon","coordinates":[[[[-67.68122412,-38.88556781],[-67.68291354,-38.88734051],[-67.68399619,-38.88686461],[-67.68453157,-38.88538935],[-67.68322287,-38.8847231],[-67.68122412,-38.88556781]]]]},"geometry_name":"geom","properties":{"gid":441,"nombre_geografico":null,"autoridad_de_fuente":"IGN","fuente_de_captura":"Esri-World_Imagery"},"bbox":[-67.68453157,-38.88734051,-67.68122412,-38.8847231]},{"type":"Feature","id":"areas_de_fabricacion_y_procesamiento_AC070.442","geometry":{"type":"MultiPolygon","coordinates":[[[[-67.5065992,-38.69943005],[-67.51002805,-38.70043991],[-67.5115546,-38.69896034],[-67.5080318,-38.69795047],[-67.5065992,-38.69943005]]]]},"geometry_name":"geom","properties":{"gid":442,"nombre_geografico":"Planta Tratamiento de Crudo Puesto Flores","autoridad_de_fuente":"IGN","fuente_de_captura":"Esri-World_Imagery/IGN04/Secretaría de Minería Pcial."},"bbox":[-67.5115546,-38.70043991,-67.5065992,-38.69795047]},{"type":"Feature","id":"areas_de_fabricacion_y_procesamiento_AC070.443","geometry":{"type":"MultiPolygon","coordinates":[[[[-67.77967028,-38.98038994],[-67.77986542,-38.98037383],[-67.78006055,-38.98035773],[-67.78033057,-38.98041643],[-67.78047724,-38.98044831],[-67.78108407,-38.98060801],[-67.78120705,-38.98064037],[-67.78251168,-38.98098369],[-67.78537893,-38.97991294],[-67.78694955,-38.97986087],[-67.7872328,-38.97985148],[-67.78753235,-38.97984155],[-67.79099446,-38.97987724],[-67.7927488,-38.97981844],[-67.79312408,-38.97980586],[-67.79348161,-38.97973748],[-67.7932379,-38.97780592],[-67.79378993,-38.97739666],[-67.79344729,-38.9757691],[-67.7955888,-38.97542646],[-67.79576013,-38.97666378],[-67.79657866,-38.9764068],[-67.79951016,-38.97661619],[-67.80173733,-38.97684462],[-67.80255587,-38.97745376],[-67.80237248,-38.97790222],[-67.80234778,-38.97796263],[-67.8015089,-38.98001406],[-67.80157201,-38.98020518],[-67.80637224,-38.97925714],[-67.80635423,-38.97919267],[-67.8063059,-38.97901976],[-67.80629162,-38.97885558],[-67.80634796,-38.97859987],[-67.80635966,-38.97854679],[-67.80647722,-38.97801325],[-67.8063059,-38.97728514],[-67.80582679,-38.97501481],[-67.80723434,-38.97524932],[-67.80705588,-38.97458069],[-67.80702732,-38.97429516],[-67.80709871,-38.97430943],[-67.8086406,-38.97413811],[-67.80902607,-38.97405245],[-67.810271,-38.97333333],[-67.81132463,-38.97272471],[-67.81218124,-38.97213936],[-67.81260954,-38.97182528],[-67.81169779,-38.97172759],[-67.8067961,-38.97232246],[-67.80684369,-38.97184657],[-67.80665333,-38.97146585],[-67.80603467,-38.97177518],[-67.80553498,-38.97208451],[-67.80441664,-38.97241764],[-67.80394074,-38.97246523],[-67.80353624,-38.97232246],[-67.80313173,-38.97198933],[-67.80301275,-38.97188226],[-67.80289378,-38.97177518],[-67.80289378,-38.97156103],[-67.80294137,-38.97137067],[-67.80301275,-38.97103755],[-67.80263204,-38.9708234],[-67.80215615,-38.9707996],[-67.8019182,-38.97091858],[-67.80156128,-38.97129929],[-67.80113298,-38.97168],[-67.80118057,-38.97198933],[-67.80120436,-38.97222728],[-67.8010378,-38.97248902],[-67.80068088,-38.97263179],[-67.80022878,-38.97272697],[-67.79975289,-38.97284594],[-67.79920562,-38.97291732],[-67.79889629,-38.97298871],[-67.79865834,-38.97313148],[-67.79832522,-38.97327424],[-67.79811106,-38.97310768],[-67.79789691,-38.97279835],[-67.79763517,-38.97177518],[-67.79763517,-38.97146585],[-67.7974924,-38.97115652],[-67.79725446,-38.97101376],[-67.79654062,-38.97113273],[-67.79627888,-38.9712517],[-67.79644544,-38.97148965],[-67.79677857,-38.97194175],[-67.79694513,-38.97237005],[-67.79694513,-38.9730363],[-67.79696892,-38.9734884],[-67.7970879,-38.97382152],[-67.79684995,-38.97415464],[-67.79639785,-38.97448777],[-67.79570781,-38.97455915],[-67.79520812,-38.97444018],[-67.79470844,-38.97463054],[-67.79420875,-38.97484469],[-67.79382803,-38.97498746],[-67.79328076,-38.97498746],[-67.79282866,-38.97505884],[-67.79242415,-38.97503504],[-67.79218621,-38.97486848],[-67.79094889,-38.97536817],[-67.79047299,-38.9756537],[-67.78942603,-38.97598683],[-67.78923568,-38.97598683],[-67.78918809,-38.97558232],[-67.7891167,-38.97515402],[-67.78902152,-38.97486848],[-67.7886646,-38.97474951],[-67.78818871,-38.97482089],[-67.78790318,-38.97493987],[-67.78802215,-38.97639134],[-67.78795077,-38.97667687],[-67.78707037,-38.97689102],[-67.78683242,-38.97724794],[-67.78671345,-38.97741451],[-67.78621376,-38.97753348],[-67.78588064,-38.9774383],[-67.78569028,-38.97727174],[-67.78521439,-38.97736692],[-67.78492885,-38.97739071],[-67.78459573,-38.97729553],[-67.78435778,-38.9769862],[-67.78400086,-38.97689102],[-67.78326323,-38.97703379],[-67.78269216,-38.97710518],[-67.78233524,-38.97689102],[-67.78219247,-38.97674826],[-67.78195452,-38.97670067],[-67.78183555,-38.97674826],[-67.78193073,-38.97705759],[-67.78212109,-38.97774763],[-67.78224006,-38.97829491],[-67.78224006,-38.97860424],[-67.78212109,-38.97884218],[-67.78195452,-38.97893736],[-67.78171658,-38.97898495],[-67.78121689,-38.97912772],[-67.7811693,-38.97943705],[-67.78102653,-38.97960361],[-67.78038408,-38.97977017],[-67.77978921,-38.98000812],[-67.77962265,-38.98012709],[-67.77967028,-38.98038994]]]]},"geometry_name":"geom","properties":{"gid":443,"nombre_geografico":null,"autoridad_de_fuente":"IGN","fuente_de_captura":"Esri-World_Imagery"},"bbox":[-67.81260954,-38.98098369,-67.77962265,-38.9707996]},{"type":"Feature","id":"areas_de_fabricacion_y_procesamiento_AC070.446","geometry":{"type":"MultiPolygon","coordinates":[[[[-67.84625145,-39],[-67.84675193,-39],[-67.84673765,-38.99995326],[-67.84639868,-38.99837767],[-67.8461861,-38.99738951],[-67.84610514,-38.99701322],[-67.84607273,-38.99686257],[-67.84602757,-38.99665266],[-67.84581658,-38.99567191],[-67.8457704,-38.99545726],[-67.84567546,-38.99497219],[-67.84521756,-38.99263258],[-67.84510045,-38.99203423],[-67.84488278,-38.99092208],[-67.84371606,-38.99106764],[-67.84,-38.99153124],[-67.83302006,-38.99240204],[-67.83406702,-38.9969944],[-67.8347685,-39],[-67.83825258,-39],[-67.83882365,-39],[-67.84349929,-39],[-67.84374471,-39],[-67.84421075,-39],[-67.84519933,-39],[-67.84583333,-39],[-67.84625145,-39]]]]},"geometry_name":"geom","properties":{"gid":446,"nombre_geografico":null,"autoridad_de_fuente":"IGN","fuente_de_captura":"Esri-Word_Imagery"},"bbox":[-67.84675193,-39,-67.83302006,-38.99092208]},{"type":"Feature","id":"areas_de_fabricacion_y_procesamiento_AC070.447","geometry":{"type":"MultiPolygon","coordinates":[[[[-70.8680616,-41.19275086],[-70.87214237,-41.19429751],[-70.87305846,-41.19298881],[-70.87285621,-41.19291742],[-70.8733559,-41.19189426],[-70.87240411,-41.19138267],[-70.8706909,-41.19075211],[-70.87048865,-41.19063314],[-70.86959635,-41.19093057],[-70.86896579,-41.19156113],[-70.8680616,-41.19275086]]]]},"geometry_name":"geom","properties":{"gid":447,"nombre_geografico":null,"autoridad_de_fuente":"IGN","fuente_de_captura":"Esri World Imagery"},"bbox":[-70.8733559,-41.19429751,-70.8680616,-41.19063314]},{"type":"Feature","id":"areas_de_fabricacion_y_procesamiento_AC070.448","geometry":{"type":"MultiPolygon","coordinates":[[[[-67.8349931,-39.00109736],[-67.83506451,-39.00144631],[-67.84625145,-39],[-67.84583333,-39],[-67.84519933,-39],[-67.84421075,-39],[-67.84374471,-39],[-67.84349929,-39],[-67.83882365,-39],[-67.83825258,-39],[-67.8347685,-39],[-67.83483865,-39.00034277],[-67.8349931,-39.00109736]]]]},"geometry_name":"geom","properties":{"gid":448,"nombre_geografico":null,"autoridad_de_fuente":"IGN","fuente_de_captura":"Esri-World_Imagery"},"bbox":[-67.84625145,-39.00144631,-67.8347685,-39]},{"type":"Feature","id":"areas_de_fabricacion_y_procesamiento_AC070.449","geometry":{"type":"MultiPolygon","coordinates":[[[[-67.66881399,-38.93144962],[-67.67015265,-38.9354656],[-67.67720005,-38.93418368],[-67.67578912,-38.92989959],[-67.66881399,-38.93144962]]]]},"geometry_name":"geom","properties":{"gid":449,"nombre_geografico":"Planta GLP Oldelval","autoridad_de_fuente":"IGN","fuente_de_captura":"Esri-World_Imagery/IGN04/Secretaría de Minería Pcial."},"bbox":[-67.67720005,-38.9354656,-67.66881399,-38.92989959]},{"type":"Feature","id":"areas_de_fabricacion_y_procesamiento_AC070.450","geometry":{"type":"MultiPolygon","coordinates":[[[[-67.87625506,-39.00551453],[-67.87232494,-39.00601961],[-67.87350885,-39.01269424],[-67.87367354,-39.01335026],[-67.87693014,-39.01332092],[-67.87646072,-39.01035771],[-67.87930658,-39.0099763],[-67.87921856,-39.00962424],[-67.87857328,-39.00975277],[-67.87857311,-39.00944821],[-67.87830906,-39.00930151],[-67.87807435,-39.00874408],[-67.8774289,-39.0081573],[-67.87695948,-39.00783457],[-67.877957,-39.00754119],[-67.87772229,-39.00657301],[-67.87654874,-39.00674904],[-67.87625506,-39.00551453]]]]},"geometry_name":"geom","properties":{"gid":450,"nombre_geografico":null,"autoridad_de_fuente":"IGN","fuente_de_captura":"Esri-World_Imagery"},"bbox":[-67.87930658,-39.01335026,-67.87232494,-39.00551453]},{"type":"Feature","id":"areas_de_fabricacion_y_procesamiento_AC070.873","geometry":{"type":"MultiPolygon","coordinates":[[[[-69.24653199,-37.32165332],[-69.24648915,-37.32223153],[-69.24703881,-37.32231005],[-69.24800249,-37.32226722],[-69.24799535,-37.32196741],[-69.24780262,-37.32196027],[-69.24775979,-37.32155338],[-69.24653199,-37.32165332]]]]},"geometry_name":"geom","properties":{"gid":873,"nombre_geografico":"Planta Compresora de Gas","autoridad_de_fuente":"IGN","fuente_de_captura":"Esri World Imagery/IGN04/Subsecretaría de Energía, Minería e Hidrocarburos Pcial."},"bbox":[-69.24800249,-37.32231005,-69.24648915,-37.32155338]},{"type":"Feature","id":"areas_de_fabricacion_y_procesamiento_AC070.874","geometry":{"type":"MultiPolygon","coordinates":[[[[-69.28198345,-37.32125986],[-69.28235465,-37.32122417],[-69.28233323,-37.3208958],[-69.28192635,-37.32094577],[-69.28198345,-37.32125986]]]]},"geometry_name":"geom","properties":{"gid":874,"nombre_geografico":"Planta Reductora de Gas Chihuido - Sierra Negra","autoridad_de_fuente":"IGN","fuente_de_captura":"Esri World Imagery/IGN04/Subsecretaría de Energía, Minería e Hidrocarburos Pcial."},"bbox":[-69.28235465,-37.32125986,-69.28192635,-37.3208958]},{"type":"Feature","id":"areas_de_fabricacion_y_procesamiento_AC070.875","geometry":{"type":"MultiPolygon","coordinates":[[[[-69.19126822,-37.33024944],[-69.19123253,-37.3300567],[-69.19073998,-37.32974975],[-69.19055438,-37.32975689],[-69.19053296,-37.32983541],[-69.18994048,-37.32988538],[-69.18999759,-37.33037079],[-69.19126822,-37.33024944]]]]},"geometry_name":"geom","properties":{"gid":875,"nombre_geografico":"Planta Compresora de Gas","autoridad_de_fuente":"IGN","fuente_de_captura":"Esri World Imagery/IGN04/Subsecretaría de Energía, Minería e Hidrocarburos Pcial."},"bbox":[-69.19126822,-37.33037079,-69.18994048,-37.32974975]},{"type":"Feature","id":"areas_de_fabricacion_y_procesamiento_AC070.876","geometry":{"type":"MultiPolygon","coordinates":[[[[-68.96166107,-37.38116032],[-68.96210365,-37.38093189],[-68.96264616,-37.38068919],[-68.96390252,-37.37988969],[-68.96465919,-37.37941855],[-68.96513032,-37.37919013],[-68.9660012,-37.37897598],[-68.9660012,-37.37880465],[-68.96533019,-37.37867616],[-68.96407384,-37.37844773],[-68.96336,-37.37839063],[-68.96258906,-37.37849057],[-68.96186094,-37.37866189],[-68.9605332,-37.37919013],[-68.95971943,-37.37970409],[-68.96023339,-37.38023233],[-68.96166107,-37.38116032]]]]},"geometry_name":"geom","properties":{"gid":876,"nombre_geografico":"Servicios Confluencia","autoridad_de_fuente":"IGN","fuente_de_captura":"Esri-World_Imagery/IGN Dirección de Geografía/IGN04"},"bbox":[-68.9660012,-37.38116032,-68.95971943,-37.37839063]},{"type":"Feature","id":"areas_de_fabricacion_y_procesamiento_AC070.877","geometry":{"type":"MultiPolygon","coordinates":[[[[-69.15317995,-37.20859079],[-69.15303742,-37.20856985],[-69.1528611,-37.20860031],[-69.15300863,-37.20923801],[-69.15410794,-37.20907144],[-69.15395016,-37.2084881],[-69.15317995,-37.20859079]]]]},"geometry_name":"geom","properties":{"gid":877,"nombre_geografico":"Instalación de Medición de Petróleo","autoridad_de_fuente":"IGN","fuente_de_captura":"Esri-world_imagery-2010/Secretaría de Energía de la Nación"},"bbox":[-69.15410794,-37.20923801,-69.1528611,-37.2084881]},{"type":"Feature","id":"areas_de_fabricacion_y_procesamiento_AC070.878","geometry":{"type":"MultiPolygon","coordinates":[[[[-69.11701809,-37.28496322],[-69.11765578,-37.28595308],[-69.11896925,-37.28537249],[-69.11875034,-37.28498226],[-69.119369,-37.28469672],[-69.11908346,-37.28422083],[-69.11994007,-37.28385915],[-69.11918503,-37.282693],[-69.11808409,-37.28308821],[-69.11820782,-37.28331664],[-69.11745591,-37.28363073],[-69.11756061,-37.28385915],[-69.11696098,-37.28412565],[-69.1173417,-37.28481094],[-69.11701809,-37.28496322]]]]},"geometry_name":"geom","properties":{"gid":878,"nombre_geografico":"Colector de Petróleo","autoridad_de_fuente":"IGN","fuente_de_captura":"Esri World Imagery/IGN04/Secretaría de Energía de la Nación"},"bbox":[-69.11994007,-37.28595308,-69.11696098,-37.282693]},{"type":"Feature","id":"areas_de_fabricacion_y_procesamiento_AC070.879","geometry":{"type":"MultiPolygon","coordinates":[[[[-69.46809946,-36.8950103],[-69.46874905,-36.89577768],[-69.46939865,-36.89587761],[-69.47018387,-36.89542433],[-69.47030522,-36.89488181],[-69.4698555,-36.89442138],[-69.46926302,-36.89433215],[-69.46809946,-36.8950103]]]]},"geometry_name":"geom","properties":{"gid":879,"nombre_geografico":"Planta de Almacenaje","autoridad_de_fuente":"IGN","fuente_de_captura":"IGN04/Secretaría de Energía de la Nación"},"bbox":[-69.47030522,-36.89587761,-69.46809946,-36.89433215]},{"type":"Feature","id":"areas_de_fabricacion_y_procesamiento_AC070.880","geometry":{"type":"MultiPolygon","coordinates":[[[[-68.97928314,-37.49008338],[-68.97809817,-37.49064017],[-68.97901188,-37.49205357],[-68.98035389,-37.49151105],[-68.97928314,-37.49008338]]]]},"geometry_name":"geom","properties":{"gid":880,"nombre_geografico":"Planta Aguada del Chivato","autoridad_de_fuente":"IGN","fuente_de_captura":"Esri_Word Imagery/IGN Dirección de Geografía/IGN04"},"bbox":[-68.98035389,-37.49205357,-68.97809817,-37.49008338]},{"type":"Feature","id":"areas_de_fabricacion_y_procesamiento_AC070.882","geometry":{"type":"MultiPolygon","coordinates":[[[[-68.91775056,-38.74939646],[-68.91513315,-38.74943929],[-68.91514742,-38.75111919],[-68.91778863,-38.75105256],[-68.91775056,-38.74939646]]]]},"geometry_name":"geom","properties":{"gid":882,"nombre_geografico":"Unidad de Separadora Primaria El Casquete","autoridad_de_fuente":"IGN","fuente_de_captura":"Esri-World_Imagery/IGN04/Subsecretaría de Energía, Minería e Hidrocarburos Pcial."},"bbox":[-68.91778863,-38.75111919,-68.91513315,-38.74939646]},{"type":"Feature","id":"areas_de_fabricacion_y_procesamiento_AC070.883","geometry":{"type":"MultiPolygon","coordinates":[[[[-68.98638056,-38.75956984],[-68.98519558,-38.75919151],[-68.98465307,-38.76024799],[-68.98587373,-38.76062632],[-68.98638056,-38.75956984]]]]},"geometry_name":"geom","properties":{"gid":883,"nombre_geografico":"Unidad Deshidratadora Sierra Barrosa Oeste","autoridad_de_fuente":"IGN","fuente_de_captura":"Esri-World_Imagery/IGN04/Subsecretaría de Energía, Minería e Hidrocarburos Pcial."},"bbox":[-68.98638056,-38.76062632,-68.98465307,-38.75919151]},{"type":"Feature","id":"areas_de_fabricacion_y_procesamiento_AC070.885","geometry":{"type":"MultiPolygon","coordinates":[[[[-68.83620444,-38.74944801],[-68.83625128,-38.74946675],[-68.836335,-38.74950555],[-68.83641583,-38.74955005],[-68.8364934,-38.74960004],[-68.83656732,-38.74965526],[-68.83663725,-38.74971547],[-68.83670284,-38.74978037],[-68.83676379,-38.74984965],[-68.83681981,-38.74992297],[-68.83687062,-38.75],[-68.8371545,-38.75],[-68.837152,-38.75037497],[-68.83769039,-38.75105734],[-68.8377273,-38.75110412],[-68.83785325,-38.7510207],[-68.83916449,-38.75015233],[-68.83904145,-38.75],[-68.83876474,-38.74965741],[-68.83881233,-38.74637375],[-68.83739408,-38.74636623],[-68.83522411,-38.74635471],[-68.83521801,-38.74771912],[-68.83483804,-38.74792121],[-68.83396759,-38.74802242],[-68.83408905,-38.74873093],[-68.8344594,-38.74914555],[-68.83473669,-38.74945599],[-68.83620444,-38.74944801]]]]},"geometry_name":"geom","properties":{"gid":885,"nombre_geografico":"Planta Compresora Aguada Toledo Sierra Barrosa","autoridad_de_fuente":"IGN","fuente_de_captura":"Esri-World_Imagery/IGN01/Secretaría de Energía de la Nación/Dir. Geografía IGN"},"bbox":[-68.83916449,-38.75110412,-68.83396759,-38.74635471]},{"type":"Feature","id":"areas_de_fabricacion_y_procesamiento_AC070.886","geometry":{"type":"MultiPolygon","coordinates":[[[[-68.54729415,-38.67454801],[-68.54697887,-38.67448852],[-68.54630673,-38.67374351],[-68.54612226,-38.67382508],[-68.54632452,-38.67416134],[-68.54619365,-38.67423273],[-68.54603304,-38.67482759],[-68.54718113,-38.67507149],[-68.54729415,-38.67454801]]]]},"geometry_name":"geom","properties":{"gid":886,"nombre_geografico":"Planta de Gas","autoridad_de_fuente":"IGN","fuente_de_captura":"Esri-World_Imagery/IGN01"},"bbox":[-68.54729415,-38.67507149,-68.54603304,-38.67374351]},{"type":"Feature","id":"areas_de_fabricacion_y_procesamiento_AC070.888","geometry":{"type":"MultiPolygon","coordinates":[[[[-69.58978858,-38.26077354],[-69.58980285,-38.26019533],[-69.58841801,-38.26006684],[-69.58838232,-38.26022388],[-69.58688326,-38.2603381],[-69.58687612,-38.2611947],[-69.58690467,-38.2613803],[-69.58753999,-38.26137316],[-69.5875614,-38.26155876],[-69.58896052,-38.26155162],[-69.58901763,-38.26120184],[-69.58907474,-38.26066646],[-69.58978858,-38.26077354]]]]},"geometry_name":"geom","properties":{"gid":888,"nombre_geografico":"Planta Colectora de Gas","autoridad_de_fuente":"IGN","fuente_de_captura":"IGN04/Secretaría de Energía de la Nación"},"bbox":[-69.58980285,-38.26155876,-69.58687612,-38.26006684]},{"type":"Feature","id":"areas_de_fabricacion_y_procesamiento_AC070.889","geometry":{"type":"MultiPolygon","coordinates":[[[[-57.84940137,-51.69590185],[-57.8474336,-51.69599839],[-57.84509935,-51.69696208],[-57.84484237,-51.69715481],[-57.84483523,-51.69734041],[-57.8462629,-51.69753315],[-57.84749993,-51.69761076],[-57.84947267,-51.69768442],[-57.84940137,-51.69590185]]]]},"geometry_name":"geom","properties":{"gid":889,"nombre_geografico":null,"autoridad_de_fuente":"IGN","fuente_de_captura":"Imagery"},"bbox":[-57.84947267,-51.69768442,-57.84483523,-51.69590185]}],"totalFeatures":422,"numberMatched":422,"numberReturned":422,"timeStamp":"2026-06-21T03:41:54.988Z","crs":{"type":"name","properties":{"name":"urn:ogc:def:crs:EPSG::4326"}},"bbox":[-71.46901983,-53.80682039,-54.6438626,-23.2629053]}